id,id_der,scenario,date,value
1,1,1,2023-11-01T00:00:00.0,0.0
2,2,1,2023-11-01T00:00:00.0,0.0
3,3,1,2023-11-01T00:00:00.0,0.0
4,4,1,2023-11-01T00:00:00.0,0.0
5,5,1,2023-11-01T00:00:00.0,0.0
6,1,1,2024-11-01T00:00:00.0,0.0
7,2,1,2024-11-01T00:00:00.0,0.0
8,3,1,2024-11-01T00:00:00.0,0.0
9,4,1,2024-11-01T00:00:00.0,0.0
10,5,1,2024-11-01T00:00:00.0,0.0
11,1,1,2025-11-01T00:00:00.0,0.0
12,2,1,2025-11-01T00:00:00.0,0.0
13,3,1,2025-11-01T00:00:00.0,0.0
14,4,1,2025-11-01T00:00:00.0,0.0
15,5,1,2025-11-01T00:00:00.0,0.0
16,1,1,2026-11-01T00:00:00.0,0.0
17,2,1,2026-11-01T00:00:00.0,0.0
18,3,1,2026-11-01T00:00:00.0,0.0
19,4,1,2026-11-01T00:00:00.0,0.0
20,5,1,2026-11-01T00:00:00.0,0.0
21,1,1,2027-11-01T00:00:00.0,0.0
22,2,1,2027-11-01T00:00:00.0,0.0
23,3,1,2027-11-01T00:00:00.0,0.0
24,4,1,2027-11-01T00:00:00.0,0.0
25,5,1,2027-11-01T00:00:00.0,0.0
26,1,1,2028-11-01T00:00:00.0,0.0
27,2,1,2028-11-01T00:00:00.0,0.0
28,3,1,2028-11-01T00:00:00.0,0.0
29,4,1,2028-11-01T00:00:00.0,0.0
30,5,1,2028-11-01T00:00:00.0,0.0
31,1,1,2029-11-01T00:00:00.0,0.0
32,2,1,2029-11-01T00:00:00.0,0.0
33,3,1,2029-11-01T00:00:00.0,0.0
34,4,1,2029-11-01T00:00:00.0,0.0
35,5,1,2029-11-01T00:00:00.0,0.0
36,1,1,2030-11-01T00:00:00.0,0.0
37,2,1,2030-11-01T00:00:00.0,0.0
38,3,1,2030-11-01T00:00:00.0,0.0
39,4,1,2030-11-01T00:00:00.0,0.0
40,5,1,2030-11-01T00:00:00.0,0.0
41,1,1,2031-11-01T00:00:00.0,0.0
42,2,1,2031-11-01T00:00:00.0,0.0
43,3,1,2031-11-01T00:00:00.0,0.0
44,4,1,2031-11-01T00:00:00.0,0.0
45,5,1,2031-11-01T00:00:00.0,0.0
46,1,1,2032-11-01T00:00:00.0,0.0
47,2,1,2032-11-01T00:00:00.0,0.0
48,3,1,2032-11-01T00:00:00.0,0.0
49,4,1,2032-11-01T00:00:00.0,0.0
50,5,1,2032-11-01T00:00:00.0,0.0
51,1,1,2033-11-01T00:00:00.0,0.0
52,2,1,2033-11-01T00:00:00.0,0.0
53,3,1,2033-11-01T00:00:00.0,0.0
54,4,1,2033-11-01T00:00:00.0,0.0
55,5,1,2033-11-01T00:00:00.0,0.0
56,1,1,2034-11-01T00:00:00.0,0.0
57,2,1,2034-11-01T00:00:00.0,0.0
58,3,1,2034-11-01T00:00:00.0,0.0
59,4,1,2034-11-01T00:00:00.0,0.0
60,5,1,2034-11-01T00:00:00.0,0.0
61,1,1,2035-11-01T00:00:00.0,0.0
62,2,1,2035-11-01T00:00:00.0,0.0
63,3,1,2035-11-01T00:00:00.0,0.0
64,4,1,2035-11-01T00:00:00.0,0.0
65,5,1,2035-11-01T00:00:00.0,0.0
66,1,1,2036-11-01T00:00:00.0,0.0
67,2,1,2036-11-01T00:00:00.0,0.0
68,3,1,2036-11-01T00:00:00.0,0.0
69,4,1,2036-11-01T00:00:00.0,0.0
70,5,1,2036-11-01T00:00:00.0,0.0
71,1,1,2037-11-01T00:00:00.0,0.0
72,2,1,2037-11-01T00:00:00.0,0.0
73,3,1,2037-11-01T00:00:00.0,0.0
74,4,1,2037-11-01T00:00:00.0,0.0
75,5,1,2037-11-01T00:00:00.0,0.0
76,1,1,2038-11-01T00:00:00.0,0.0
77,2,1,2038-11-01T00:00:00.0,0.0
78,3,1,2038-11-01T00:00:00.0,0.0
79,4,1,2038-11-01T00:00:00.0,0.0
80,5,1,2038-11-01T00:00:00.0,0.0
81,1,1,2039-11-01T00:00:00.0,0.0
82,2,1,2039-11-01T00:00:00.0,0.0
83,3,1,2039-11-01T00:00:00.0,0.0
84,4,1,2039-11-01T00:00:00.0,0.0
85,5,1,2039-11-01T00:00:00.0,0.0
86,1,1,2040-11-01T00:00:00.0,0.0
87,2,1,2040-11-01T00:00:00.0,0.0
88,3,1,2040-11-01T00:00:00.0,0.0
89,4,1,2040-11-01T00:00:00.0,0.0
90,5,1,2040-11-01T00:00:00.0,0.0
91,1,1,2041-11-01T00:00:00.0,0.0
92,2,1,2041-11-01T00:00:00.0,0.0
93,3,1,2041-11-01T00:00:00.0,0.0
94,4,1,2041-11-01T00:00:00.0,0.0
95,5,1,2041-11-01T00:00:00.0,0.0
96,1,1,2042-11-01T00:00:00.0,0.0
97,2,1,2042-11-01T00:00:00.0,0.0
98,3,1,2042-11-01T00:00:00.0,0.0
99,4,1,2042-11-01T00:00:00.0,0.0
100,5,1,2042-11-01T00:00:00.0,0.0
101,1,1,2043-11-01T00:00:00.0,0.0
102,2,1,2043-11-01T00:00:00.0,0.0
103,3,1,2043-11-01T00:00:00.0,0.0
104,4,1,2043-11-01T00:00:00.0,0.0
105,5,1,2043-11-01T00:00:00.0,0.0
106,1,1,2044-11-01T00:00:00.0,0.0
107,2,1,2044-11-01T00:00:00.0,0.0
108,3,1,2044-11-01T00:00:00.0,0.0
109,4,1,2044-11-01T00:00:00.0,0.0
110,5,1,2044-11-01T00:00:00.0,0.0
111,1,1,2045-11-01T00:00:00.0,0.0
112,2,1,2045-11-01T00:00:00.0,0.0
113,3,1,2045-11-01T00:00:00.0,0.0
114,4,1,2045-11-01T00:00:00.0,0.0
115,5,1,2045-11-01T00:00:00.0,0.0
116,1,1,2046-11-01T00:00:00.0,0.0
117,2,1,2046-11-01T00:00:00.0,0.0
118,3,1,2046-11-01T00:00:00.0,0.0
119,4,1,2046-11-01T00:00:00.0,0.0
120,5,1,2046-11-01T00:00:00.0,0.0
121,1,1,2047-11-01T00:00:00.0,0.0
122,2,1,2047-11-01T00:00:00.0,0.0
123,3,1,2047-11-01T00:00:00.0,0.0
124,4,1,2047-11-01T00:00:00.0,0.0
125,5,1,2047-11-01T00:00:00.0,0.0
126,1,1,2048-11-01T00:00:00.0,0.0
127,2,1,2048-11-01T00:00:00.0,0.0
128,3,1,2048-11-01T00:00:00.0,0.0
129,4,1,2048-11-01T00:00:00.0,0.0
130,5,1,2048-11-01T00:00:00.0,0.0
131,1,1,2049-11-01T00:00:00.0,0.0
132,2,1,2049-11-01T00:00:00.0,0.0
133,3,1,2049-11-01T00:00:00.0,0.0
134,4,1,2049-11-01T00:00:00.0,0.0
135,5,1,2049-11-01T00:00:00.0,0.0
136,1,1,2050-11-01T00:00:00.0,0.0
137,2,1,2050-11-01T00:00:00.0,0.0
138,3,1,2050-11-01T00:00:00.0,0.0
139,4,1,2050-11-01T00:00:00.0,0.0
140,5,1,2050-11-01T00:00:00.0,0.0
141,1,1,2051-11-01T00:00:00.0,0.0
142,2,1,2051-11-01T00:00:00.0,0.0
143,3,1,2051-11-01T00:00:00.0,0.0
144,4,1,2051-11-01T00:00:00.0,0.0
145,5,1,2051-11-01T00:00:00.0,0.0
146,1,1,2052-11-01T00:00:00.0,0.0
147,2,1,2052-11-01T00:00:00.0,0.0
148,3,1,2052-11-01T00:00:00.0,0.0
149,4,1,2052-11-01T00:00:00.0,0.0
150,5,1,2052-11-01T00:00:00.0,0.0
151,1,1,2053-11-01T00:00:00.0,0.0
152,2,1,2053-11-01T00:00:00.0,0.0
153,3,1,2053-11-01T00:00:00.0,0.0
154,4,1,2053-11-01T00:00:00.0,0.0
155,5,1,2053-11-01T00:00:00.0,0.0
156,1,1,2024-04-01T00:00:00.0,0.0
157,2,1,2024-04-01T00:00:00.0,0.0
158,3,1,2024-04-01T00:00:00.0,0.0
159,4,1,2024-04-01T00:00:00.0,0.0
160,5,1,2024-04-01T00:00:00.0,0.0
161,1,1,2025-04-01T00:00:00.0,0.0
162,2,1,2025-04-01T00:00:00.0,0.0
163,3,1,2025-04-01T00:00:00.0,0.0
164,4,1,2025-04-01T00:00:00.0,0.0
165,5,1,2025-04-01T00:00:00.0,0.0
166,1,1,2026-04-01T00:00:00.0,0.0
167,2,1,2026-04-01T00:00:00.0,0.0
168,3,1,2026-04-01T00:00:00.0,0.0
169,4,1,2026-04-01T00:00:00.0,0.0
170,5,1,2026-04-01T00:00:00.0,0.0
171,1,1,2027-04-01T00:00:00.0,0.0
172,2,1,2027-04-01T00:00:00.0,0.0
173,3,1,2027-04-01T00:00:00.0,0.0
174,4,1,2027-04-01T00:00:00.0,0.0
175,5,1,2027-04-01T00:00:00.0,0.0
176,1,1,2028-04-01T00:00:00.0,0.0
177,2,1,2028-04-01T00:00:00.0,0.0
178,3,1,2028-04-01T00:00:00.0,0.0
179,4,1,2028-04-01T00:00:00.0,0.0
180,5,1,2028-04-01T00:00:00.0,0.0
181,1,1,2029-04-01T00:00:00.0,0.0
182,2,1,2029-04-01T00:00:00.0,0.0
183,3,1,2029-04-01T00:00:00.0,0.0
184,4,1,2029-04-01T00:00:00.0,0.0
185,5,1,2029-04-01T00:00:00.0,0.0
186,1,1,2030-04-01T00:00:00.0,0.0
187,2,1,2030-04-01T00:00:00.0,0.0
188,3,1,2030-04-01T00:00:00.0,0.0
189,4,1,2030-04-01T00:00:00.0,0.0
190,5,1,2030-04-01T00:00:00.0,0.0
191,1,1,2031-04-01T00:00:00.0,0.0
192,2,1,2031-04-01T00:00:00.0,0.0
193,3,1,2031-04-01T00:00:00.0,0.0
194,4,1,2031-04-01T00:00:00.0,0.0
195,5,1,2031-04-01T00:00:00.0,-0.0
196,1,1,2032-04-01T00:00:00.0,0.0
197,2,1,2032-04-01T00:00:00.0,0.0
198,3,1,2032-04-01T00:00:00.0,0.0
199,4,1,2032-04-01T00:00:00.0,0.0
200,5,1,2032-04-01T00:00:00.0,0.0
201,1,1,2033-04-01T00:00:00.0,0.0
202,2,1,2033-04-01T00:00:00.0,0.0
203,3,1,2033-04-01T00:00:00.0,0.0
204,4,1,2033-04-01T00:00:00.0,0.0
205,5,1,2033-04-01T00:00:00.0,0.0
206,1,1,2034-04-01T00:00:00.0,0.0
207,2,1,2034-04-01T00:00:00.0,0.0
208,3,1,2034-04-01T00:00:00.0,0.0
209,4,1,2034-04-01T00:00:00.0,0.0
210,5,1,2034-04-01T00:00:00.0,0.0
211,1,1,2035-04-01T00:00:00.0,0.0
212,2,1,2035-04-01T00:00:00.0,0.0
213,3,1,2035-04-01T00:00:00.0,0.0
214,4,1,2035-04-01T00:00:00.0,0.0
215,5,1,2035-04-01T00:00:00.0,-0.0
216,1,1,2036-04-01T00:00:00.0,0.0
217,2,1,2036-04-01T00:00:00.0,0.0
218,3,1,2036-04-01T00:00:00.0,0.0
219,4,1,2036-04-01T00:00:00.0,0.0
220,5,1,2036-04-01T00:00:00.0,0.0
221,1,1,2037-04-01T00:00:00.0,0.0
222,2,1,2037-04-01T00:00:00.0,0.0
223,3,1,2037-04-01T00:00:00.0,0.0
224,4,1,2037-04-01T00:00:00.0,0.0
225,5,1,2037-04-01T00:00:00.0,0.0
226,1,1,2038-04-01T00:00:00.0,0.0
227,2,1,2038-04-01T00:00:00.0,0.0
228,3,1,2038-04-01T00:00:00.0,0.0
229,4,1,2038-04-01T00:00:00.0,0.0
230,5,1,2038-04-01T00:00:00.0,-0.0
231,1,1,2039-04-01T00:00:00.0,0.0
232,2,1,2039-04-01T00:00:00.0,0.0
233,3,1,2039-04-01T00:00:00.0,0.0
234,4,1,2039-04-01T00:00:00.0,0.0
235,5,1,2039-04-01T00:00:00.0,0.0
236,1,1,2040-04-01T00:00:00.0,0.0
237,2,1,2040-04-01T00:00:00.0,0.0
238,3,1,2040-04-01T00:00:00.0,0.0
239,4,1,2040-04-01T00:00:00.0,0.0
240,5,1,2040-04-01T00:00:00.0,0.0
241,1,1,2041-04-01T00:00:00.0,0.0
242,2,1,2041-04-01T00:00:00.0,0.0
243,3,1,2041-04-01T00:00:00.0,0.0
244,4,1,2041-04-01T00:00:00.0,0.0
245,5,1,2041-04-01T00:00:00.0,0.0
246,1,1,2042-04-01T00:00:00.0,0.0
247,2,1,2042-04-01T00:00:00.0,0.0
248,3,1,2042-04-01T00:00:00.0,0.0
249,4,1,2042-04-01T00:00:00.0,0.0
250,5,1,2042-04-01T00:00:00.0,0.0
251,1,1,2043-04-01T00:00:00.0,0.0
252,2,1,2043-04-01T00:00:00.0,0.0
253,3,1,2043-04-01T00:00:00.0,0.0
254,4,1,2043-04-01T00:00:00.0,0.0
255,5,1,2043-04-01T00:00:00.0,0.0
256,1,1,2044-04-01T00:00:00.0,0.0
257,2,1,2044-04-01T00:00:00.0,0.0
258,3,1,2044-04-01T00:00:00.0,0.0
259,4,1,2044-04-01T00:00:00.0,0.0
260,5,1,2044-04-01T00:00:00.0,-0.0
261,1,1,2045-04-01T00:00:00.0,0.0
262,2,1,2045-04-01T00:00:00.0,0.0
263,3,1,2045-04-01T00:00:00.0,0.0
264,4,1,2045-04-01T00:00:00.0,0.0
265,5,1,2045-04-01T00:00:00.0,-0.0
266,1,1,2046-04-01T00:00:00.0,0.0
267,2,1,2046-04-01T00:00:00.0,0.0
268,3,1,2046-04-01T00:00:00.0,0.0
269,4,1,2046-04-01T00:00:00.0,0.0
270,5,1,2046-04-01T00:00:00.0,0.0
271,1,1,2047-04-01T00:00:00.0,0.0
272,2,1,2047-04-01T00:00:00.0,0.0
273,3,1,2047-04-01T00:00:00.0,0.0
274,4,1,2047-04-01T00:00:00.0,0.0
275,5,1,2047-04-01T00:00:00.0,-0.0
276,1,1,2048-04-01T00:00:00.0,0.0
277,2,1,2048-04-01T00:00:00.0,0.0
278,3,1,2048-04-01T00:00:00.0,0.0
279,4,1,2048-04-01T00:00:00.0,0.0
280,5,1,2048-04-01T00:00:00.0,-0.0
281,1,1,2049-04-01T00:00:00.0,0.0
282,2,1,2049-04-01T00:00:00.0,0.0
283,3,1,2049-04-01T00:00:00.0,0.0
284,4,1,2049-04-01T00:00:00.0,0.0
285,5,1,2049-04-01T00:00:00.0,0.0
286,1,1,2050-04-01T00:00:00.0,0.0
287,2,1,2050-04-01T00:00:00.0,0.0
288,3,1,2050-04-01T00:00:00.0,0.0
289,4,1,2050-04-01T00:00:00.0,0.0
290,5,1,2050-04-01T00:00:00.0,0.0
291,1,1,2051-04-01T00:00:00.0,0.0
292,2,1,2051-04-01T00:00:00.0,0.0
293,3,1,2051-04-01T00:00:00.0,0.0
294,4,1,2051-04-01T00:00:00.0,0.0
295,5,1,2051-04-01T00:00:00.0,0.0
296,1,1,2052-04-01T00:00:00.0,0.0
297,2,1,2052-04-01T00:00:00.0,0.0
298,3,1,2052-04-01T00:00:00.0,0.0
299,4,1,2052-04-01T00:00:00.0,0.0
300,5,1,2052-04-01T00:00:00.0,0.0
301,1,1,2053-04-01T00:00:00.0,0.0
302,2,1,2053-04-01T00:00:00.0,0.0
303,3,1,2053-04-01T00:00:00.0,0.0
304,4,1,2053-04-01T00:00:00.0,0.0
305,5,1,2053-04-01T00:00:00.0,0.0
306,1,1,2054-04-01T00:00:00.0,0.0
307,2,1,2054-04-01T00:00:00.0,0.0
308,3,1,2054-04-01T00:00:00.0,0.0
309,4,1,2054-04-01T00:00:00.0,0.0
310,5,1,2054-04-01T00:00:00.0,-0.0
311,6,1,2023-11-01T00:00:00.0,0.0
312,7,1,2023-11-01T00:00:00.0,0.0
313,8,1,2023-11-01T00:00:00.0,0.0
314,9,1,2023-11-01T00:00:00.0,0.0
315,10,1,2023-11-01T00:00:00.0,0.0
316,6,1,2024-11-01T00:00:00.0,0.0
317,7,1,2024-11-01T00:00:00.0,0.0
318,8,1,2024-11-01T00:00:00.0,0.0
319,9,1,2024-11-01T00:00:00.0,0.0
320,10,1,2024-11-01T00:00:00.0,0.0
321,6,1,2025-11-01T00:00:00.0,0.0
322,7,1,2025-11-01T00:00:00.0,0.0
323,8,1,2025-11-01T00:00:00.0,0.0
324,9,1,2025-11-01T00:00:00.0,0.0
325,10,1,2025-11-01T00:00:00.0,0.0
326,6,1,2026-11-01T00:00:00.0,0.0
327,7,1,2026-11-01T00:00:00.0,0.0
328,8,1,2026-11-01T00:00:00.0,0.0
329,9,1,2026-11-01T00:00:00.0,0.0
330,10,1,2026-11-01T00:00:00.0,0.0
331,6,1,2027-11-01T00:00:00.0,0.0
332,7,1,2027-11-01T00:00:00.0,0.0
333,8,1,2027-11-01T00:00:00.0,0.0
334,9,1,2027-11-01T00:00:00.0,0.0
335,10,1,2027-11-01T00:00:00.0,0.0
336,6,1,2028-11-01T00:00:00.0,0.0
337,7,1,2028-11-01T00:00:00.0,0.0
338,8,1,2028-11-01T00:00:00.0,0.0
339,9,1,2028-11-01T00:00:00.0,0.0
340,10,1,2028-11-01T00:00:00.0,0.0
341,6,1,2029-11-01T00:00:00.0,0.0
342,7,1,2029-11-01T00:00:00.0,0.0
343,8,1,2029-11-01T00:00:00.0,0.0
344,9,1,2029-11-01T00:00:00.0,0.0
345,10,1,2029-11-01T00:00:00.0,0.0
346,6,1,2030-11-01T00:00:00.0,0.0
347,7,1,2030-11-01T00:00:00.0,0.0
348,8,1,2030-11-01T00:00:00.0,0.0
349,9,1,2030-11-01T00:00:00.0,0.0
350,10,1,2030-11-01T00:00:00.0,0.0
351,6,1,2031-11-01T00:00:00.0,0.0
352,7,1,2031-11-01T00:00:00.0,0.0
353,8,1,2031-11-01T00:00:00.0,0.0
354,9,1,2031-11-01T00:00:00.0,0.0
355,10,1,2031-11-01T00:00:00.0,0.0
356,6,1,2032-11-01T00:00:00.0,0.0
357,7,1,2032-11-01T00:00:00.0,0.0
358,8,1,2032-11-01T00:00:00.0,0.0
359,9,1,2032-11-01T00:00:00.0,0.0
360,10,1,2032-11-01T00:00:00.0,0.0
361,6,1,2033-11-01T00:00:00.0,0.0
362,7,1,2033-11-01T00:00:00.0,0.0
363,8,1,2033-11-01T00:00:00.0,0.0
364,9,1,2033-11-01T00:00:00.0,0.0
365,10,1,2033-11-01T00:00:00.0,0.0
366,6,1,2034-11-01T00:00:00.0,0.0
367,7,1,2034-11-01T00:00:00.0,0.0
368,8,1,2034-11-01T00:00:00.0,0.0
369,9,1,2034-11-01T00:00:00.0,0.0
370,10,1,2034-11-01T00:00:00.0,0.0
371,6,1,2035-11-01T00:00:00.0,0.0
372,7,1,2035-11-01T00:00:00.0,0.0
373,8,1,2035-11-01T00:00:00.0,0.0
374,9,1,2035-11-01T00:00:00.0,0.0
375,10,1,2035-11-01T00:00:00.0,0.0
376,6,1,2036-11-01T00:00:00.0,0.0
377,7,1,2036-11-01T00:00:00.0,0.0
378,8,1,2036-11-01T00:00:00.0,0.0
379,9,1,2036-11-01T00:00:00.0,0.0
380,10,1,2036-11-01T00:00:00.0,0.0
381,6,1,2037-11-01T00:00:00.0,0.0
382,7,1,2037-11-01T00:00:00.0,0.0
383,8,1,2037-11-01T00:00:00.0,0.0
384,9,1,2037-11-01T00:00:00.0,0.0
385,10,1,2037-11-01T00:00:00.0,0.0
386,6,1,2038-11-01T00:00:00.0,0.0
387,7,1,2038-11-01T00:00:00.0,0.0
388,8,1,2038-11-01T00:00:00.0,0.0
389,9,1,2038-11-01T00:00:00.0,0.0
390,10,1,2038-11-01T00:00:00.0,0.0
391,6,1,2039-11-01T00:00:00.0,0.0
392,7,1,2039-11-01T00:00:00.0,0.0
393,8,1,2039-11-01T00:00:00.0,0.0
394,9,1,2039-11-01T00:00:00.0,0.0
395,10,1,2039-11-01T00:00:00.0,0.0
396,6,1,2040-11-01T00:00:00.0,0.0
397,7,1,2040-11-01T00:00:00.0,0.0
398,8,1,2040-11-01T00:00:00.0,0.0
399,9,1,2040-11-01T00:00:00.0,0.0
400,10,1,2040-11-01T00:00:00.0,0.0
401,6,1,2041-11-01T00:00:00.0,0.0
402,7,1,2041-11-01T00:00:00.0,0.0
403,8,1,2041-11-01T00:00:00.0,0.0
404,9,1,2041-11-01T00:00:00.0,0.0
405,10,1,2041-11-01T00:00:00.0,0.0
406,6,1,2042-11-01T00:00:00.0,0.0
407,7,1,2042-11-01T00:00:00.0,0.0
408,8,1,2042-11-01T00:00:00.0,0.0
409,9,1,2042-11-01T00:00:00.0,0.0
410,10,1,2042-11-01T00:00:00.0,0.0
411,6,1,2043-11-01T00:00:00.0,0.0
412,7,1,2043-11-01T00:00:00.0,0.0
413,8,1,2043-11-01T00:00:00.0,0.0
414,9,1,2043-11-01T00:00:00.0,0.0
415,10,1,2043-11-01T00:00:00.0,0.0
416,6,1,2044-11-01T00:00:00.0,0.0
417,7,1,2044-11-01T00:00:00.0,0.0
418,8,1,2044-11-01T00:00:00.0,0.0
419,9,1,2044-11-01T00:00:00.0,0.0
420,10,1,2044-11-01T00:00:00.0,0.0
421,6,1,2045-11-01T00:00:00.0,0.0
422,7,1,2045-11-01T00:00:00.0,0.0
423,8,1,2045-11-01T00:00:00.0,0.0
424,9,1,2045-11-01T00:00:00.0,0.0
425,10,1,2045-11-01T00:00:00.0,0.0
426,6,1,2046-11-01T00:00:00.0,0.0
427,7,1,2046-11-01T00:00:00.0,0.0
428,8,1,2046-11-01T00:00:00.0,0.0
429,9,1,2046-11-01T00:00:00.0,0.0
430,10,1,2046-11-01T00:00:00.0,0.0
431,6,1,2047-11-01T00:00:00.0,0.0
432,7,1,2047-11-01T00:00:00.0,0.0
433,8,1,2047-11-01T00:00:00.0,0.0
434,9,1,2047-11-01T00:00:00.0,0.0
435,10,1,2047-11-01T00:00:00.0,0.0
436,6,1,2048-11-01T00:00:00.0,0.0
437,7,1,2048-11-01T00:00:00.0,0.0
438,8,1,2048-11-01T00:00:00.0,0.0
439,9,1,2048-11-01T00:00:00.0,0.0
440,10,1,2048-11-01T00:00:00.0,0.0
441,6,1,2049-11-01T00:00:00.0,0.0
442,7,1,2049-11-01T00:00:00.0,0.0
443,8,1,2049-11-01T00:00:00.0,0.0
444,9,1,2049-11-01T00:00:00.0,0.0
445,10,1,2049-11-01T00:00:00.0,0.0
446,6,1,2050-11-01T00:00:00.0,0.0
447,7,1,2050-11-01T00:00:00.0,0.0
448,8,1,2050-11-01T00:00:00.0,0.0
449,9,1,2050-11-01T00:00:00.0,0.0
450,10,1,2050-11-01T00:00:00.0,0.0
451,6,1,2051-11-01T00:00:00.0,0.0
452,7,1,2051-11-01T00:00:00.0,0.0
453,8,1,2051-11-01T00:00:00.0,0.0
454,9,1,2051-11-01T00:00:00.0,0.0
455,10,1,2051-11-01T00:00:00.0,0.0
456,6,1,2052-11-01T00:00:00.0,0.0
457,7,1,2052-11-01T00:00:00.0,0.0
458,8,1,2052-11-01T00:00:00.0,0.0
459,9,1,2052-11-01T00:00:00.0,0.0
460,10,1,2052-11-01T00:00:00.0,0.0
461,6,1,2053-11-01T00:00:00.0,0.0
462,7,1,2053-11-01T00:00:00.0,0.0
463,8,1,2053-11-01T00:00:00.0,0.0
464,9,1,2053-11-01T00:00:00.0,0.0
465,10,1,2053-11-01T00:00:00.0,0.0
466,6,1,2024-04-01T00:00:00.0,0.0
467,7,1,2024-04-01T00:00:00.0,0.0
468,8,1,2024-04-01T00:00:00.0,0.0
469,9,1,2024-04-01T00:00:00.0,0.0
470,10,1,2024-04-01T00:00:00.0,0.0
471,6,1,2025-04-01T00:00:00.0,0.0
472,7,1,2025-04-01T00:00:00.0,0.0
473,8,1,2025-04-01T00:00:00.0,0.0
474,9,1,2025-04-01T00:00:00.0,0.0
475,10,1,2025-04-01T00:00:00.0,0.0
476,6,1,2026-04-01T00:00:00.0,0.0
477,7,1,2026-04-01T00:00:00.0,0.0
478,8,1,2026-04-01T00:00:00.0,0.0
479,9,1,2026-04-01T00:00:00.0,0.0
480,10,1,2026-04-01T00:00:00.0,0.0
481,6,1,2027-04-01T00:00:00.0,0.0
482,7,1,2027-04-01T00:00:00.0,0.0
483,8,1,2027-04-01T00:00:00.0,0.0
484,9,1,2027-04-01T00:00:00.0,0.0
485,10,1,2027-04-01T00:00:00.0,0.0
486,6,1,2028-04-01T00:00:00.0,0.0
487,7,1,2028-04-01T00:00:00.0,0.0
488,8,1,2028-04-01T00:00:00.0,0.0
489,9,1,2028-04-01T00:00:00.0,0.0
490,10,1,2028-04-01T00:00:00.0,0.0
491,6,1,2029-04-01T00:00:00.0,0.0
492,7,1,2029-04-01T00:00:00.0,0.0
493,8,1,2029-04-01T00:00:00.0,0.0
494,9,1,2029-04-01T00:00:00.0,0.0
495,10,1,2029-04-01T00:00:00.0,0.0
496,6,1,2030-04-01T00:00:00.0,0.0
497,7,1,2030-04-01T00:00:00.0,0.0
498,8,1,2030-04-01T00:00:00.0,0.0
499,9,1,2030-04-01T00:00:00.0,0.0
500,10,1,2030-04-01T00:00:00.0,0.0
501,6,1,2031-04-01T00:00:00.0,0.0
502,7,1,2031-04-01T00:00:00.0,0.0
503,8,1,2031-04-01T00:00:00.0,0.0
504,9,1,2031-04-01T00:00:00.0,0.0
505,10,1,2031-04-01T00:00:00.0,-0.0
506,6,1,2032-04-01T00:00:00.0,0.0
507,7,1,2032-04-01T00:00:00.0,0.0
508,8,1,2032-04-01T00:00:00.0,0.0
509,9,1,2032-04-01T00:00:00.0,0.0
510,10,1,2032-04-01T00:00:00.0,0.0
511,6,1,2033-04-01T00:00:00.0,0.0
512,7,1,2033-04-01T00:00:00.0,0.0
513,8,1,2033-04-01T00:00:00.0,0.0
514,9,1,2033-04-01T00:00:00.0,0.0
515,10,1,2033-04-01T00:00:00.0,0.0
516,6,1,2034-04-01T00:00:00.0,0.0
517,7,1,2034-04-01T00:00:00.0,0.0
518,8,1,2034-04-01T00:00:00.0,0.0
519,9,1,2034-04-01T00:00:00.0,0.0
520,10,1,2034-04-01T00:00:00.0,0.0
521,6,1,2035-04-01T00:00:00.0,0.0
522,7,1,2035-04-01T00:00:00.0,0.0
523,8,1,2035-04-01T00:00:00.0,0.0
524,9,1,2035-04-01T00:00:00.0,0.0
525,10,1,2035-04-01T00:00:00.0,-0.0
526,6,1,2036-04-01T00:00:00.0,0.0
527,7,1,2036-04-01T00:00:00.0,0.0
528,8,1,2036-04-01T00:00:00.0,0.0
529,9,1,2036-04-01T00:00:00.0,0.0
530,10,1,2036-04-01T00:00:00.0,0.0
531,6,1,2037-04-01T00:00:00.0,0.0
532,7,1,2037-04-01T00:00:00.0,0.0
533,8,1,2037-04-01T00:00:00.0,0.0
534,9,1,2037-04-01T00:00:00.0,0.0
535,10,1,2037-04-01T00:00:00.0,0.0
536,6,1,2038-04-01T00:00:00.0,0.0
537,7,1,2038-04-01T00:00:00.0,0.0
538,8,1,2038-04-01T00:00:00.0,0.0
539,9,1,2038-04-01T00:00:00.0,0.0
540,10,1,2038-04-01T00:00:00.0,-0.0
541,6,1,2039-04-01T00:00:00.0,0.0
542,7,1,2039-04-01T00:00:00.0,0.0
543,8,1,2039-04-01T00:00:00.0,0.0
544,9,1,2039-04-01T00:00:00.0,0.0
545,10,1,2039-04-01T00:00:00.0,0.0
546,6,1,2040-04-01T00:00:00.0,0.0
547,7,1,2040-04-01T00:00:00.0,0.0
548,8,1,2040-04-01T00:00:00.0,0.0
549,9,1,2040-04-01T00:00:00.0,0.0
550,10,1,2040-04-01T00:00:00.0,0.0
551,6,1,2041-04-01T00:00:00.0,0.0
552,7,1,2041-04-01T00:00:00.0,0.0
553,8,1,2041-04-01T00:00:00.0,0.0
554,9,1,2041-04-01T00:00:00.0,0.0
555,10,1,2041-04-01T00:00:00.0,0.0
556,6,1,2042-04-01T00:00:00.0,0.0
557,7,1,2042-04-01T00:00:00.0,0.0
558,8,1,2042-04-01T00:00:00.0,0.0
559,9,1,2042-04-01T00:00:00.0,0.0
560,10,1,2042-04-01T00:00:00.0,0.0
561,6,1,2043-04-01T00:00:00.0,0.0
562,7,1,2043-04-01T00:00:00.0,0.0
563,8,1,2043-04-01T00:00:00.0,0.0
564,9,1,2043-04-01T00:00:00.0,0.0
565,10,1,2043-04-01T00:00:00.0,0.0
566,6,1,2044-04-01T00:00:00.0,0.0
567,7,1,2044-04-01T00:00:00.0,0.0
568,8,1,2044-04-01T00:00:00.0,0.0
569,9,1,2044-04-01T00:00:00.0,0.0
570,10,1,2044-04-01T00:00:00.0,-0.0
571,6,1,2045-04-01T00:00:00.0,0.0
572,7,1,2045-04-01T00:00:00.0,0.0
573,8,1,2045-04-01T00:00:00.0,0.0
574,9,1,2045-04-01T00:00:00.0,0.0
575,10,1,2045-04-01T00:00:00.0,-0.0
576,6,1,2046-04-01T00:00:00.0,0.0
577,7,1,2046-04-01T00:00:00.0,0.0
578,8,1,2046-04-01T00:00:00.0,0.0
579,9,1,2046-04-01T00:00:00.0,0.0
580,10,1,2046-04-01T00:00:00.0,0.0
581,6,1,2047-04-01T00:00:00.0,0.0
582,7,1,2047-04-01T00:00:00.0,0.0
583,8,1,2047-04-01T00:00:00.0,0.0
584,9,1,2047-04-01T00:00:00.0,0.0
585,10,1,2047-04-01T00:00:00.0,-0.0
586,6,1,2048-04-01T00:00:00.0,0.0
587,7,1,2048-04-01T00:00:00.0,0.0
588,8,1,2048-04-01T00:00:00.0,0.0
589,9,1,2048-04-01T00:00:00.0,0.0
590,10,1,2048-04-01T00:00:00.0,-0.0
591,6,1,2049-04-01T00:00:00.0,0.0
592,7,1,2049-04-01T00:00:00.0,0.0
593,8,1,2049-04-01T00:00:00.0,0.0
594,9,1,2049-04-01T00:00:00.0,0.0
595,10,1,2049-04-01T00:00:00.0,0.0
596,6,1,2050-04-01T00:00:00.0,0.0
597,7,1,2050-04-01T00:00:00.0,0.0
598,8,1,2050-04-01T00:00:00.0,0.0
599,9,1,2050-04-01T00:00:00.0,0.0
600,10,1,2050-04-01T00:00:00.0,0.0
601,6,1,2051-04-01T00:00:00.0,0.0
602,7,1,2051-04-01T00:00:00.0,0.0
603,8,1,2051-04-01T00:00:00.0,0.0
604,9,1,2051-04-01T00:00:00.0,0.0
605,10,1,2051-04-01T00:00:00.0,0.0
606,6,1,2052-04-01T00:00:00.0,0.0
607,7,1,2052-04-01T00:00:00.0,0.0
608,8,1,2052-04-01T00:00:00.0,0.0
609,9,1,2052-04-01T00:00:00.0,0.0
610,10,1,2052-04-01T00:00:00.0,0.0
611,6,1,2053-04-01T00:00:00.0,0.0
612,7,1,2053-04-01T00:00:00.0,0.0
613,8,1,2053-04-01T00:00:00.0,0.0
614,9,1,2053-04-01T00:00:00.0,0.0
615,10,1,2053-04-01T00:00:00.0,0.0
616,6,1,2054-04-01T00:00:00.0,0.0
617,7,1,2054-04-01T00:00:00.0,0.0
618,8,1,2054-04-01T00:00:00.0,0.0
619,9,1,2054-04-01T00:00:00.0,0.0
620,10,1,2054-04-01T00:00:00.0,-0.0
621,11,1,2023-11-01T00:00:00.0,0.0
622,12,1,2023-11-01T00:00:00.0,0.0
623,13,1,2023-11-01T00:00:00.0,0.0
624,14,1,2023-11-01T00:00:00.0,0.0
625,15,1,2023-11-01T00:00:00.0,0.0
626,11,1,2024-11-01T00:00:00.0,0.0
627,12,1,2024-11-01T00:00:00.0,0.0
628,13,1,2024-11-01T00:00:00.0,0.0
629,14,1,2024-11-01T00:00:00.0,0.0
630,15,1,2024-11-01T00:00:00.0,0.0
631,11,1,2025-11-01T00:00:00.0,0.0
632,12,1,2025-11-01T00:00:00.0,0.0
633,13,1,2025-11-01T00:00:00.0,0.0
634,14,1,2025-11-01T00:00:00.0,0.0
635,15,1,2025-11-01T00:00:00.0,0.0
636,11,1,2026-11-01T00:00:00.0,0.0
637,12,1,2026-11-01T00:00:00.0,0.0
638,13,1,2026-11-01T00:00:00.0,0.0
639,14,1,2026-11-01T00:00:00.0,0.0
640,15,1,2026-11-01T00:00:00.0,0.0
641,11,1,2027-11-01T00:00:00.0,0.0
642,12,1,2027-11-01T00:00:00.0,0.0
643,13,1,2027-11-01T00:00:00.0,0.0
644,14,1,2027-11-01T00:00:00.0,0.0
645,15,1,2027-11-01T00:00:00.0,0.0
646,11,1,2028-11-01T00:00:00.0,0.0
647,12,1,2028-11-01T00:00:00.0,0.0
648,13,1,2028-11-01T00:00:00.0,0.0
649,14,1,2028-11-01T00:00:00.0,0.0
650,15,1,2028-11-01T00:00:00.0,0.0
651,11,1,2029-11-01T00:00:00.0,0.0
652,12,1,2029-11-01T00:00:00.0,0.0
653,13,1,2029-11-01T00:00:00.0,0.0
654,14,1,2029-11-01T00:00:00.0,0.0
655,15,1,2029-11-01T00:00:00.0,0.0
656,11,1,2030-11-01T00:00:00.0,0.0
657,12,1,2030-11-01T00:00:00.0,0.0
658,13,1,2030-11-01T00:00:00.0,0.0
659,14,1,2030-11-01T00:00:00.0,0.0
660,15,1,2030-11-01T00:00:00.0,0.0
661,11,1,2031-11-01T00:00:00.0,0.0
662,12,1,2031-11-01T00:00:00.0,0.0
663,13,1,2031-11-01T00:00:00.0,0.0
664,14,1,2031-11-01T00:00:00.0,0.0
665,15,1,2031-11-01T00:00:00.0,0.0
666,11,1,2032-11-01T00:00:00.0,0.0
667,12,1,2032-11-01T00:00:00.0,0.0
668,13,1,2032-11-01T00:00:00.0,0.0
669,14,1,2032-11-01T00:00:00.0,0.0
670,15,1,2032-11-01T00:00:00.0,0.0
671,11,1,2033-11-01T00:00:00.0,0.0
672,12,1,2033-11-01T00:00:00.0,0.0
673,13,1,2033-11-01T00:00:00.0,0.0
674,14,1,2033-11-01T00:00:00.0,0.0
675,15,1,2033-11-01T00:00:00.0,0.0
676,11,1,2034-11-01T00:00:00.0,0.0
677,12,1,2034-11-01T00:00:00.0,0.0
678,13,1,2034-11-01T00:00:00.0,0.0
679,14,1,2034-11-01T00:00:00.0,0.0
680,15,1,2034-11-01T00:00:00.0,0.0
681,11,1,2035-11-01T00:00:00.0,0.0
682,12,1,2035-11-01T00:00:00.0,0.0
683,13,1,2035-11-01T00:00:00.0,0.0
684,14,1,2035-11-01T00:00:00.0,0.0
685,15,1,2035-11-01T00:00:00.0,0.0
686,11,1,2036-11-01T00:00:00.0,0.0
687,12,1,2036-11-01T00:00:00.0,0.0
688,13,1,2036-11-01T00:00:00.0,0.0
689,14,1,2036-11-01T00:00:00.0,0.0
690,15,1,2036-11-01T00:00:00.0,0.0
691,11,1,2037-11-01T00:00:00.0,0.0
692,12,1,2037-11-01T00:00:00.0,0.0
693,13,1,2037-11-01T00:00:00.0,0.0
694,14,1,2037-11-01T00:00:00.0,0.0
695,15,1,2037-11-01T00:00:00.0,0.0
696,11,1,2038-11-01T00:00:00.0,0.0
697,12,1,2038-11-01T00:00:00.0,0.0
698,13,1,2038-11-01T00:00:00.0,0.0
699,14,1,2038-11-01T00:00:00.0,0.0
700,15,1,2038-11-01T00:00:00.0,0.0
701,11,1,2039-11-01T00:00:00.0,0.0
702,12,1,2039-11-01T00:00:00.0,0.0
703,13,1,2039-11-01T00:00:00.0,0.0
704,14,1,2039-11-01T00:00:00.0,0.0
705,15,1,2039-11-01T00:00:00.0,0.0
706,11,1,2040-11-01T00:00:00.0,0.0
707,12,1,2040-11-01T00:00:00.0,0.0
708,13,1,2040-11-01T00:00:00.0,0.0
709,14,1,2040-11-01T00:00:00.0,0.0
710,15,1,2040-11-01T00:00:00.0,0.0
711,11,1,2041-11-01T00:00:00.0,0.0
712,12,1,2041-11-01T00:00:00.0,0.0
713,13,1,2041-11-01T00:00:00.0,0.0
714,14,1,2041-11-01T00:00:00.0,0.0
715,15,1,2041-11-01T00:00:00.0,0.0
716,11,1,2042-11-01T00:00:00.0,0.0
717,12,1,2042-11-01T00:00:00.0,0.0
718,13,1,2042-11-01T00:00:00.0,0.0
719,14,1,2042-11-01T00:00:00.0,0.0
720,15,1,2042-11-01T00:00:00.0,0.0
721,11,1,2043-11-01T00:00:00.0,0.0
722,12,1,2043-11-01T00:00:00.0,0.0
723,13,1,2043-11-01T00:00:00.0,0.0
724,14,1,2043-11-01T00:00:00.0,0.0
725,15,1,2043-11-01T00:00:00.0,0.0
726,11,1,2044-11-01T00:00:00.0,0.0
727,12,1,2044-11-01T00:00:00.0,0.0
728,13,1,2044-11-01T00:00:00.0,0.0
729,14,1,2044-11-01T00:00:00.0,0.0
730,15,1,2044-11-01T00:00:00.0,0.0
731,11,1,2045-11-01T00:00:00.0,0.0
732,12,1,2045-11-01T00:00:00.0,0.0
733,13,1,2045-11-01T00:00:00.0,0.0
734,14,1,2045-11-01T00:00:00.0,0.0
735,15,1,2045-11-01T00:00:00.0,0.0
736,11,1,2046-11-01T00:00:00.0,0.0
737,12,1,2046-11-01T00:00:00.0,0.0
738,13,1,2046-11-01T00:00:00.0,0.0
739,14,1,2046-11-01T00:00:00.0,0.0
740,15,1,2046-11-01T00:00:00.0,0.0
741,11,1,2047-11-01T00:00:00.0,0.0
742,12,1,2047-11-01T00:00:00.0,0.0
743,13,1,2047-11-01T00:00:00.0,0.0
744,14,1,2047-11-01T00:00:00.0,0.0
745,15,1,2047-11-01T00:00:00.0,0.0
746,11,1,2048-11-01T00:00:00.0,0.0
747,12,1,2048-11-01T00:00:00.0,0.0
748,13,1,2048-11-01T00:00:00.0,0.0
749,14,1,2048-11-01T00:00:00.0,0.0
750,15,1,2048-11-01T00:00:00.0,0.0
751,11,1,2049-11-01T00:00:00.0,0.0
752,12,1,2049-11-01T00:00:00.0,0.0
753,13,1,2049-11-01T00:00:00.0,0.0
754,14,1,2049-11-01T00:00:00.0,0.0
755,15,1,2049-11-01T00:00:00.0,0.0
756,11,1,2050-11-01T00:00:00.0,0.0
757,12,1,2050-11-01T00:00:00.0,0.0
758,13,1,2050-11-01T00:00:00.0,0.0
759,14,1,2050-11-01T00:00:00.0,0.0
760,15,1,2050-11-01T00:00:00.0,0.0
761,11,1,2051-11-01T00:00:00.0,0.0
762,12,1,2051-11-01T00:00:00.0,0.0
763,13,1,2051-11-01T00:00:00.0,0.0
764,14,1,2051-11-01T00:00:00.0,0.0
765,15,1,2051-11-01T00:00:00.0,0.0
766,11,1,2052-11-01T00:00:00.0,0.0
767,12,1,2052-11-01T00:00:00.0,0.0
768,13,1,2052-11-01T00:00:00.0,0.0
769,14,1,2052-11-01T00:00:00.0,0.0
770,15,1,2052-11-01T00:00:00.0,0.0
771,11,1,2053-11-01T00:00:00.0,0.0
772,12,1,2053-11-01T00:00:00.0,0.0
773,13,1,2053-11-01T00:00:00.0,0.0
774,14,1,2053-11-01T00:00:00.0,0.0
775,15,1,2053-11-01T00:00:00.0,0.0
776,11,1,2024-04-01T00:00:00.0,0.0
777,12,1,2024-04-01T00:00:00.0,0.0
778,13,1,2024-04-01T00:00:00.0,0.0
779,14,1,2024-04-01T00:00:00.0,0.0
780,15,1,2024-04-01T00:00:00.0,0.0
781,11,1,2025-04-01T00:00:00.0,0.0
782,12,1,2025-04-01T00:00:00.0,0.0
783,13,1,2025-04-01T00:00:00.0,0.0
784,14,1,2025-04-01T00:00:00.0,0.0
785,15,1,2025-04-01T00:00:00.0,0.0
786,11,1,2026-04-01T00:00:00.0,0.0
787,12,1,2026-04-01T00:00:00.0,0.0
788,13,1,2026-04-01T00:00:00.0,0.0
789,14,1,2026-04-01T00:00:00.0,0.0
790,15,1,2026-04-01T00:00:00.0,0.0
791,11,1,2027-04-01T00:00:00.0,0.0
792,12,1,2027-04-01T00:00:00.0,0.0
793,13,1,2027-04-01T00:00:00.0,0.0
794,14,1,2027-04-01T00:00:00.0,0.0
795,15,1,2027-04-01T00:00:00.0,0.0
796,11,1,2028-04-01T00:00:00.0,0.0
797,12,1,2028-04-01T00:00:00.0,0.0
798,13,1,2028-04-01T00:00:00.0,0.0
799,14,1,2028-04-01T00:00:00.0,0.0
800,15,1,2028-04-01T00:00:00.0,0.0
801,11,1,2029-04-01T00:00:00.0,0.0
802,12,1,2029-04-01T00:00:00.0,0.0
803,13,1,2029-04-01T00:00:00.0,0.0
804,14,1,2029-04-01T00:00:00.0,0.0
805,15,1,2029-04-01T00:00:00.0,0.0
806,11,1,2030-04-01T00:00:00.0,0.0
807,12,1,2030-04-01T00:00:00.0,0.0
808,13,1,2030-04-01T00:00:00.0,0.0
809,14,1,2030-04-01T00:00:00.0,0.0
810,15,1,2030-04-01T00:00:00.0,0.0
811,11,1,2031-04-01T00:00:00.0,0.0
812,12,1,2031-04-01T00:00:00.0,0.0
813,13,1,2031-04-01T00:00:00.0,0.0
814,14,1,2031-04-01T00:00:00.0,0.0
815,15,1,2031-04-01T00:00:00.0,-0.0
816,11,1,2032-04-01T00:00:00.0,0.0
817,12,1,2032-04-01T00:00:00.0,0.0
818,13,1,2032-04-01T00:00:00.0,0.0
819,14,1,2032-04-01T00:00:00.0,0.0
820,15,1,2032-04-01T00:00:00.0,0.0
821,11,1,2033-04-01T00:00:00.0,0.0
822,12,1,2033-04-01T00:00:00.0,0.0
823,13,1,2033-04-01T00:00:00.0,0.0
824,14,1,2033-04-01T00:00:00.0,0.0
825,15,1,2033-04-01T00:00:00.0,0.0
826,11,1,2034-04-01T00:00:00.0,0.0
827,12,1,2034-04-01T00:00:00.0,0.0
828,13,1,2034-04-01T00:00:00.0,0.0
829,14,1,2034-04-01T00:00:00.0,0.0
830,15,1,2034-04-01T00:00:00.0,0.0
831,11,1,2035-04-01T00:00:00.0,0.0
832,12,1,2035-04-01T00:00:00.0,0.0
833,13,1,2035-04-01T00:00:00.0,0.0
834,14,1,2035-04-01T00:00:00.0,0.0
835,15,1,2035-04-01T00:00:00.0,-0.0
836,11,1,2036-04-01T00:00:00.0,0.0
837,12,1,2036-04-01T00:00:00.0,0.0
838,13,1,2036-04-01T00:00:00.0,0.0
839,14,1,2036-04-01T00:00:00.0,0.0
840,15,1,2036-04-01T00:00:00.0,0.0
841,11,1,2037-04-01T00:00:00.0,0.0
842,12,1,2037-04-01T00:00:00.0,0.0
843,13,1,2037-04-01T00:00:00.0,0.0
844,14,1,2037-04-01T00:00:00.0,0.0
845,15,1,2037-04-01T00:00:00.0,0.0
846,11,1,2038-04-01T00:00:00.0,0.0
847,12,1,2038-04-01T00:00:00.0,0.0
848,13,1,2038-04-01T00:00:00.0,0.0
849,14,1,2038-04-01T00:00:00.0,0.0
850,15,1,2038-04-01T00:00:00.0,-0.0
851,11,1,2039-04-01T00:00:00.0,0.0
852,12,1,2039-04-01T00:00:00.0,0.0
853,13,1,2039-04-01T00:00:00.0,0.0
854,14,1,2039-04-01T00:00:00.0,0.0
855,15,1,2039-04-01T00:00:00.0,0.0
856,11,1,2040-04-01T00:00:00.0,0.0
857,12,1,2040-04-01T00:00:00.0,0.0
858,13,1,2040-04-01T00:00:00.0,0.0
859,14,1,2040-04-01T00:00:00.0,0.0
860,15,1,2040-04-01T00:00:00.0,0.0
861,11,1,2041-04-01T00:00:00.0,0.0
862,12,1,2041-04-01T00:00:00.0,0.0
863,13,1,2041-04-01T00:00:00.0,0.0
864,14,1,2041-04-01T00:00:00.0,0.0
865,15,1,2041-04-01T00:00:00.0,0.0
866,11,1,2042-04-01T00:00:00.0,0.0
867,12,1,2042-04-01T00:00:00.0,0.0
868,13,1,2042-04-01T00:00:00.0,0.0
869,14,1,2042-04-01T00:00:00.0,0.0
870,15,1,2042-04-01T00:00:00.0,0.0
871,11,1,2043-04-01T00:00:00.0,0.0
872,12,1,2043-04-01T00:00:00.0,0.0
873,13,1,2043-04-01T00:00:00.0,0.0
874,14,1,2043-04-01T00:00:00.0,0.0
875,15,1,2043-04-01T00:00:00.0,0.0
876,11,1,2044-04-01T00:00:00.0,0.0
877,12,1,2044-04-01T00:00:00.0,0.0
878,13,1,2044-04-01T00:00:00.0,0.0
879,14,1,2044-04-01T00:00:00.0,0.0
880,15,1,2044-04-01T00:00:00.0,-0.0
881,11,1,2045-04-01T00:00:00.0,0.0
882,12,1,2045-04-01T00:00:00.0,0.0
883,13,1,2045-04-01T00:00:00.0,0.0
884,14,1,2045-04-01T00:00:00.0,0.0
885,15,1,2045-04-01T00:00:00.0,-0.0
886,11,1,2046-04-01T00:00:00.0,0.0
887,12,1,2046-04-01T00:00:00.0,0.0
888,13,1,2046-04-01T00:00:00.0,0.0
889,14,1,2046-04-01T00:00:00.0,0.0
890,15,1,2046-04-01T00:00:00.0,0.0
891,11,1,2047-04-01T00:00:00.0,0.0
892,12,1,2047-04-01T00:00:00.0,0.0
893,13,1,2047-04-01T00:00:00.0,0.0
894,14,1,2047-04-01T00:00:00.0,0.0
895,15,1,2047-04-01T00:00:00.0,-0.0
896,11,1,2048-04-01T00:00:00.0,0.0
897,12,1,2048-04-01T00:00:00.0,0.0
898,13,1,2048-04-01T00:00:00.0,0.0
899,14,1,2048-04-01T00:00:00.0,0.0
900,15,1,2048-04-01T00:00:00.0,-0.0
901,11,1,2049-04-01T00:00:00.0,0.0
902,12,1,2049-04-01T00:00:00.0,0.0
903,13,1,2049-04-01T00:00:00.0,0.0
904,14,1,2049-04-01T00:00:00.0,0.0
905,15,1,2049-04-01T00:00:00.0,0.0
906,11,1,2050-04-01T00:00:00.0,0.0
907,12,1,2050-04-01T00:00:00.0,0.0
908,13,1,2050-04-01T00:00:00.0,0.0
909,14,1,2050-04-01T00:00:00.0,0.0
910,15,1,2050-04-01T00:00:00.0,0.0
911,11,1,2051-04-01T00:00:00.0,0.0
912,12,1,2051-04-01T00:00:00.0,0.0
913,13,1,2051-04-01T00:00:00.0,0.0
914,14,1,2051-04-01T00:00:00.0,0.0
915,15,1,2051-04-01T00:00:00.0,0.0
916,11,1,2052-04-01T00:00:00.0,0.0
917,12,1,2052-04-01T00:00:00.0,0.0
918,13,1,2052-04-01T00:00:00.0,0.0
919,14,1,2052-04-01T00:00:00.0,0.0
920,15,1,2052-04-01T00:00:00.0,0.0
921,11,1,2053-04-01T00:00:00.0,0.0
922,12,1,2053-04-01T00:00:00.0,0.0
923,13,1,2053-04-01T00:00:00.0,0.0
924,14,1,2053-04-01T00:00:00.0,0.0
925,15,1,2053-04-01T00:00:00.0,0.0
926,11,1,2054-04-01T00:00:00.0,0.0
927,12,1,2054-04-01T00:00:00.0,0.0
928,13,1,2054-04-01T00:00:00.0,0.0
929,14,1,2054-04-01T00:00:00.0,0.0
930,15,1,2054-04-01T00:00:00.0,-0.0
931,16,1,2023-11-01T00:00:00.0,22.02
932,17,1,2023-11-01T00:00:00.0,32.129999999999995
933,18,1,2023-11-01T00:00:00.0,97.71000000000001
934,19,1,2023-11-01T00:00:00.0,37.25999999999999
935,20,1,2023-11-01T00:00:00.0,72.39999999999998
936,16,1,2024-11-01T00:00:00.0,22.29
937,17,1,2024-11-01T00:00:00.0,32.53
938,18,1,2024-11-01T00:00:00.0,98.93
939,19,1,2024-11-01T00:00:00.0,37.72
940,20,1,2024-11-01T00:00:00.0,73.29999999999998
941,16,1,2025-11-01T00:00:00.0,22.45
942,17,1,2025-11-01T00:00:00.0,32.760000000000005
943,18,1,2025-11-01T00:00:00.0,99.63
944,19,1,2025-11-01T00:00:00.0,37.99000000000001
945,20,1,2025-11-01T00:00:00.0,73.81999999999996
946,16,1,2026-11-01T00:00:00.0,22.85
947,17,1,2026-11-01T00:00:00.0,33.35
948,18,1,2026-11-01T00:00:00.0,101.41000000000001
949,19,1,2026-11-01T00:00:00.0,38.67999999999998
950,20,1,2026-11-01T00:00:00.0,75.14000000000001
951,16,1,2027-11-01T00:00:00.0,23.15
952,17,1,2027-11-01T00:00:00.0,33.79
953,18,1,2027-11-01T00:00:00.0,102.74000000000001
954,19,1,2027-11-01T00:00:00.0,39.18000000000001
955,20,1,2027-11-01T00:00:00.0,76.13
956,16,1,2028-11-01T00:00:00.0,23.52
957,17,1,2028-11-01T00:00:00.0,34.33
958,18,1,2028-11-01T00:00:00.0,104.39000000000001
959,19,1,2028-11-01T00:00:00.0,39.79999999999998
960,20,1,2028-11-01T00:00:00.0,77.35
961,16,1,2029-11-01T00:00:00.0,22.17
962,17,1,2029-11-01T00:00:00.0,32.35
963,18,1,2029-11-01T00:00:00.0,98.38
964,19,1,2029-11-01T00:00:00.0,37.50999999999999
965,20,1,2029-11-01T00:00:00.0,72.9
966,16,1,2030-11-01T00:00:00.0,22.64
967,17,1,2030-11-01T00:00:00.0,33.03
968,18,1,2030-11-01T00:00:00.0,100.45
969,19,1,2030-11-01T00:00:00.0,38.31
970,20,1,2030-11-01T00:00:00.0,74.43
971,16,1,2031-11-01T00:00:00.0,22.98
972,17,1,2031-11-01T00:00:00.0,33.53
973,18,1,2031-11-01T00:00:00.0,101.97
974,19,1,2031-11-01T00:00:00.0,38.880000000000024
975,20,1,2031-11-01T00:00:00.0,75.56
976,16,1,2032-11-01T00:00:00.0,23.31
977,17,1,2032-11-01T00:00:00.0,34.010000000000005
978,18,1,2032-11-01T00:00:00.0,103.44
979,19,1,2032-11-01T00:00:00.0,39.44
980,20,1,2032-11-01T00:00:00.0,76.63999999999999
981,16,1,2033-11-01T00:00:00.0,23.73
982,17,1,2033-11-01T00:00:00.0,34.629999999999995
983,18,1,2033-11-01T00:00:00.0,105.3
984,19,1,2033-11-01T00:00:00.0,40.16
985,20,1,2033-11-01T00:00:00.0,78.03000000000003
986,16,1,2034-11-01T00:00:00.0,24.19
987,17,1,2034-11-01T00:00:00.0,35.3
988,18,1,2034-11-01T00:00:00.0,107.35
989,19,1,2034-11-01T00:00:00.0,40.94
990,20,1,2034-11-01T00:00:00.0,79.53999999999999
991,16,1,2035-11-01T00:00:00.0,24.69
992,17,1,2035-11-01T00:00:00.0,36.019999999999996
993,18,1,2035-11-01T00:00:00.0,109.54999999999998
994,19,1,2035-11-01T00:00:00.0,41.77000000000001
995,20,1,2035-11-01T00:00:00.0,81.17999999999998
996,16,1,2036-11-01T00:00:00.0,25.24
997,17,1,2036-11-01T00:00:00.0,36.83
998,18,1,2036-11-01T00:00:00.0,111.99000000000001
999,19,1,2036-11-01T00:00:00.0,42.71000000000001
1000,20,1,2036-11-01T00:00:00.0,82.98999999999998
1001,16,1,2037-11-01T00:00:00.0,25.59
1002,17,1,2037-11-01T00:00:00.0,37.33
1003,18,1,2037-11-01T00:00:00.0,113.52999999999999
1004,19,1,2037-11-01T00:00:00.0,43.29000000000002
1005,20,1,2037-11-01T00:00:00.0,84.13
1006,16,1,2038-11-01T00:00:00.0,25.96
1007,17,1,2038-11-01T00:00:00.0,37.88
1008,18,1,2038-11-01T00:00:00.0,115.19
1009,19,1,2038-11-01T00:00:00.0,43.93000000000001
1010,20,1,2038-11-01T00:00:00.0,85.35
1011,16,1,2039-11-01T00:00:00.0,26.51
1012,17,1,2039-11-01T00:00:00.0,38.67999999999999
1013,18,1,2039-11-01T00:00:00.0,117.63
1014,19,1,2039-11-01T00:00:00.0,44.860000000000014
1015,20,1,2039-11-01T00:00:00.0,87.17000000000002
1016,16,1,2040-11-01T00:00:00.0,26.82
1017,17,1,2040-11-01T00:00:00.0,39.13999999999999
1018,18,1,2040-11-01T00:00:00.0,119.02
1019,19,1,2040-11-01T00:00:00.0,45.390000000000015
1020,20,1,2040-11-01T00:00:00.0,88.19
1021,16,1,2041-11-01T00:00:00.0,27.05
1022,17,1,2041-11-01T00:00:00.0,39.46000000000001
1023,18,1,2041-11-01T00:00:00.0,120.01
1024,19,1,2041-11-01T00:00:00.0,45.75999999999999
1025,20,1,2041-11-01T00:00:00.0,88.92999999999998
1026,16,1,2042-11-01T00:00:00.0,27.34
1027,17,1,2042-11-01T00:00:00.0,39.879999999999995
1028,18,1,2042-11-01T00:00:00.0,121.30000000000001
1029,19,1,2042-11-01T00:00:00.0,46.25999999999999
1030,20,1,2042-11-01T00:00:00.0,89.88000000000002
1031,16,1,2043-11-01T00:00:00.0,27.59
1032,17,1,2043-11-01T00:00:00.0,40.25999999999999
1033,18,1,2043-11-01T00:00:00.0,122.43
1034,19,1,2043-11-01T00:00:00.0,46.68000000000001
1035,20,1,2043-11-01T00:00:00.0,90.72
1036,16,1,2044-11-01T00:00:00.0,27.76
1037,17,1,2044-11-01T00:00:00.0,40.519999999999996
1038,18,1,2044-11-01T00:00:00.0,123.19999999999999
1039,19,1,2044-11-01T00:00:00.0,46.98000000000002
1040,20,1,2044-11-01T00:00:00.0,91.28999999999999
1041,16,1,2045-11-01T00:00:00.0,27.99
1042,17,1,2045-11-01T00:00:00.0,40.84
1043,18,1,2045-11-01T00:00:00.0,124.19000000000001
1044,19,1,2045-11-01T00:00:00.0,47.359999999999985
1045,20,1,2045-11-01T00:00:00.0,92.03000000000003
1046,16,1,2046-11-01T00:00:00.0,28.31
1047,17,1,2046-11-01T00:00:00.0,41.31999999999999
1048,18,1,2046-11-01T00:00:00.0,125.63
1049,19,1,2046-11-01T00:00:00.0,47.91
1050,20,1,2046-11-01T00:00:00.0,93.1
1051,16,1,2047-11-01T00:00:00.0,28.52
1052,17,1,2047-11-01T00:00:00.0,41.620000000000005
1053,18,1,2047-11-01T00:00:00.0,126.55
1054,19,1,2047-11-01T00:00:00.0,48.27000000000001
1055,20,1,2047-11-01T00:00:00.0,93.77000000000001
1056,16,1,2048-11-01T00:00:00.0,29.25
1057,17,1,2048-11-01T00:00:00.0,42.67
1058,18,1,2048-11-01T00:00:00.0,129.76999999999998
1059,19,1,2048-11-01T00:00:00.0,49.47999999999999
1060,20,1,2048-11-01T00:00:00.0,96.16
1061,16,1,2049-11-01T00:00:00.0,29.82
1062,17,1,2049-11-01T00:00:00.0,43.51
1063,18,1,2049-11-01T00:00:00.0,132.32
1064,19,1,2049-11-01T00:00:00.0,50.45000000000002
1065,20,1,2049-11-01T00:00:00.0,98.04999999999995
1066,16,1,2050-11-01T00:00:00.0,30.44
1067,17,1,2050-11-01T00:00:00.0,44.41
1068,18,1,2050-11-01T00:00:00.0,135.06
1069,19,1,2050-11-01T00:00:00.0,51.50000000000003
1070,20,1,2050-11-01T00:00:00.0,100.07999999999998
1071,16,1,2051-11-01T00:00:00.0,30.56
1072,17,1,2051-11-01T00:00:00.0,44.599999999999994
1073,18,1,2051-11-01T00:00:00.0,135.63
1074,19,1,2051-11-01T00:00:00.0,51.72
1075,20,1,2051-11-01T00:00:00.0,100.5
1076,16,1,2052-11-01T00:00:00.0,30.97
1077,17,1,2052-11-01T00:00:00.0,45.19
1078,18,1,2052-11-01T00:00:00.0,137.41
1079,19,1,2052-11-01T00:00:00.0,52.400000000000034
1080,20,1,2052-11-01T00:00:00.0,101.82999999999998
1081,16,1,2053-11-01T00:00:00.0,31.29
1082,17,1,2053-11-01T00:00:00.0,45.660000000000004
1083,18,1,2053-11-01T00:00:00.0,138.86
1084,19,1,2053-11-01T00:00:00.0,52.94999999999999
1085,20,1,2053-11-01T00:00:00.0,102.88
1086,16,1,2024-04-01T00:00:00.0,22.02
1087,17,1,2024-04-01T00:00:00.0,32.129999999999995
1088,18,1,2024-04-01T00:00:00.0,97.71000000000001
1089,19,1,2024-04-01T00:00:00.0,37.25999999999999
1090,20,1,2024-04-01T00:00:00.0,0.0
1091,16,1,2025-04-01T00:00:00.0,22.18
1092,17,1,2025-04-01T00:00:00.0,32.36
1093,18,1,2025-04-01T00:00:00.0,98.42000000000002
1094,19,1,2025-04-01T00:00:00.0,37.53
1095,20,1,2025-04-01T00:00:00.0,0.0
1096,16,1,2026-04-01T00:00:00.0,22.31
1097,17,1,2026-04-01T00:00:00.0,32.56
1098,18,1,2026-04-01T00:00:00.0,99.00999999999999
1099,19,1,2026-04-01T00:00:00.0,37.75999999999999
1100,20,1,2026-04-01T00:00:00.0,0.0
1101,16,1,2027-04-01T00:00:00.0,22.61
1102,17,1,2027-04-01T00:00:00.0,33.0
1103,18,1,2027-04-01T00:00:00.0,100.33999999999999
1104,19,1,2027-04-01T00:00:00.0,38.27000000000001
1105,20,1,2027-04-01T00:00:00.0,0.0
1106,16,1,2028-04-01T00:00:00.0,22.96
1107,17,1,2028-04-01T00:00:00.0,33.49
1108,18,1,2028-04-01T00:00:00.0,101.86
1109,19,1,2028-04-01T00:00:00.0,38.849999999999994
1110,20,1,2028-04-01T00:00:00.0,0.0
1111,16,1,2029-04-01T00:00:00.0,21.94
1112,17,1,2029-04-01T00:00:00.0,32.019999999999996
1113,18,1,2029-04-01T00:00:00.0,97.37
1114,19,1,2029-04-01T00:00:00.0,37.129999999999995
1115,20,1,2029-04-01T00:00:00.0,0.0
1116,16,1,2030-04-01T00:00:00.0,21.76
1117,17,1,2030-04-01T00:00:00.0,31.749999999999996
1118,18,1,2030-04-01T00:00:00.0,96.55000000000001
1119,19,1,2030-04-01T00:00:00.0,36.81999999999999
1120,20,1,2030-04-01T00:00:00.0,0.0
1121,16,1,2031-04-01T00:00:00.0,22.24
1122,17,1,2031-04-01T00:00:00.0,32.44
1123,18,1,2031-04-01T00:00:00.0,98.68
1124,19,1,2031-04-01T00:00:00.0,37.629999999999995
1125,20,1,2031-04-01T00:00:00.0,-0.010000000000019327
1126,16,1,2032-04-01T00:00:00.0,22.57
1127,17,1,2032-04-01T00:00:00.0,32.94
1128,18,1,2032-04-01T00:00:00.0,100.17000000000002
1129,19,1,2032-04-01T00:00:00.0,38.19
1130,20,1,2032-04-01T00:00:00.0,0.0
1131,16,1,2033-04-01T00:00:00.0,22.96
1132,17,1,2033-04-01T00:00:00.0,33.51
1133,18,1,2033-04-01T00:00:00.0,101.89000000000001
1134,19,1,2033-04-01T00:00:00.0,38.849999999999994
1135,20,1,2033-04-01T00:00:00.0,0.0
1136,16,1,2034-04-01T00:00:00.0,23.4
1137,17,1,2034-04-01T00:00:00.0,34.14
1138,18,1,2034-04-01T00:00:00.0,103.83000000000001
1139,19,1,2034-04-01T00:00:00.0,39.59
1140,20,1,2034-04-01T00:00:00.0,0.0
1141,16,1,2035-04-01T00:00:00.0,23.9
1142,17,1,2035-04-01T00:00:00.0,34.86
1143,18,1,2035-04-01T00:00:00.0,106.03
1144,19,1,2035-04-01T00:00:00.0,40.44
1145,20,1,2035-04-01T00:00:00.0,-0.009999999999990905
1146,16,1,2036-04-01T00:00:00.0,24.47
1147,17,1,2036-04-01T00:00:00.0,35.7
1148,18,1,2036-04-01T00:00:00.0,108.57000000000001
1149,19,1,2036-04-01T00:00:00.0,41.39999999999998
1150,20,1,2036-04-01T00:00:00.0,0.0
1151,16,1,2037-04-01T00:00:00.0,25.08
1152,17,1,2037-04-01T00:00:00.0,36.6
1153,18,1,2037-04-01T00:00:00.0,111.28999999999999
1154,19,1,2037-04-01T00:00:00.0,42.44
1155,20,1,2037-04-01T00:00:00.0,0.0
1156,16,1,2038-04-01T00:00:00.0,25.51
1157,17,1,2038-04-01T00:00:00.0,37.22
1158,18,1,2038-04-01T00:00:00.0,113.20000000000002
1159,19,1,2038-04-01T00:00:00.0,43.16999999999999
1160,20,1,2038-04-01T00:00:00.0,-0.009999999999990905
1161,16,1,2039-04-01T00:00:00.0,25.88
1162,17,1,2039-04-01T00:00:00.0,37.760000000000005
1163,18,1,2039-04-01T00:00:00.0,114.83999999999999
1164,19,1,2039-04-01T00:00:00.0,43.79000000000002
1165,20,1,2039-04-01T00:00:00.0,0.0
1166,16,1,2040-04-01T00:00:00.0,26.43
1167,17,1,2040-04-01T00:00:00.0,38.550000000000004
1168,18,1,2040-04-01T00:00:00.0,117.27
1169,19,1,2040-04-01T00:00:00.0,44.71000000000001
1170,20,1,2040-04-01T00:00:00.0,0.0
1171,16,1,2041-04-01T00:00:00.0,26.7
1172,17,1,2041-04-01T00:00:00.0,38.95
1173,18,1,2041-04-01T00:00:00.0,118.47
1174,19,1,2041-04-01T00:00:00.0,45.18000000000001
1175,20,1,2041-04-01T00:00:00.0,0.0
1176,16,1,2042-04-01T00:00:00.0,26.98
1177,17,1,2042-04-01T00:00:00.0,39.36
1178,18,1,2042-04-01T00:00:00.0,119.71000000000001
1179,19,1,2042-04-01T00:00:00.0,45.64999999999998
1180,20,1,2042-04-01T00:00:00.0,0.0
1181,16,1,2043-04-01T00:00:00.0,27.31
1182,17,1,2043-04-01T00:00:00.0,39.84
1183,18,1,2043-04-01T00:00:00.0,121.16
1184,19,1,2043-04-01T00:00:00.0,46.19999999999999
1185,20,1,2043-04-01T00:00:00.0,0.0
1186,16,1,2044-04-01T00:00:00.0,27.54
1187,17,1,2044-04-01T00:00:00.0,40.199999999999996
1188,18,1,2044-04-01T00:00:00.0,122.22000000000001
1189,19,1,2044-04-01T00:00:00.0,46.609999999999985
1190,20,1,2044-04-01T00:00:00.0,-0.009999999999990905
1191,16,1,2045-04-01T00:00:00.0,27.64
1192,17,1,2045-04-01T00:00:00.0,40.34
1193,18,1,2045-04-01T00:00:00.0,122.65999999999998
1194,19,1,2045-04-01T00:00:00.0,46.78
1195,20,1,2045-04-01T00:00:00.0,-0.009999999999990905
1196,16,1,2046-04-01T00:00:00.0,27.88
1197,17,1,2046-04-01T00:00:00.0,40.68000000000001
1198,18,1,2046-04-01T00:00:00.0,123.71000000000001
1199,19,1,2046-04-01T00:00:00.0,47.17999999999998
1200,20,1,2046-04-01T00:00:00.0,0.0
1201,16,1,2047-04-01T00:00:00.0,28.26
1202,17,1,2047-04-01T00:00:00.0,41.239999999999995
1203,18,1,2047-04-01T00:00:00.0,125.41
1204,19,1,2047-04-01T00:00:00.0,47.81999999999999
1205,20,1,2047-04-01T00:00:00.0,-0.009999999999990905
1206,16,1,2048-04-01T00:00:00.0,28.53
1207,17,1,2048-04-01T00:00:00.0,41.629999999999995
1208,18,1,2048-04-01T00:00:00.0,126.61000000000001
1209,19,1,2048-04-01T00:00:00.0,48.28
1210,20,1,2048-04-01T00:00:00.0,-0.010000000000019327
1211,16,1,2049-04-01T00:00:00.0,29.51
1212,17,1,2049-04-01T00:00:00.0,43.05999999999999
1213,18,1,2049-04-01T00:00:00.0,130.96
1214,19,1,2049-04-01T00:00:00.0,49.94
1215,20,1,2049-04-01T00:00:00.0,0.0
1216,16,1,2050-04-01T00:00:00.0,30.18
1217,17,1,2050-04-01T00:00:00.0,44.04
1218,18,1,2050-04-01T00:00:00.0,133.93
1219,19,1,2050-04-01T00:00:00.0,51.07000000000002
1220,20,1,2050-04-01T00:00:00.0,0.0
1221,16,1,2051-04-01T00:00:00.0,30.79
1222,17,1,2051-04-01T00:00:00.0,44.940000000000005
1223,18,1,2051-04-01T00:00:00.0,136.64
1224,19,1,2051-04-01T00:00:00.0,52.10000000000002
1225,20,1,2051-04-01T00:00:00.0,0.0
1226,16,1,2052-04-01T00:00:00.0,31.05
1227,17,1,2052-04-01T00:00:00.0,45.3
1228,18,1,2052-04-01T00:00:00.0,137.77
1229,19,1,2052-04-01T00:00:00.0,52.54000000000002
1230,20,1,2052-04-01T00:00:00.0,0.0
1231,16,1,2053-04-01T00:00:00.0,31.41
1232,17,1,2053-04-01T00:00:00.0,45.84
1233,18,1,2053-04-01T00:00:00.0,139.39
1234,19,1,2053-04-01T00:00:00.0,53.150000000000034
1235,20,1,2053-04-01T00:00:00.0,0.0
1236,16,1,2054-04-01T00:00:00.0,31.75
1237,17,1,2054-04-01T00:00:00.0,46.34
1238,18,1,2054-04-01T00:00:00.0,140.9
1239,19,1,2054-04-01T00:00:00.0,53.73000000000002
1240,20,1,2054-04-01T00:00:00.0,-0.010000000000047748
1241,21,1,2023-11-01T00:00:00.0,0.0
1242,22,1,2023-11-01T00:00:00.0,0.0
1243,23,1,2023-11-01T00:00:00.0,0.0
1244,24,1,2023-11-01T00:00:00.0,0.0
1245,25,1,2023-11-01T00:00:00.0,0.0
1246,21,1,2024-11-01T00:00:00.0,0.0
1247,22,1,2024-11-01T00:00:00.0,0.0
1248,23,1,2024-11-01T00:00:00.0,0.0
1249,24,1,2024-11-01T00:00:00.0,0.0
1250,25,1,2024-11-01T00:00:00.0,0.0
1251,21,1,2025-11-01T00:00:00.0,0.0
1252,22,1,2025-11-01T00:00:00.0,0.0
1253,23,1,2025-11-01T00:00:00.0,0.0
1254,24,1,2025-11-01T00:00:00.0,0.0
1255,25,1,2025-11-01T00:00:00.0,0.0
1256,21,1,2026-11-01T00:00:00.0,0.0
1257,22,1,2026-11-01T00:00:00.0,0.0
1258,23,1,2026-11-01T00:00:00.0,0.0
1259,24,1,2026-11-01T00:00:00.0,0.0
1260,25,1,2026-11-01T00:00:00.0,0.0
1261,21,1,2027-11-01T00:00:00.0,0.0
1262,22,1,2027-11-01T00:00:00.0,0.0
1263,23,1,2027-11-01T00:00:00.0,0.0
1264,24,1,2027-11-01T00:00:00.0,0.0
1265,25,1,2027-11-01T00:00:00.0,0.0
1266,21,1,2028-11-01T00:00:00.0,0.0
1267,22,1,2028-11-01T00:00:00.0,0.0
1268,23,1,2028-11-01T00:00:00.0,0.0
1269,24,1,2028-11-01T00:00:00.0,0.0
1270,25,1,2028-11-01T00:00:00.0,0.0
1271,21,1,2029-11-01T00:00:00.0,0.0
1272,22,1,2029-11-01T00:00:00.0,0.0
1273,23,1,2029-11-01T00:00:00.0,0.0
1274,24,1,2029-11-01T00:00:00.0,0.0
1275,25,1,2029-11-01T00:00:00.0,0.0
1276,21,1,2030-11-01T00:00:00.0,0.0
1277,22,1,2030-11-01T00:00:00.0,0.0
1278,23,1,2030-11-01T00:00:00.0,0.0
1279,24,1,2030-11-01T00:00:00.0,0.0
1280,25,1,2030-11-01T00:00:00.0,0.0
1281,21,1,2031-11-01T00:00:00.0,0.0
1282,22,1,2031-11-01T00:00:00.0,0.0
1283,23,1,2031-11-01T00:00:00.0,0.0
1284,24,1,2031-11-01T00:00:00.0,0.0
1285,25,1,2031-11-01T00:00:00.0,0.0
1286,21,1,2032-11-01T00:00:00.0,0.0
1287,22,1,2032-11-01T00:00:00.0,0.0
1288,23,1,2032-11-01T00:00:00.0,0.0
1289,24,1,2032-11-01T00:00:00.0,0.0
1290,25,1,2032-11-01T00:00:00.0,0.0
1291,21,1,2033-11-01T00:00:00.0,0.0
1292,22,1,2033-11-01T00:00:00.0,0.0
1293,23,1,2033-11-01T00:00:00.0,0.0
1294,24,1,2033-11-01T00:00:00.0,0.0
1295,25,1,2033-11-01T00:00:00.0,0.0
1296,21,1,2034-11-01T00:00:00.0,0.0
1297,22,1,2034-11-01T00:00:00.0,0.0
1298,23,1,2034-11-01T00:00:00.0,0.0
1299,24,1,2034-11-01T00:00:00.0,0.0
1300,25,1,2034-11-01T00:00:00.0,0.0
1301,21,1,2035-11-01T00:00:00.0,0.0
1302,22,1,2035-11-01T00:00:00.0,0.0
1303,23,1,2035-11-01T00:00:00.0,0.0
1304,24,1,2035-11-01T00:00:00.0,0.0
1305,25,1,2035-11-01T00:00:00.0,0.0
1306,21,1,2036-11-01T00:00:00.0,0.0
1307,22,1,2036-11-01T00:00:00.0,0.0
1308,23,1,2036-11-01T00:00:00.0,0.0
1309,24,1,2036-11-01T00:00:00.0,0.0
1310,25,1,2036-11-01T00:00:00.0,0.0
1311,21,1,2037-11-01T00:00:00.0,0.0
1312,22,1,2037-11-01T00:00:00.0,0.0
1313,23,1,2037-11-01T00:00:00.0,0.0
1314,24,1,2037-11-01T00:00:00.0,0.0
1315,25,1,2037-11-01T00:00:00.0,0.0
1316,21,1,2038-11-01T00:00:00.0,0.0
1317,22,1,2038-11-01T00:00:00.0,0.0
1318,23,1,2038-11-01T00:00:00.0,0.0
1319,24,1,2038-11-01T00:00:00.0,0.0
1320,25,1,2038-11-01T00:00:00.0,0.0
1321,21,1,2039-11-01T00:00:00.0,0.0
1322,22,1,2039-11-01T00:00:00.0,0.0
1323,23,1,2039-11-01T00:00:00.0,0.0
1324,24,1,2039-11-01T00:00:00.0,0.0
1325,25,1,2039-11-01T00:00:00.0,0.0
1326,21,1,2040-11-01T00:00:00.0,0.0
1327,22,1,2040-11-01T00:00:00.0,0.0
1328,23,1,2040-11-01T00:00:00.0,0.0
1329,24,1,2040-11-01T00:00:00.0,0.0
1330,25,1,2040-11-01T00:00:00.0,0.0
1331,21,1,2041-11-01T00:00:00.0,0.0
1332,22,1,2041-11-01T00:00:00.0,0.0
1333,23,1,2041-11-01T00:00:00.0,0.0
1334,24,1,2041-11-01T00:00:00.0,0.0
1335,25,1,2041-11-01T00:00:00.0,0.0
1336,21,1,2042-11-01T00:00:00.0,0.0
1337,22,1,2042-11-01T00:00:00.0,0.0
1338,23,1,2042-11-01T00:00:00.0,0.0
1339,24,1,2042-11-01T00:00:00.0,0.0
1340,25,1,2042-11-01T00:00:00.0,0.0
1341,21,1,2043-11-01T00:00:00.0,0.0
1342,22,1,2043-11-01T00:00:00.0,0.0
1343,23,1,2043-11-01T00:00:00.0,0.0
1344,24,1,2043-11-01T00:00:00.0,0.0
1345,25,1,2043-11-01T00:00:00.0,0.0
1346,21,1,2044-11-01T00:00:00.0,0.0
1347,22,1,2044-11-01T00:00:00.0,0.0
1348,23,1,2044-11-01T00:00:00.0,0.0
1349,24,1,2044-11-01T00:00:00.0,0.0
1350,25,1,2044-11-01T00:00:00.0,0.0
1351,21,1,2045-11-01T00:00:00.0,0.0
1352,22,1,2045-11-01T00:00:00.0,0.0
1353,23,1,2045-11-01T00:00:00.0,0.0
1354,24,1,2045-11-01T00:00:00.0,0.0
1355,25,1,2045-11-01T00:00:00.0,0.0
1356,21,1,2046-11-01T00:00:00.0,0.0
1357,22,1,2046-11-01T00:00:00.0,0.0
1358,23,1,2046-11-01T00:00:00.0,0.0
1359,24,1,2046-11-01T00:00:00.0,0.0
1360,25,1,2046-11-01T00:00:00.0,0.0
1361,21,1,2047-11-01T00:00:00.0,0.0
1362,22,1,2047-11-01T00:00:00.0,0.0
1363,23,1,2047-11-01T00:00:00.0,0.0
1364,24,1,2047-11-01T00:00:00.0,0.0
1365,25,1,2047-11-01T00:00:00.0,0.0
1366,21,1,2048-11-01T00:00:00.0,0.0
1367,22,1,2048-11-01T00:00:00.0,0.0
1368,23,1,2048-11-01T00:00:00.0,0.0
1369,24,1,2048-11-01T00:00:00.0,0.0
1370,25,1,2048-11-01T00:00:00.0,0.0
1371,21,1,2049-11-01T00:00:00.0,0.0
1372,22,1,2049-11-01T00:00:00.0,0.0
1373,23,1,2049-11-01T00:00:00.0,0.0
1374,24,1,2049-11-01T00:00:00.0,0.0
1375,25,1,2049-11-01T00:00:00.0,0.0
1376,21,1,2050-11-01T00:00:00.0,0.0
1377,22,1,2050-11-01T00:00:00.0,0.0
1378,23,1,2050-11-01T00:00:00.0,0.0
1379,24,1,2050-11-01T00:00:00.0,0.0
1380,25,1,2050-11-01T00:00:00.0,0.0
1381,21,1,2051-11-01T00:00:00.0,0.0
1382,22,1,2051-11-01T00:00:00.0,0.0
1383,23,1,2051-11-01T00:00:00.0,0.0
1384,24,1,2051-11-01T00:00:00.0,0.0
1385,25,1,2051-11-01T00:00:00.0,0.0
1386,21,1,2052-11-01T00:00:00.0,0.0
1387,22,1,2052-11-01T00:00:00.0,0.0
1388,23,1,2052-11-01T00:00:00.0,0.0
1389,24,1,2052-11-01T00:00:00.0,0.0
1390,25,1,2052-11-01T00:00:00.0,0.0
1391,21,1,2053-11-01T00:00:00.0,0.0
1392,22,1,2053-11-01T00:00:00.0,0.0
1393,23,1,2053-11-01T00:00:00.0,0.0
1394,24,1,2053-11-01T00:00:00.0,0.0
1395,25,1,2053-11-01T00:00:00.0,0.0
1396,21,1,2024-04-01T00:00:00.0,0.0
1397,22,1,2024-04-01T00:00:00.0,0.0
1398,23,1,2024-04-01T00:00:00.0,0.0
1399,24,1,2024-04-01T00:00:00.0,0.0
1400,25,1,2024-04-01T00:00:00.0,0.0
1401,21,1,2025-04-01T00:00:00.0,0.0
1402,22,1,2025-04-01T00:00:00.0,0.0
1403,23,1,2025-04-01T00:00:00.0,0.0
1404,24,1,2025-04-01T00:00:00.0,0.0
1405,25,1,2025-04-01T00:00:00.0,0.0
1406,21,1,2026-04-01T00:00:00.0,0.0
1407,22,1,2026-04-01T00:00:00.0,0.0
1408,23,1,2026-04-01T00:00:00.0,0.0
1409,24,1,2026-04-01T00:00:00.0,0.0
1410,25,1,2026-04-01T00:00:00.0,0.0
1411,21,1,2027-04-01T00:00:00.0,0.0
1412,22,1,2027-04-01T00:00:00.0,0.0
1413,23,1,2027-04-01T00:00:00.0,0.0
1414,24,1,2027-04-01T00:00:00.0,0.0
1415,25,1,2027-04-01T00:00:00.0,0.0
1416,21,1,2028-04-01T00:00:00.0,0.0
1417,22,1,2028-04-01T00:00:00.0,0.0
1418,23,1,2028-04-01T00:00:00.0,0.0
1419,24,1,2028-04-01T00:00:00.0,0.0
1420,25,1,2028-04-01T00:00:00.0,0.0
1421,21,1,2029-04-01T00:00:00.0,0.0
1422,22,1,2029-04-01T00:00:00.0,0.0
1423,23,1,2029-04-01T00:00:00.0,0.0
1424,24,1,2029-04-01T00:00:00.0,0.0
1425,25,1,2029-04-01T00:00:00.0,0.0
1426,21,1,2030-04-01T00:00:00.0,0.0
1427,22,1,2030-04-01T00:00:00.0,0.0
1428,23,1,2030-04-01T00:00:00.0,0.0
1429,24,1,2030-04-01T00:00:00.0,0.0
1430,25,1,2030-04-01T00:00:00.0,0.0
1431,21,1,2031-04-01T00:00:00.0,0.0
1432,22,1,2031-04-01T00:00:00.0,0.0
1433,23,1,2031-04-01T00:00:00.0,0.0
1434,24,1,2031-04-01T00:00:00.0,0.0
1435,25,1,2031-04-01T00:00:00.0,0.0
1436,21,1,2032-04-01T00:00:00.0,0.0
1437,22,1,2032-04-01T00:00:00.0,0.0
1438,23,1,2032-04-01T00:00:00.0,0.0
1439,24,1,2032-04-01T00:00:00.0,0.0
1440,25,1,2032-04-01T00:00:00.0,0.0
1441,21,1,2033-04-01T00:00:00.0,0.0
1442,22,1,2033-04-01T00:00:00.0,0.0
1443,23,1,2033-04-01T00:00:00.0,0.0
1444,24,1,2033-04-01T00:00:00.0,0.0
1445,25,1,2033-04-01T00:00:00.0,0.0
1446,21,1,2034-04-01T00:00:00.0,0.0
1447,22,1,2034-04-01T00:00:00.0,0.0
1448,23,1,2034-04-01T00:00:00.0,0.0
1449,24,1,2034-04-01T00:00:00.0,0.0
1450,25,1,2034-04-01T00:00:00.0,0.0
1451,21,1,2035-04-01T00:00:00.0,0.0
1452,22,1,2035-04-01T00:00:00.0,0.0
1453,23,1,2035-04-01T00:00:00.0,0.0
1454,24,1,2035-04-01T00:00:00.0,0.0
1455,25,1,2035-04-01T00:00:00.0,0.0
1456,21,1,2036-04-01T00:00:00.0,0.0
1457,22,1,2036-04-01T00:00:00.0,0.0
1458,23,1,2036-04-01T00:00:00.0,0.0
1459,24,1,2036-04-01T00:00:00.0,0.0
1460,25,1,2036-04-01T00:00:00.0,0.0
1461,21,1,2037-04-01T00:00:00.0,0.0
1462,22,1,2037-04-01T00:00:00.0,0.0
1463,23,1,2037-04-01T00:00:00.0,0.0
1464,24,1,2037-04-01T00:00:00.0,0.0
1465,25,1,2037-04-01T00:00:00.0,0.0
1466,21,1,2038-04-01T00:00:00.0,0.0
1467,22,1,2038-04-01T00:00:00.0,0.0
1468,23,1,2038-04-01T00:00:00.0,0.0
1469,24,1,2038-04-01T00:00:00.0,0.0
1470,25,1,2038-04-01T00:00:00.0,0.0
1471,21,1,2039-04-01T00:00:00.0,0.0
1472,22,1,2039-04-01T00:00:00.0,0.0
1473,23,1,2039-04-01T00:00:00.0,0.0
1474,24,1,2039-04-01T00:00:00.0,0.0
1475,25,1,2039-04-01T00:00:00.0,0.0
1476,21,1,2040-04-01T00:00:00.0,0.0
1477,22,1,2040-04-01T00:00:00.0,0.0
1478,23,1,2040-04-01T00:00:00.0,0.0
1479,24,1,2040-04-01T00:00:00.0,0.0
1480,25,1,2040-04-01T00:00:00.0,0.0
1481,21,1,2041-04-01T00:00:00.0,0.0
1482,22,1,2041-04-01T00:00:00.0,0.0
1483,23,1,2041-04-01T00:00:00.0,0.0
1484,24,1,2041-04-01T00:00:00.0,0.0
1485,25,1,2041-04-01T00:00:00.0,0.0
1486,21,1,2042-04-01T00:00:00.0,0.0
1487,22,1,2042-04-01T00:00:00.0,0.0
1488,23,1,2042-04-01T00:00:00.0,0.0
1489,24,1,2042-04-01T00:00:00.0,0.0
1490,25,1,2042-04-01T00:00:00.0,0.0
1491,21,1,2043-04-01T00:00:00.0,0.0
1492,22,1,2043-04-01T00:00:00.0,0.0
1493,23,1,2043-04-01T00:00:00.0,0.0
1494,24,1,2043-04-01T00:00:00.0,0.0
1495,25,1,2043-04-01T00:00:00.0,0.0
1496,21,1,2044-04-01T00:00:00.0,0.0
1497,22,1,2044-04-01T00:00:00.0,0.0
1498,23,1,2044-04-01T00:00:00.0,0.0
1499,24,1,2044-04-01T00:00:00.0,0.0
1500,25,1,2044-04-01T00:00:00.0,0.0
1501,21,1,2045-04-01T00:00:00.0,0.0
1502,22,1,2045-04-01T00:00:00.0,0.0
1503,23,1,2045-04-01T00:00:00.0,0.0
1504,24,1,2045-04-01T00:00:00.0,0.0
1505,25,1,2045-04-01T00:00:00.0,0.0
1506,21,1,2046-04-01T00:00:00.0,0.0
1507,22,1,2046-04-01T00:00:00.0,0.0
1508,23,1,2046-04-01T00:00:00.0,0.0
1509,24,1,2046-04-01T00:00:00.0,0.0
1510,25,1,2046-04-01T00:00:00.0,0.0
1511,21,1,2047-04-01T00:00:00.0,0.0
1512,22,1,2047-04-01T00:00:00.0,0.0
1513,23,1,2047-04-01T00:00:00.0,0.0
1514,24,1,2047-04-01T00:00:00.0,0.0
1515,25,1,2047-04-01T00:00:00.0,0.0
1516,21,1,2048-04-01T00:00:00.0,0.0
1517,22,1,2048-04-01T00:00:00.0,0.0
1518,23,1,2048-04-01T00:00:00.0,0.0
1519,24,1,2048-04-01T00:00:00.0,0.0
1520,25,1,2048-04-01T00:00:00.0,0.0
1521,21,1,2049-04-01T00:00:00.0,0.0
1522,22,1,2049-04-01T00:00:00.0,0.0
1523,23,1,2049-04-01T00:00:00.0,0.0
1524,24,1,2049-04-01T00:00:00.0,0.0
1525,25,1,2049-04-01T00:00:00.0,0.0
1526,21,1,2050-04-01T00:00:00.0,0.0
1527,22,1,2050-04-01T00:00:00.0,0.0
1528,23,1,2050-04-01T00:00:00.0,0.0
1529,24,1,2050-04-01T00:00:00.0,0.0
1530,25,1,2050-04-01T00:00:00.0,0.0
1531,21,1,2051-04-01T00:00:00.0,0.0
1532,22,1,2051-04-01T00:00:00.0,0.0
1533,23,1,2051-04-01T00:00:00.0,0.0
1534,24,1,2051-04-01T00:00:00.0,0.0
1535,25,1,2051-04-01T00:00:00.0,0.0
1536,21,1,2052-04-01T00:00:00.0,0.0
1537,22,1,2052-04-01T00:00:00.0,0.0
1538,23,1,2052-04-01T00:00:00.0,0.0
1539,24,1,2052-04-01T00:00:00.0,0.0
1540,25,1,2052-04-01T00:00:00.0,0.0
1541,21,1,2053-04-01T00:00:00.0,0.0
1542,22,1,2053-04-01T00:00:00.0,0.0
1543,23,1,2053-04-01T00:00:00.0,0.0
1544,24,1,2053-04-01T00:00:00.0,0.0
1545,25,1,2053-04-01T00:00:00.0,0.0
1546,21,1,2054-04-01T00:00:00.0,0.0
1547,22,1,2054-04-01T00:00:00.0,0.0
1548,23,1,2054-04-01T00:00:00.0,0.0
1549,24,1,2054-04-01T00:00:00.0,0.0
1550,25,1,2054-04-01T00:00:00.0,0.0
1551,26,1,2023-11-01T00:00:00.0,0.0
1552,27,1,2023-11-01T00:00:00.0,0.0
1553,28,1,2023-11-01T00:00:00.0,0.0
1554,29,1,2023-11-01T00:00:00.0,0.0
1555,30,1,2023-11-01T00:00:00.0,0.0
1556,26,1,2024-11-01T00:00:00.0,0.0
1557,27,1,2024-11-01T00:00:00.0,0.0
1558,28,1,2024-11-01T00:00:00.0,0.0
1559,29,1,2024-11-01T00:00:00.0,0.0
1560,30,1,2024-11-01T00:00:00.0,0.0
1561,26,1,2025-11-01T00:00:00.0,0.0
1562,27,1,2025-11-01T00:00:00.0,0.0
1563,28,1,2025-11-01T00:00:00.0,0.0
1564,29,1,2025-11-01T00:00:00.0,0.0
1565,30,1,2025-11-01T00:00:00.0,0.0
1566,26,1,2026-11-01T00:00:00.0,0.0
1567,27,1,2026-11-01T00:00:00.0,0.0
1568,28,1,2026-11-01T00:00:00.0,0.0
1569,29,1,2026-11-01T00:00:00.0,0.0
1570,30,1,2026-11-01T00:00:00.0,0.0
1571,26,1,2027-11-01T00:00:00.0,0.0
1572,27,1,2027-11-01T00:00:00.0,0.0
1573,28,1,2027-11-01T00:00:00.0,0.0
1574,29,1,2027-11-01T00:00:00.0,0.0
1575,30,1,2027-11-01T00:00:00.0,0.0
1576,26,1,2028-11-01T00:00:00.0,0.0
1577,27,1,2028-11-01T00:00:00.0,0.0
1578,28,1,2028-11-01T00:00:00.0,0.0
1579,29,1,2028-11-01T00:00:00.0,0.0
1580,30,1,2028-11-01T00:00:00.0,0.0
1581,26,1,2029-11-01T00:00:00.0,0.0
1582,27,1,2029-11-01T00:00:00.0,0.0
1583,28,1,2029-11-01T00:00:00.0,0.0
1584,29,1,2029-11-01T00:00:00.0,0.0
1585,30,1,2029-11-01T00:00:00.0,0.0
1586,26,1,2030-11-01T00:00:00.0,0.0
1587,27,1,2030-11-01T00:00:00.0,0.0
1588,28,1,2030-11-01T00:00:00.0,0.0
1589,29,1,2030-11-01T00:00:00.0,0.0
1590,30,1,2030-11-01T00:00:00.0,0.0
1591,26,1,2031-11-01T00:00:00.0,0.0
1592,27,1,2031-11-01T00:00:00.0,0.0
1593,28,1,2031-11-01T00:00:00.0,0.0
1594,29,1,2031-11-01T00:00:00.0,0.0
1595,30,1,2031-11-01T00:00:00.0,0.0
1596,26,1,2032-11-01T00:00:00.0,0.0
1597,27,1,2032-11-01T00:00:00.0,0.0
1598,28,1,2032-11-01T00:00:00.0,0.0
1599,29,1,2032-11-01T00:00:00.0,0.0
1600,30,1,2032-11-01T00:00:00.0,0.0
1601,26,1,2033-11-01T00:00:00.0,0.0
1602,27,1,2033-11-01T00:00:00.0,0.0
1603,28,1,2033-11-01T00:00:00.0,0.0
1604,29,1,2033-11-01T00:00:00.0,0.0
1605,30,1,2033-11-01T00:00:00.0,0.0
1606,26,1,2034-11-01T00:00:00.0,0.0
1607,27,1,2034-11-01T00:00:00.0,0.0
1608,28,1,2034-11-01T00:00:00.0,0.0
1609,29,1,2034-11-01T00:00:00.0,0.0
1610,30,1,2034-11-01T00:00:00.0,0.0
1611,26,1,2035-11-01T00:00:00.0,0.0
1612,27,1,2035-11-01T00:00:00.0,0.0
1613,28,1,2035-11-01T00:00:00.0,0.0
1614,29,1,2035-11-01T00:00:00.0,0.0
1615,30,1,2035-11-01T00:00:00.0,0.0
1616,26,1,2036-11-01T00:00:00.0,0.0
1617,27,1,2036-11-01T00:00:00.0,0.0
1618,28,1,2036-11-01T00:00:00.0,0.0
1619,29,1,2036-11-01T00:00:00.0,0.0
1620,30,1,2036-11-01T00:00:00.0,0.0
1621,26,1,2037-11-01T00:00:00.0,0.0
1622,27,1,2037-11-01T00:00:00.0,0.0
1623,28,1,2037-11-01T00:00:00.0,0.0
1624,29,1,2037-11-01T00:00:00.0,0.0
1625,30,1,2037-11-01T00:00:00.0,0.0
1626,26,1,2038-11-01T00:00:00.0,0.0
1627,27,1,2038-11-01T00:00:00.0,0.0
1628,28,1,2038-11-01T00:00:00.0,0.0
1629,29,1,2038-11-01T00:00:00.0,0.0
1630,30,1,2038-11-01T00:00:00.0,0.0
1631,26,1,2039-11-01T00:00:00.0,0.0
1632,27,1,2039-11-01T00:00:00.0,0.0
1633,28,1,2039-11-01T00:00:00.0,0.0
1634,29,1,2039-11-01T00:00:00.0,0.0
1635,30,1,2039-11-01T00:00:00.0,0.0
1636,26,1,2040-11-01T00:00:00.0,0.0
1637,27,1,2040-11-01T00:00:00.0,0.0
1638,28,1,2040-11-01T00:00:00.0,0.0
1639,29,1,2040-11-01T00:00:00.0,0.0
1640,30,1,2040-11-01T00:00:00.0,0.0
1641,26,1,2041-11-01T00:00:00.0,0.0
1642,27,1,2041-11-01T00:00:00.0,0.0
1643,28,1,2041-11-01T00:00:00.0,0.0
1644,29,1,2041-11-01T00:00:00.0,0.0
1645,30,1,2041-11-01T00:00:00.0,0.0
1646,26,1,2042-11-01T00:00:00.0,0.0
1647,27,1,2042-11-01T00:00:00.0,0.0
1648,28,1,2042-11-01T00:00:00.0,0.0
1649,29,1,2042-11-01T00:00:00.0,0.0
1650,30,1,2042-11-01T00:00:00.0,0.0
1651,26,1,2043-11-01T00:00:00.0,0.0
1652,27,1,2043-11-01T00:00:00.0,0.0
1653,28,1,2043-11-01T00:00:00.0,0.0
1654,29,1,2043-11-01T00:00:00.0,0.0
1655,30,1,2043-11-01T00:00:00.0,0.0
1656,26,1,2044-11-01T00:00:00.0,0.0
1657,27,1,2044-11-01T00:00:00.0,0.0
1658,28,1,2044-11-01T00:00:00.0,0.0
1659,29,1,2044-11-01T00:00:00.0,0.0
1660,30,1,2044-11-01T00:00:00.0,0.0
1661,26,1,2045-11-01T00:00:00.0,0.0
1662,27,1,2045-11-01T00:00:00.0,0.0
1663,28,1,2045-11-01T00:00:00.0,0.0
1664,29,1,2045-11-01T00:00:00.0,0.0
1665,30,1,2045-11-01T00:00:00.0,0.0
1666,26,1,2046-11-01T00:00:00.0,0.0
1667,27,1,2046-11-01T00:00:00.0,0.0
1668,28,1,2046-11-01T00:00:00.0,0.0
1669,29,1,2046-11-01T00:00:00.0,0.0
1670,30,1,2046-11-01T00:00:00.0,0.0
1671,26,1,2047-11-01T00:00:00.0,0.0
1672,27,1,2047-11-01T00:00:00.0,0.0
1673,28,1,2047-11-01T00:00:00.0,0.0
1674,29,1,2047-11-01T00:00:00.0,0.0
1675,30,1,2047-11-01T00:00:00.0,0.0
1676,26,1,2048-11-01T00:00:00.0,0.0
1677,27,1,2048-11-01T00:00:00.0,0.0
1678,28,1,2048-11-01T00:00:00.0,0.0
1679,29,1,2048-11-01T00:00:00.0,0.0
1680,30,1,2048-11-01T00:00:00.0,0.0
1681,26,1,2049-11-01T00:00:00.0,0.0
1682,27,1,2049-11-01T00:00:00.0,0.0
1683,28,1,2049-11-01T00:00:00.0,0.0
1684,29,1,2049-11-01T00:00:00.0,0.0
1685,30,1,2049-11-01T00:00:00.0,0.0
1686,26,1,2050-11-01T00:00:00.0,0.0
1687,27,1,2050-11-01T00:00:00.0,0.0
1688,28,1,2050-11-01T00:00:00.0,0.0
1689,29,1,2050-11-01T00:00:00.0,0.0
1690,30,1,2050-11-01T00:00:00.0,0.0
1691,26,1,2051-11-01T00:00:00.0,0.0
1692,27,1,2051-11-01T00:00:00.0,0.0
1693,28,1,2051-11-01T00:00:00.0,0.0
1694,29,1,2051-11-01T00:00:00.0,0.0
1695,30,1,2051-11-01T00:00:00.0,0.0
1696,26,1,2052-11-01T00:00:00.0,0.0
1697,27,1,2052-11-01T00:00:00.0,0.0
1698,28,1,2052-11-01T00:00:00.0,0.0
1699,29,1,2052-11-01T00:00:00.0,0.0
1700,30,1,2052-11-01T00:00:00.0,0.0
1701,26,1,2053-11-01T00:00:00.0,0.0
1702,27,1,2053-11-01T00:00:00.0,0.0
1703,28,1,2053-11-01T00:00:00.0,0.0
1704,29,1,2053-11-01T00:00:00.0,0.0
1705,30,1,2053-11-01T00:00:00.0,0.0
1706,26,1,2024-04-01T00:00:00.0,0.0
1707,27,1,2024-04-01T00:00:00.0,0.0
1708,28,1,2024-04-01T00:00:00.0,0.0
1709,29,1,2024-04-01T00:00:00.0,0.0
1710,30,1,2024-04-01T00:00:00.0,0.0
1711,26,1,2025-04-01T00:00:00.0,0.0
1712,27,1,2025-04-01T00:00:00.0,0.0
1713,28,1,2025-04-01T00:00:00.0,0.0
1714,29,1,2025-04-01T00:00:00.0,0.0
1715,30,1,2025-04-01T00:00:00.0,0.0
1716,26,1,2026-04-01T00:00:00.0,0.0
1717,27,1,2026-04-01T00:00:00.0,0.0
1718,28,1,2026-04-01T00:00:00.0,0.0
1719,29,1,2026-04-01T00:00:00.0,0.0
1720,30,1,2026-04-01T00:00:00.0,0.0
1721,26,1,2027-04-01T00:00:00.0,0.0
1722,27,1,2027-04-01T00:00:00.0,0.0
1723,28,1,2027-04-01T00:00:00.0,0.0
1724,29,1,2027-04-01T00:00:00.0,0.0
1725,30,1,2027-04-01T00:00:00.0,0.0
1726,26,1,2028-04-01T00:00:00.0,0.0
1727,27,1,2028-04-01T00:00:00.0,0.0
1728,28,1,2028-04-01T00:00:00.0,0.0
1729,29,1,2028-04-01T00:00:00.0,0.0
1730,30,1,2028-04-01T00:00:00.0,0.0
1731,26,1,2029-04-01T00:00:00.0,0.0
1732,27,1,2029-04-01T00:00:00.0,0.0
1733,28,1,2029-04-01T00:00:00.0,0.0
1734,29,1,2029-04-01T00:00:00.0,0.0
1735,30,1,2029-04-01T00:00:00.0,0.0
1736,26,1,2030-04-01T00:00:00.0,0.0
1737,27,1,2030-04-01T00:00:00.0,0.0
1738,28,1,2030-04-01T00:00:00.0,0.0
1739,29,1,2030-04-01T00:00:00.0,0.0
1740,30,1,2030-04-01T00:00:00.0,0.0
1741,26,1,2031-04-01T00:00:00.0,0.0
1742,27,1,2031-04-01T00:00:00.0,0.0
1743,28,1,2031-04-01T00:00:00.0,0.0
1744,29,1,2031-04-01T00:00:00.0,0.0
1745,30,1,2031-04-01T00:00:00.0,0.0
1746,26,1,2032-04-01T00:00:00.0,0.0
1747,27,1,2032-04-01T00:00:00.0,0.0
1748,28,1,2032-04-01T00:00:00.0,0.0
1749,29,1,2032-04-01T00:00:00.0,0.0
1750,30,1,2032-04-01T00:00:00.0,0.0
1751,26,1,2033-04-01T00:00:00.0,0.0
1752,27,1,2033-04-01T00:00:00.0,0.0
1753,28,1,2033-04-01T00:00:00.0,0.0
1754,29,1,2033-04-01T00:00:00.0,0.0
1755,30,1,2033-04-01T00:00:00.0,0.0
1756,26,1,2034-04-01T00:00:00.0,0.0
1757,27,1,2034-04-01T00:00:00.0,0.0
1758,28,1,2034-04-01T00:00:00.0,0.0
1759,29,1,2034-04-01T00:00:00.0,0.0
1760,30,1,2034-04-01T00:00:00.0,0.0
1761,26,1,2035-04-01T00:00:00.0,0.0
1762,27,1,2035-04-01T00:00:00.0,0.0
1763,28,1,2035-04-01T00:00:00.0,0.0
1764,29,1,2035-04-01T00:00:00.0,0.0
1765,30,1,2035-04-01T00:00:00.0,0.0
1766,26,1,2036-04-01T00:00:00.0,0.0
1767,27,1,2036-04-01T00:00:00.0,0.0
1768,28,1,2036-04-01T00:00:00.0,0.0
1769,29,1,2036-04-01T00:00:00.0,0.0
1770,30,1,2036-04-01T00:00:00.0,0.0
1771,26,1,2037-04-01T00:00:00.0,0.0
1772,27,1,2037-04-01T00:00:00.0,0.0
1773,28,1,2037-04-01T00:00:00.0,0.0
1774,29,1,2037-04-01T00:00:00.0,0.0
1775,30,1,2037-04-01T00:00:00.0,0.0
1776,26,1,2038-04-01T00:00:00.0,0.0
1777,27,1,2038-04-01T00:00:00.0,0.0
1778,28,1,2038-04-01T00:00:00.0,0.0
1779,29,1,2038-04-01T00:00:00.0,0.0
1780,30,1,2038-04-01T00:00:00.0,0.0
1781,26,1,2039-04-01T00:00:00.0,0.0
1782,27,1,2039-04-01T00:00:00.0,0.0
1783,28,1,2039-04-01T00:00:00.0,0.0
1784,29,1,2039-04-01T00:00:00.0,0.0
1785,30,1,2039-04-01T00:00:00.0,0.0
1786,26,1,2040-04-01T00:00:00.0,0.0
1787,27,1,2040-04-01T00:00:00.0,0.0
1788,28,1,2040-04-01T00:00:00.0,0.0
1789,29,1,2040-04-01T00:00:00.0,0.0
1790,30,1,2040-04-01T00:00:00.0,0.0
1791,26,1,2041-04-01T00:00:00.0,0.0
1792,27,1,2041-04-01T00:00:00.0,0.0
1793,28,1,2041-04-01T00:00:00.0,0.0
1794,29,1,2041-04-01T00:00:00.0,0.0
1795,30,1,2041-04-01T00:00:00.0,0.0
1796,26,1,2042-04-01T00:00:00.0,0.0
1797,27,1,2042-04-01T00:00:00.0,0.0
1798,28,1,2042-04-01T00:00:00.0,0.0
1799,29,1,2042-04-01T00:00:00.0,0.0
1800,30,1,2042-04-01T00:00:00.0,0.0
1801,26,1,2043-04-01T00:00:00.0,0.0
1802,27,1,2043-04-01T00:00:00.0,0.0
1803,28,1,2043-04-01T00:00:00.0,0.0
1804,29,1,2043-04-01T00:00:00.0,0.0
1805,30,1,2043-04-01T00:00:00.0,0.0
1806,26,1,2044-04-01T00:00:00.0,0.0
1807,27,1,2044-04-01T00:00:00.0,0.0
1808,28,1,2044-04-01T00:00:00.0,0.0
1809,29,1,2044-04-01T00:00:00.0,0.0
1810,30,1,2044-04-01T00:00:00.0,0.0
1811,26,1,2045-04-01T00:00:00.0,0.0
1812,27,1,2045-04-01T00:00:00.0,0.0
1813,28,1,2045-04-01T00:00:00.0,0.0
1814,29,1,2045-04-01T00:00:00.0,0.0
1815,30,1,2045-04-01T00:00:00.0,0.0
1816,26,1,2046-04-01T00:00:00.0,0.0
1817,27,1,2046-04-01T00:00:00.0,0.0
1818,28,1,2046-04-01T00:00:00.0,0.0
1819,29,1,2046-04-01T00:00:00.0,0.0
1820,30,1,2046-04-01T00:00:00.0,0.0
1821,26,1,2047-04-01T00:00:00.0,0.0
1822,27,1,2047-04-01T00:00:00.0,0.0
1823,28,1,2047-04-01T00:00:00.0,0.0
1824,29,1,2047-04-01T00:00:00.0,0.0
1825,30,1,2047-04-01T00:00:00.0,0.0
1826,26,1,2048-04-01T00:00:00.0,0.0
1827,27,1,2048-04-01T00:00:00.0,0.0
1828,28,1,2048-04-01T00:00:00.0,0.0
1829,29,1,2048-04-01T00:00:00.0,0.0
1830,30,1,2048-04-01T00:00:00.0,0.0
1831,26,1,2049-04-01T00:00:00.0,0.0
1832,27,1,2049-04-01T00:00:00.0,0.0
1833,28,1,2049-04-01T00:00:00.0,0.0
1834,29,1,2049-04-01T00:00:00.0,0.0
1835,30,1,2049-04-01T00:00:00.0,0.0
1836,26,1,2050-04-01T00:00:00.0,0.0
1837,27,1,2050-04-01T00:00:00.0,0.0
1838,28,1,2050-04-01T00:00:00.0,0.0
1839,29,1,2050-04-01T00:00:00.0,0.0
1840,30,1,2050-04-01T00:00:00.0,0.0
1841,26,1,2051-04-01T00:00:00.0,0.0
1842,27,1,2051-04-01T00:00:00.0,0.0
1843,28,1,2051-04-01T00:00:00.0,0.0
1844,29,1,2051-04-01T00:00:00.0,0.0
1845,30,1,2051-04-01T00:00:00.0,0.0
1846,26,1,2052-04-01T00:00:00.0,0.0
1847,27,1,2052-04-01T00:00:00.0,0.0
1848,28,1,2052-04-01T00:00:00.0,0.0
1849,29,1,2052-04-01T00:00:00.0,0.0
1850,30,1,2052-04-01T00:00:00.0,0.0
1851,26,1,2053-04-01T00:00:00.0,0.0
1852,27,1,2053-04-01T00:00:00.0,0.0
1853,28,1,2053-04-01T00:00:00.0,0.0
1854,29,1,2053-04-01T00:00:00.0,0.0
1855,30,1,2053-04-01T00:00:00.0,0.0
1856,26,1,2054-04-01T00:00:00.0,0.0
1857,27,1,2054-04-01T00:00:00.0,0.0
1858,28,1,2054-04-01T00:00:00.0,0.0
1859,29,1,2054-04-01T00:00:00.0,0.0
1860,30,1,2054-04-01T00:00:00.0,0.0
1861,31,1,2023-11-01T00:00:00.0,0.0
1862,32,1,2023-11-01T00:00:00.0,0.0
1863,33,1,2023-11-01T00:00:00.0,93.74
1864,34,1,2023-11-01T00:00:00.0,1.0
1865,35,1,2023-11-01T00:00:00.0,242.0
1866,31,1,2024-11-01T00:00:00.0,0.0
1867,32,1,2024-11-01T00:00:00.0,0.0
1868,33,1,2024-11-01T00:00:00.0,95.47
1869,34,1,2024-11-01T00:00:00.0,1.019999999999996
1870,35,1,2024-11-01T00:00:00.0,246.45
1871,31,1,2025-11-01T00:00:00.0,0.0
1872,32,1,2025-11-01T00:00:00.0,0.0
1873,33,1,2025-11-01T00:00:00.0,97.26
1874,34,1,2025-11-01T00:00:00.0,1.039999999999992
1875,35,1,2025-11-01T00:00:00.0,251.09999999999997
1876,31,1,2026-11-01T00:00:00.0,0.0
1877,32,1,2026-11-01T00:00:00.0,0.0
1878,33,1,2026-11-01T00:00:00.0,99.67
1879,34,1,2026-11-01T00:00:00.0,1.0699999999999932
1880,35,1,2026-11-01T00:00:00.0,257.31
1881,31,1,2027-11-01T00:00:00.0,0.0
1882,32,1,2027-11-01T00:00:00.0,0.0
1883,33,1,2027-11-01T00:00:00.0,138.93
1884,34,1,2027-11-01T00:00:00.0,1.4899999999999807
1885,35,1,2027-11-01T00:00:00.0,358.66999999999996
1886,31,1,2028-11-01T00:00:00.0,0.0
1887,32,1,2028-11-01T00:00:00.0,0.0
1888,33,1,2028-11-01T00:00:00.0,190.77
1889,34,1,2028-11-01T00:00:00.0,2.039999999999992
1890,35,1,2028-11-01T00:00:00.0,492.49999999999994
1891,31,1,2029-11-01T00:00:00.0,0.0
1892,32,1,2029-11-01T00:00:00.0,0.0
1893,33,1,2029-11-01T00:00:00.0,236.72
1894,34,1,2029-11-01T00:00:00.0,2.530000000000001
1895,35,1,2029-11-01T00:00:00.0,611.13
1896,31,1,2030-11-01T00:00:00.0,0.0
1897,32,1,2030-11-01T00:00:00.0,0.0
1898,33,1,2030-11-01T00:00:00.0,256.31
1899,34,1,2030-11-01T00:00:00.0,2.730000000000018
1900,35,1,2030-11-01T00:00:00.0,661.6800000000001
1901,31,1,2031-11-01T00:00:00.0,0.0
1902,32,1,2031-11-01T00:00:00.0,0.0
1903,33,1,2031-11-01T00:00:00.0,275.88
1904,34,1,2031-11-01T00:00:00.0,2.9399999999999977
1905,35,1,2031-11-01T00:00:00.0,712.2
1906,31,1,2032-11-01T00:00:00.0,0.0
1907,32,1,2032-11-01T00:00:00.0,0.0
1908,33,1,2032-11-01T00:00:00.0,295.44
1909,34,1,2032-11-01T00:00:00.0,3.1499999999999773
1910,35,1,2032-11-01T00:00:00.0,762.69
1911,31,1,2033-11-01T00:00:00.0,0.0
1912,32,1,2033-11-01T00:00:00.0,0.0
1913,33,1,2033-11-01T00:00:00.0,297.87
1914,34,1,2033-11-01T00:00:00.0,3.180000000000007
1915,35,1,2033-11-01T00:00:00.0,768.99
1916,31,1,2034-11-01T00:00:00.0,0.0
1917,32,1,2034-11-01T00:00:00.0,0.0
1918,33,1,2034-11-01T00:00:00.0,300.52
1919,34,1,2034-11-01T00:00:00.0,3.2100000000000364
1920,35,1,2034-11-01T00:00:00.0,775.81
1921,31,1,2035-11-01T00:00:00.0,0.0
1922,32,1,2035-11-01T00:00:00.0,0.0
1923,33,1,2035-11-01T00:00:00.0,302.65
1924,34,1,2035-11-01T00:00:00.0,3.230000000000018
1925,35,1,2035-11-01T00:00:00.0,781.33
1926,31,1,2036-11-01T00:00:00.0,0.0
1927,32,1,2036-11-01T00:00:00.0,0.0
1928,33,1,2036-11-01T00:00:00.0,305.36
1929,34,1,2036-11-01T00:00:00.0,3.259999999999991
1930,35,1,2036-11-01T00:00:00.0,788.3100000000001
1931,31,1,2037-11-01T00:00:00.0,0.0
1932,32,1,2037-11-01T00:00:00.0,0.0
1933,33,1,2037-11-01T00:00:00.0,307.73
1934,34,1,2037-11-01T00:00:00.0,3.2799999999999727
1935,35,1,2037-11-01T00:00:00.0,794.4300000000001
1936,31,1,2038-11-01T00:00:00.0,0.0
1937,32,1,2038-11-01T00:00:00.0,0.0
1938,33,1,2038-11-01T00:00:00.0,310.75
1939,34,1,2038-11-01T00:00:00.0,3.3100000000000023
1940,35,1,2038-11-01T00:00:00.0,802.23
1941,31,1,2039-11-01T00:00:00.0,0.0
1942,32,1,2039-11-01T00:00:00.0,0.0
1943,33,1,2039-11-01T00:00:00.0,313.13
1944,34,1,2039-11-01T00:00:00.0,3.340000000000032
1945,35,1,2039-11-01T00:00:00.0,808.3799999999999
1946,31,1,2040-11-01T00:00:00.0,0.0
1947,32,1,2040-11-01T00:00:00.0,0.0
1948,33,1,2040-11-01T00:00:00.0,316.32
1949,34,1,2040-11-01T00:00:00.0,3.3799999999999955
1950,35,1,2040-11-01T00:00:00.0,816.6099999999999
1951,31,1,2041-11-01T00:00:00.0,0.0
1952,32,1,2041-11-01T00:00:00.0,0.0
1953,33,1,2041-11-01T00:00:00.0,316.85
1954,34,1,2041-11-01T00:00:00.0,3.3799999999999955
1955,35,1,2041-11-01T00:00:00.0,817.98
1956,31,1,2042-11-01T00:00:00.0,0.0
1957,32,1,2042-11-01T00:00:00.0,0.0
1958,33,1,2042-11-01T00:00:00.0,317.88
1959,34,1,2042-11-01T00:00:00.0,3.3899999999999864
1960,35,1,2042-11-01T00:00:00.0,820.6200000000001
1961,31,1,2043-11-01T00:00:00.0,0.0
1962,32,1,2043-11-01T00:00:00.0,0.0
1963,33,1,2043-11-01T00:00:00.0,319.67
1964,34,1,2043-11-01T00:00:00.0,3.409999999999968
1965,35,1,2043-11-01T00:00:00.0,825.25
1966,31,1,2044-11-01T00:00:00.0,0.0
1967,32,1,2044-11-01T00:00:00.0,0.0
1968,33,1,2044-11-01T00:00:00.0,319.09
1969,34,1,2044-11-01T00:00:00.0,3.410000000000025
1970,35,1,2044-11-01T00:00:00.0,823.76
1971,31,1,2045-11-01T00:00:00.0,0.0
1972,32,1,2045-11-01T00:00:00.0,0.0
1973,33,1,2045-11-01T00:00:00.0,319.88
1974,34,1,2045-11-01T00:00:00.0,3.410000000000025
1975,35,1,2045-11-01T00:00:00.0,825.79
1976,31,1,2046-11-01T00:00:00.0,0.0
1977,32,1,2046-11-01T00:00:00.0,0.0
1978,33,1,2046-11-01T00:00:00.0,320.5
1979,34,1,2046-11-01T00:00:00.0,3.410000000000025
1980,35,1,2046-11-01T00:00:00.0,827.3899999999999
1981,31,1,2047-11-01T00:00:00.0,0.0
1982,32,1,2047-11-01T00:00:00.0,0.0
1983,33,1,2047-11-01T00:00:00.0,320.06
1984,34,1,2047-11-01T00:00:00.0,3.410000000000025
1985,35,1,2047-11-01T00:00:00.0,826.25
1986,31,1,2048-11-01T00:00:00.0,0.0
1987,32,1,2048-11-01T00:00:00.0,0.0
1988,33,1,2048-11-01T00:00:00.0,321.14
1989,34,1,2048-11-01T00:00:00.0,3.420000000000016
1990,35,1,2048-11-01T00:00:00.0,829.05
1991,31,1,2049-11-01T00:00:00.0,0.0
1992,32,1,2049-11-01T00:00:00.0,0.0
1993,33,1,2049-11-01T00:00:00.0,322.34
1994,34,1,2049-11-01T00:00:00.0,3.4399999999999977
1995,35,1,2049-11-01T00:00:00.0,832.1500000000001
1996,31,1,2050-11-01T00:00:00.0,0.0
1997,32,1,2050-11-01T00:00:00.0,0.0
1998,33,1,2050-11-01T00:00:00.0,324.64
1999,34,1,2050-11-01T00:00:00.0,3.4600000000000364
2000,35,1,2050-11-01T00:00:00.0,838.08
2001,31,1,2051-11-01T00:00:00.0,0.0
2002,32,1,2051-11-01T00:00:00.0,0.0
2003,33,1,2051-11-01T00:00:00.0,329.95
2004,34,1,2051-11-01T00:00:00.0,3.5200000000000387
2005,35,1,2051-11-01T00:00:00.0,851.78
2006,31,1,2052-11-01T00:00:00.0,0.0
2007,32,1,2052-11-01T00:00:00.0,0.0
2008,33,1,2052-11-01T00:00:00.0,333.56
2009,34,1,2052-11-01T00:00:00.0,3.5600000000000023
2010,35,1,2052-11-01T00:00:00.0,861.11
2011,31,1,2053-11-01T00:00:00.0,0.0
2012,32,1,2053-11-01T00:00:00.0,0.0
2013,33,1,2053-11-01T00:00:00.0,337.9
2014,34,1,2053-11-01T00:00:00.0,3.6000000000000227
2015,35,1,2053-11-01T00:00:00.0,872.3199999999999
2016,31,1,2024-04-01T00:00:00.0,0.0
2017,32,1,2024-04-01T00:00:00.0,0.0
2018,33,1,2024-04-01T00:00:00.0,93.74
2019,34,1,2024-04-01T00:00:00.0,1.0
2020,35,1,2024-04-01T00:00:00.0,242.01
2021,31,1,2025-04-01T00:00:00.0,0.0
2022,32,1,2025-04-01T00:00:00.0,0.0
2023,33,1,2025-04-01T00:00:00.0,95.27
2024,34,1,2025-04-01T00:00:00.0,1.0100000000000051
2025,35,1,2025-04-01T00:00:00.0,245.95000000000002
2026,31,1,2026-04-01T00:00:00.0,0.0
2027,32,1,2026-04-01T00:00:00.0,0.0
2028,33,1,2026-04-01T00:00:00.0,97.61
2029,34,1,2026-04-01T00:00:00.0,1.0400000000000063
2030,35,1,2026-04-01T00:00:00.0,251.98
2031,31,1,2027-04-01T00:00:00.0,0.0
2032,32,1,2027-04-01T00:00:00.0,0.0
2033,33,1,2027-04-01T00:00:00.0,99.64
2034,34,1,2027-04-01T00:00:00.0,1.0699999999999932
2035,35,1,2027-04-01T00:00:00.0,257.24
2036,31,1,2028-04-01T00:00:00.0,0.0
2037,32,1,2028-04-01T00:00:00.0,0.0
2038,33,1,2028-04-01T00:00:00.0,101.28
2039,34,1,2028-04-01T00:00:00.0,1.0799999999999983
2040,35,1,2028-04-01T00:00:00.0,261.46999999999997
2041,31,1,2029-04-01T00:00:00.0,0.0
2042,32,1,2029-04-01T00:00:00.0,0.0
2043,33,1,2029-04-01T00:00:00.0,97.74
2044,34,1,2029-04-01T00:00:00.0,1.0400000000000063
2045,35,1,2029-04-01T00:00:00.0,252.32000000000002
2046,31,1,2030-04-01T00:00:00.0,0.0
2047,32,1,2030-04-01T00:00:00.0,0.0
2048,33,1,2030-04-01T00:00:00.0,96.56
2049,34,1,2030-04-01T00:00:00.0,1.0300000000000011
2050,35,1,2030-04-01T00:00:00.0,249.29999999999998
2051,31,1,2031-04-01T00:00:00.0,0.0
2052,32,1,2031-04-01T00:00:00.0,0.0
2053,33,1,2031-04-01T00:00:00.0,97.43
2054,34,1,2031-04-01T00:00:00.0,1.039999999999992
2055,35,1,2031-04-01T00:00:00.0,251.53
2056,31,1,2032-04-01T00:00:00.0,0.0
2057,32,1,2032-04-01T00:00:00.0,0.0
2058,33,1,2032-04-01T00:00:00.0,98.15
2059,34,1,2032-04-01T00:00:00.0,1.039999999999992
2060,35,1,2032-04-01T00:00:00.0,253.38
2061,31,1,2033-04-01T00:00:00.0,0.0
2062,32,1,2033-04-01T00:00:00.0,0.0
2063,33,1,2033-04-01T00:00:00.0,98.68
2064,34,1,2033-04-01T00:00:00.0,1.0499999999999972
2065,35,1,2033-04-01T00:00:00.0,254.75
2066,31,1,2034-04-01T00:00:00.0,0.0
2067,32,1,2034-04-01T00:00:00.0,0.0
2068,33,1,2034-04-01T00:00:00.0,99.45
2069,34,1,2034-04-01T00:00:00.0,1.0600000000000023
2070,35,1,2034-04-01T00:00:00.0,256.76
2071,31,1,2035-04-01T00:00:00.0,0.0
2072,32,1,2035-04-01T00:00:00.0,0.0
2073,33,1,2035-04-01T00:00:00.0,100.26
2074,34,1,2035-04-01T00:00:00.0,1.0699999999999932
2075,35,1,2035-04-01T00:00:00.0,258.83000000000004
2076,31,1,2036-04-01T00:00:00.0,0.0
2077,32,1,2036-04-01T00:00:00.0,0.0
2078,33,1,2036-04-01T00:00:00.0,101.06
2079,34,1,2036-04-01T00:00:00.0,1.0799999999999983
2080,35,1,2036-04-01T00:00:00.0,260.91
2081,31,1,2037-04-01T00:00:00.0,0.0
2082,32,1,2037-04-01T00:00:00.0,0.0
2083,33,1,2037-04-01T00:00:00.0,101.73
2084,34,1,2037-04-01T00:00:00.0,1.0799999999999983
2085,35,1,2037-04-01T00:00:00.0,262.64
2086,31,1,2038-04-01T00:00:00.0,0.0
2087,32,1,2038-04-01T00:00:00.0,0.0
2088,33,1,2038-04-01T00:00:00.0,102.64
2089,34,1,2038-04-01T00:00:00.0,1.0900000000000034
2090,35,1,2038-04-01T00:00:00.0,264.96999999999997
2091,31,1,2039-04-01T00:00:00.0,0.0
2092,32,1,2039-04-01T00:00:00.0,0.0
2093,33,1,2039-04-01T00:00:00.0,103.32
2094,34,1,2039-04-01T00:00:00.0,1.1000000000000085
2095,35,1,2039-04-01T00:00:00.0,266.74
2096,31,1,2040-04-01T00:00:00.0,0.0
2097,32,1,2040-04-01T00:00:00.0,0.0
2098,33,1,2040-04-01T00:00:00.0,104.21
2099,34,1,2040-04-01T00:00:00.0,1.1099999999999994
2100,35,1,2040-04-01T00:00:00.0,269.03000000000003
2101,31,1,2041-04-01T00:00:00.0,0.0
2102,32,1,2041-04-01T00:00:00.0,0.0
2103,33,1,2041-04-01T00:00:00.0,104.75
2104,34,1,2041-04-01T00:00:00.0,1.1099999999999994
2105,35,1,2041-04-01T00:00:00.0,270.41999999999996
2106,31,1,2042-04-01T00:00:00.0,0.0
2107,32,1,2042-04-01T00:00:00.0,0.0
2108,33,1,2042-04-01T00:00:00.0,105.26
2109,34,1,2042-04-01T00:00:00.0,1.1299999999999955
2110,35,1,2042-04-01T00:00:00.0,271.76
2111,31,1,2043-04-01T00:00:00.0,0.0
2112,32,1,2043-04-01T00:00:00.0,0.0
2113,33,1,2043-04-01T00:00:00.0,105.58
2114,34,1,2043-04-01T00:00:00.0,1.1299999999999955
2115,35,1,2043-04-01T00:00:00.0,272.57
2116,31,1,2044-04-01T00:00:00.0,0.0
2117,32,1,2044-04-01T00:00:00.0,0.0
2118,33,1,2044-04-01T00:00:00.0,105.27
2119,34,1,2044-04-01T00:00:00.0,1.1200000000000045
2120,35,1,2044-04-01T00:00:00.0,271.78000000000003
2121,31,1,2045-04-01T00:00:00.0,0.0
2122,32,1,2045-04-01T00:00:00.0,0.0
2123,33,1,2045-04-01T00:00:00.0,104.91
2124,34,1,2045-04-01T00:00:00.0,1.1200000000000045
2125,35,1,2045-04-01T00:00:00.0,270.86
2126,31,1,2046-04-01T00:00:00.0,0.0
2127,32,1,2046-04-01T00:00:00.0,0.0
2128,33,1,2046-04-01T00:00:00.0,104.99
2129,34,1,2046-04-01T00:00:00.0,1.1200000000000045
2130,35,1,2046-04-01T00:00:00.0,271.03999999999996
2131,31,1,2047-04-01T00:00:00.0,0.0
2132,32,1,2047-04-01T00:00:00.0,0.0
2133,33,1,2047-04-01T00:00:00.0,105.36
2134,34,1,2047-04-01T00:00:00.0,1.1200000000000045
2135,35,1,2047-04-01T00:00:00.0,271.99
2136,31,1,2048-04-01T00:00:00.0,0.0
2137,32,1,2048-04-01T00:00:00.0,0.0
2138,33,1,2048-04-01T00:00:00.0,105.6
2139,34,1,2048-04-01T00:00:00.0,1.1300000000000097
2140,35,1,2048-04-01T00:00:00.0,272.62
2141,31,1,2049-04-01T00:00:00.0,0.0
2142,32,1,2049-04-01T00:00:00.0,0.0
2143,33,1,2049-04-01T00:00:00.0,105.65
2144,34,1,2049-04-01T00:00:00.0,1.1299999999999955
2145,35,1,2049-04-01T00:00:00.0,272.75
2146,31,1,2050-04-01T00:00:00.0,0.0
2147,32,1,2050-04-01T00:00:00.0,0.0
2148,33,1,2050-04-01T00:00:00.0,106.0
2149,34,1,2050-04-01T00:00:00.0,1.1400000000000006
2150,35,1,2050-04-01T00:00:00.0,273.66
2151,31,1,2051-04-01T00:00:00.0,0.0
2152,32,1,2051-04-01T00:00:00.0,0.0
2153,33,1,2051-04-01T00:00:00.0,106.6
2154,34,1,2051-04-01T00:00:00.0,1.1300000000000097
2155,35,1,2051-04-01T00:00:00.0,275.2
2156,31,1,2052-04-01T00:00:00.0,0.0
2157,32,1,2052-04-01T00:00:00.0,0.0
2158,33,1,2052-04-01T00:00:00.0,108.2
2159,34,1,2052-04-01T00:00:00.0,1.1599999999999966
2160,35,1,2052-04-01T00:00:00.0,279.34999999999997
2161,31,1,2053-04-01T00:00:00.0,0.0
2162,32,1,2053-04-01T00:00:00.0,0.0
2163,33,1,2053-04-01T00:00:00.0,109.53
2164,34,1,2053-04-01T00:00:00.0,1.1700000000000017
2165,35,1,2053-04-01T00:00:00.0,282.76
2166,31,1,2054-04-01T00:00:00.0,0.0
2167,32,1,2054-04-01T00:00:00.0,0.0
2168,33,1,2054-04-01T00:00:00.0,110.75
2169,34,1,2054-04-01T00:00:00.0,1.1800000000000068
2170,35,1,2054-04-01T00:00:00.0,285.90999999999997
2171,36,1,2023-11-01T00:00:00.0,0.0
2172,37,1,2023-11-01T00:00:00.0,0.0
2173,38,1,2023-11-01T00:00:00.0,0.0
2174,39,1,2023-11-01T00:00:00.0,0.0
2175,40,1,2023-11-01T00:00:00.0,0.0
2176,36,1,2024-11-01T00:00:00.0,0.0
2177,37,1,2024-11-01T00:00:00.0,0.0
2178,38,1,2024-11-01T00:00:00.0,0.0
2179,39,1,2024-11-01T00:00:00.0,0.0
2180,40,1,2024-11-01T00:00:00.0,0.0
2181,36,1,2025-11-01T00:00:00.0,0.0
2182,37,1,2025-11-01T00:00:00.0,0.0
2183,38,1,2025-11-01T00:00:00.0,0.0
2184,39,1,2025-11-01T00:00:00.0,0.0
2185,40,1,2025-11-01T00:00:00.0,0.0
2186,36,1,2026-11-01T00:00:00.0,0.0
2187,37,1,2026-11-01T00:00:00.0,0.0
2188,38,1,2026-11-01T00:00:00.0,0.0
2189,39,1,2026-11-01T00:00:00.0,0.0
2190,40,1,2026-11-01T00:00:00.0,0.0
2191,36,1,2027-11-01T00:00:00.0,0.0
2192,37,1,2027-11-01T00:00:00.0,0.0
2193,38,1,2027-11-01T00:00:00.0,0.0
2194,39,1,2027-11-01T00:00:00.0,0.0
2195,40,1,2027-11-01T00:00:00.0,0.0
2196,36,1,2028-11-01T00:00:00.0,0.0
2197,37,1,2028-11-01T00:00:00.0,0.0
2198,38,1,2028-11-01T00:00:00.0,0.0
2199,39,1,2028-11-01T00:00:00.0,0.0
2200,40,1,2028-11-01T00:00:00.0,0.0
2201,36,1,2029-11-01T00:00:00.0,0.0
2202,37,1,2029-11-01T00:00:00.0,0.0
2203,38,1,2029-11-01T00:00:00.0,0.0
2204,39,1,2029-11-01T00:00:00.0,0.0
2205,40,1,2029-11-01T00:00:00.0,0.0
2206,36,1,2030-11-01T00:00:00.0,0.0
2207,37,1,2030-11-01T00:00:00.0,0.0
2208,38,1,2030-11-01T00:00:00.0,0.0
2209,39,1,2030-11-01T00:00:00.0,0.0
2210,40,1,2030-11-01T00:00:00.0,0.0
2211,36,1,2031-11-01T00:00:00.0,0.0
2212,37,1,2031-11-01T00:00:00.0,0.0
2213,38,1,2031-11-01T00:00:00.0,0.0
2214,39,1,2031-11-01T00:00:00.0,0.0
2215,40,1,2031-11-01T00:00:00.0,0.0
2216,36,1,2032-11-01T00:00:00.0,0.0
2217,37,1,2032-11-01T00:00:00.0,0.0
2218,38,1,2032-11-01T00:00:00.0,0.0
2219,39,1,2032-11-01T00:00:00.0,0.0
2220,40,1,2032-11-01T00:00:00.0,0.0
2221,36,1,2033-11-01T00:00:00.0,0.0
2222,37,1,2033-11-01T00:00:00.0,0.0
2223,38,1,2033-11-01T00:00:00.0,0.0
2224,39,1,2033-11-01T00:00:00.0,0.0
2225,40,1,2033-11-01T00:00:00.0,0.0
2226,36,1,2034-11-01T00:00:00.0,0.0
2227,37,1,2034-11-01T00:00:00.0,0.0
2228,38,1,2034-11-01T00:00:00.0,0.0
2229,39,1,2034-11-01T00:00:00.0,0.0
2230,40,1,2034-11-01T00:00:00.0,0.0
2231,36,1,2035-11-01T00:00:00.0,0.0
2232,37,1,2035-11-01T00:00:00.0,0.0
2233,38,1,2035-11-01T00:00:00.0,0.0
2234,39,1,2035-11-01T00:00:00.0,0.0
2235,40,1,2035-11-01T00:00:00.0,0.0
2236,36,1,2036-11-01T00:00:00.0,0.0
2237,37,1,2036-11-01T00:00:00.0,0.0
2238,38,1,2036-11-01T00:00:00.0,0.0
2239,39,1,2036-11-01T00:00:00.0,0.0
2240,40,1,2036-11-01T00:00:00.0,0.0
2241,36,1,2037-11-01T00:00:00.0,0.0
2242,37,1,2037-11-01T00:00:00.0,0.0
2243,38,1,2037-11-01T00:00:00.0,0.0
2244,39,1,2037-11-01T00:00:00.0,0.0
2245,40,1,2037-11-01T00:00:00.0,0.0
2246,36,1,2038-11-01T00:00:00.0,0.0
2247,37,1,2038-11-01T00:00:00.0,0.0
2248,38,1,2038-11-01T00:00:00.0,0.0
2249,39,1,2038-11-01T00:00:00.0,0.0
2250,40,1,2038-11-01T00:00:00.0,0.0
2251,36,1,2039-11-01T00:00:00.0,0.0
2252,37,1,2039-11-01T00:00:00.0,0.0
2253,38,1,2039-11-01T00:00:00.0,0.0
2254,39,1,2039-11-01T00:00:00.0,0.0
2255,40,1,2039-11-01T00:00:00.0,0.0
2256,36,1,2040-11-01T00:00:00.0,0.0
2257,37,1,2040-11-01T00:00:00.0,0.0
2258,38,1,2040-11-01T00:00:00.0,0.0
2259,39,1,2040-11-01T00:00:00.0,0.0
2260,40,1,2040-11-01T00:00:00.0,0.0
2261,36,1,2041-11-01T00:00:00.0,0.0
2262,37,1,2041-11-01T00:00:00.0,0.0
2263,38,1,2041-11-01T00:00:00.0,0.0
2264,39,1,2041-11-01T00:00:00.0,0.0
2265,40,1,2041-11-01T00:00:00.0,0.0
2266,36,1,2042-11-01T00:00:00.0,0.0
2267,37,1,2042-11-01T00:00:00.0,0.0
2268,38,1,2042-11-01T00:00:00.0,0.0
2269,39,1,2042-11-01T00:00:00.0,0.0
2270,40,1,2042-11-01T00:00:00.0,0.0
2271,36,1,2043-11-01T00:00:00.0,0.0
2272,37,1,2043-11-01T00:00:00.0,0.0
2273,38,1,2043-11-01T00:00:00.0,0.0
2274,39,1,2043-11-01T00:00:00.0,0.0
2275,40,1,2043-11-01T00:00:00.0,0.0
2276,36,1,2044-11-01T00:00:00.0,0.0
2277,37,1,2044-11-01T00:00:00.0,0.0
2278,38,1,2044-11-01T00:00:00.0,0.0
2279,39,1,2044-11-01T00:00:00.0,0.0
2280,40,1,2044-11-01T00:00:00.0,0.0
2281,36,1,2045-11-01T00:00:00.0,0.0
2282,37,1,2045-11-01T00:00:00.0,0.0
2283,38,1,2045-11-01T00:00:00.0,0.0
2284,39,1,2045-11-01T00:00:00.0,0.0
2285,40,1,2045-11-01T00:00:00.0,0.0
2286,36,1,2046-11-01T00:00:00.0,0.0
2287,37,1,2046-11-01T00:00:00.0,0.0
2288,38,1,2046-11-01T00:00:00.0,0.0
2289,39,1,2046-11-01T00:00:00.0,0.0
2290,40,1,2046-11-01T00:00:00.0,0.0
2291,36,1,2047-11-01T00:00:00.0,0.0
2292,37,1,2047-11-01T00:00:00.0,0.0
2293,38,1,2047-11-01T00:00:00.0,0.0
2294,39,1,2047-11-01T00:00:00.0,0.0
2295,40,1,2047-11-01T00:00:00.0,0.0
2296,36,1,2048-11-01T00:00:00.0,0.0
2297,37,1,2048-11-01T00:00:00.0,0.0
2298,38,1,2048-11-01T00:00:00.0,0.0
2299,39,1,2048-11-01T00:00:00.0,0.0
2300,40,1,2048-11-01T00:00:00.0,0.0
2301,36,1,2049-11-01T00:00:00.0,0.0
2302,37,1,2049-11-01T00:00:00.0,0.0
2303,38,1,2049-11-01T00:00:00.0,0.0
2304,39,1,2049-11-01T00:00:00.0,0.0
2305,40,1,2049-11-01T00:00:00.0,0.0
2306,36,1,2050-11-01T00:00:00.0,0.0
2307,37,1,2050-11-01T00:00:00.0,0.0
2308,38,1,2050-11-01T00:00:00.0,0.0
2309,39,1,2050-11-01T00:00:00.0,0.0
2310,40,1,2050-11-01T00:00:00.0,0.0
2311,36,1,2051-11-01T00:00:00.0,0.0
2312,37,1,2051-11-01T00:00:00.0,0.0
2313,38,1,2051-11-01T00:00:00.0,0.0
2314,39,1,2051-11-01T00:00:00.0,0.0
2315,40,1,2051-11-01T00:00:00.0,0.0
2316,36,1,2052-11-01T00:00:00.0,0.0
2317,37,1,2052-11-01T00:00:00.0,0.0
2318,38,1,2052-11-01T00:00:00.0,0.0
2319,39,1,2052-11-01T00:00:00.0,0.0
2320,40,1,2052-11-01T00:00:00.0,0.0
2321,36,1,2053-11-01T00:00:00.0,0.0
2322,37,1,2053-11-01T00:00:00.0,0.0
2323,38,1,2053-11-01T00:00:00.0,0.0
2324,39,1,2053-11-01T00:00:00.0,0.0
2325,40,1,2053-11-01T00:00:00.0,0.0
2326,36,1,2024-04-01T00:00:00.0,0.0
2327,37,1,2024-04-01T00:00:00.0,0.0
2328,38,1,2024-04-01T00:00:00.0,0.0
2329,39,1,2024-04-01T00:00:00.0,0.0
2330,40,1,2024-04-01T00:00:00.0,0.0
2331,36,1,2025-04-01T00:00:00.0,0.0
2332,37,1,2025-04-01T00:00:00.0,0.0
2333,38,1,2025-04-01T00:00:00.0,0.0
2334,39,1,2025-04-01T00:00:00.0,0.0
2335,40,1,2025-04-01T00:00:00.0,0.0
2336,36,1,2026-04-01T00:00:00.0,0.0
2337,37,1,2026-04-01T00:00:00.0,0.0
2338,38,1,2026-04-01T00:00:00.0,0.0
2339,39,1,2026-04-01T00:00:00.0,0.0
2340,40,1,2026-04-01T00:00:00.0,0.0
2341,36,1,2027-04-01T00:00:00.0,0.0
2342,37,1,2027-04-01T00:00:00.0,0.0
2343,38,1,2027-04-01T00:00:00.0,0.0
2344,39,1,2027-04-01T00:00:00.0,0.0
2345,40,1,2027-04-01T00:00:00.0,0.0
2346,36,1,2028-04-01T00:00:00.0,0.0
2347,37,1,2028-04-01T00:00:00.0,0.0
2348,38,1,2028-04-01T00:00:00.0,0.0
2349,39,1,2028-04-01T00:00:00.0,0.0
2350,40,1,2028-04-01T00:00:00.0,0.0
2351,36,1,2029-04-01T00:00:00.0,0.0
2352,37,1,2029-04-01T00:00:00.0,0.0
2353,38,1,2029-04-01T00:00:00.0,0.0
2354,39,1,2029-04-01T00:00:00.0,0.0
2355,40,1,2029-04-01T00:00:00.0,0.0
2356,36,1,2030-04-01T00:00:00.0,0.0
2357,37,1,2030-04-01T00:00:00.0,0.0
2358,38,1,2030-04-01T00:00:00.0,0.0
2359,39,1,2030-04-01T00:00:00.0,0.0
2360,40,1,2030-04-01T00:00:00.0,0.0
2361,36,1,2031-04-01T00:00:00.0,0.0
2362,37,1,2031-04-01T00:00:00.0,0.0
2363,38,1,2031-04-01T00:00:00.0,0.0
2364,39,1,2031-04-01T00:00:00.0,0.0
2365,40,1,2031-04-01T00:00:00.0,0.0
2366,36,1,2032-04-01T00:00:00.0,0.0
2367,37,1,2032-04-01T00:00:00.0,0.0
2368,38,1,2032-04-01T00:00:00.0,0.0
2369,39,1,2032-04-01T00:00:00.0,0.0
2370,40,1,2032-04-01T00:00:00.0,0.0
2371,36,1,2033-04-01T00:00:00.0,0.0
2372,37,1,2033-04-01T00:00:00.0,0.0
2373,38,1,2033-04-01T00:00:00.0,0.0
2374,39,1,2033-04-01T00:00:00.0,0.0
2375,40,1,2033-04-01T00:00:00.0,0.0
2376,36,1,2034-04-01T00:00:00.0,0.0
2377,37,1,2034-04-01T00:00:00.0,0.0
2378,38,1,2034-04-01T00:00:00.0,0.0
2379,39,1,2034-04-01T00:00:00.0,0.0
2380,40,1,2034-04-01T00:00:00.0,0.0
2381,36,1,2035-04-01T00:00:00.0,0.0
2382,37,1,2035-04-01T00:00:00.0,0.0
2383,38,1,2035-04-01T00:00:00.0,0.0
2384,39,1,2035-04-01T00:00:00.0,0.0
2385,40,1,2035-04-01T00:00:00.0,0.0
2386,36,1,2036-04-01T00:00:00.0,0.0
2387,37,1,2036-04-01T00:00:00.0,0.0
2388,38,1,2036-04-01T00:00:00.0,0.0
2389,39,1,2036-04-01T00:00:00.0,0.0
2390,40,1,2036-04-01T00:00:00.0,0.0
2391,36,1,2037-04-01T00:00:00.0,0.0
2392,37,1,2037-04-01T00:00:00.0,0.0
2393,38,1,2037-04-01T00:00:00.0,0.0
2394,39,1,2037-04-01T00:00:00.0,0.0
2395,40,1,2037-04-01T00:00:00.0,0.0
2396,36,1,2038-04-01T00:00:00.0,0.0
2397,37,1,2038-04-01T00:00:00.0,0.0
2398,38,1,2038-04-01T00:00:00.0,0.0
2399,39,1,2038-04-01T00:00:00.0,0.0
2400,40,1,2038-04-01T00:00:00.0,0.0
2401,36,1,2039-04-01T00:00:00.0,0.0
2402,37,1,2039-04-01T00:00:00.0,0.0
2403,38,1,2039-04-01T00:00:00.0,0.0
2404,39,1,2039-04-01T00:00:00.0,0.0
2405,40,1,2039-04-01T00:00:00.0,0.0
2406,36,1,2040-04-01T00:00:00.0,0.0
2407,37,1,2040-04-01T00:00:00.0,0.0
2408,38,1,2040-04-01T00:00:00.0,0.0
2409,39,1,2040-04-01T00:00:00.0,0.0
2410,40,1,2040-04-01T00:00:00.0,0.0
2411,36,1,2041-04-01T00:00:00.0,0.0
2412,37,1,2041-04-01T00:00:00.0,0.0
2413,38,1,2041-04-01T00:00:00.0,0.0
2414,39,1,2041-04-01T00:00:00.0,0.0
2415,40,1,2041-04-01T00:00:00.0,0.0
2416,36,1,2042-04-01T00:00:00.0,0.0
2417,37,1,2042-04-01T00:00:00.0,0.0
2418,38,1,2042-04-01T00:00:00.0,0.0
2419,39,1,2042-04-01T00:00:00.0,0.0
2420,40,1,2042-04-01T00:00:00.0,0.0
2421,36,1,2043-04-01T00:00:00.0,0.0
2422,37,1,2043-04-01T00:00:00.0,0.0
2423,38,1,2043-04-01T00:00:00.0,0.0
2424,39,1,2043-04-01T00:00:00.0,0.0
2425,40,1,2043-04-01T00:00:00.0,0.0
2426,36,1,2044-04-01T00:00:00.0,0.0
2427,37,1,2044-04-01T00:00:00.0,0.0
2428,38,1,2044-04-01T00:00:00.0,0.0
2429,39,1,2044-04-01T00:00:00.0,0.0
2430,40,1,2044-04-01T00:00:00.0,0.0
2431,36,1,2045-04-01T00:00:00.0,0.0
2432,37,1,2045-04-01T00:00:00.0,0.0
2433,38,1,2045-04-01T00:00:00.0,0.0
2434,39,1,2045-04-01T00:00:00.0,0.0
2435,40,1,2045-04-01T00:00:00.0,0.0
2436,36,1,2046-04-01T00:00:00.0,0.0
2437,37,1,2046-04-01T00:00:00.0,0.0
2438,38,1,2046-04-01T00:00:00.0,0.0
2439,39,1,2046-04-01T00:00:00.0,0.0
2440,40,1,2046-04-01T00:00:00.0,0.0
2441,36,1,2047-04-01T00:00:00.0,0.0
2442,37,1,2047-04-01T00:00:00.0,0.0
2443,38,1,2047-04-01T00:00:00.0,0.0
2444,39,1,2047-04-01T00:00:00.0,0.0
2445,40,1,2047-04-01T00:00:00.0,0.0
2446,36,1,2048-04-01T00:00:00.0,0.0
2447,37,1,2048-04-01T00:00:00.0,0.0
2448,38,1,2048-04-01T00:00:00.0,0.0
2449,39,1,2048-04-01T00:00:00.0,0.0
2450,40,1,2048-04-01T00:00:00.0,0.0
2451,36,1,2049-04-01T00:00:00.0,0.0
2452,37,1,2049-04-01T00:00:00.0,0.0
2453,38,1,2049-04-01T00:00:00.0,0.0
2454,39,1,2049-04-01T00:00:00.0,0.0
2455,40,1,2049-04-01T00:00:00.0,0.0
2456,36,1,2050-04-01T00:00:00.0,0.0
2457,37,1,2050-04-01T00:00:00.0,0.0
2458,38,1,2050-04-01T00:00:00.0,0.0
2459,39,1,2050-04-01T00:00:00.0,0.0
2460,40,1,2050-04-01T00:00:00.0,0.0
2461,36,1,2051-04-01T00:00:00.0,0.0
2462,37,1,2051-04-01T00:00:00.0,0.0
2463,38,1,2051-04-01T00:00:00.0,0.0
2464,39,1,2051-04-01T00:00:00.0,0.0
2465,40,1,2051-04-01T00:00:00.0,0.0
2466,36,1,2052-04-01T00:00:00.0,0.0
2467,37,1,2052-04-01T00:00:00.0,0.0
2468,38,1,2052-04-01T00:00:00.0,0.0
2469,39,1,2052-04-01T00:00:00.0,0.0
2470,40,1,2052-04-01T00:00:00.0,0.0
2471,36,1,2053-04-01T00:00:00.0,0.0
2472,37,1,2053-04-01T00:00:00.0,0.0
2473,38,1,2053-04-01T00:00:00.0,0.0
2474,39,1,2053-04-01T00:00:00.0,0.0
2475,40,1,2053-04-01T00:00:00.0,0.0
2476,36,1,2054-04-01T00:00:00.0,0.0
2477,37,1,2054-04-01T00:00:00.0,0.0
2478,38,1,2054-04-01T00:00:00.0,0.0
2479,39,1,2054-04-01T00:00:00.0,0.0
2480,40,1,2054-04-01T00:00:00.0,0.0
2481,41,1,2023-11-01T00:00:00.0,0.0
2482,42,1,2023-11-01T00:00:00.0,0.0
2483,43,1,2023-11-01T00:00:00.0,63.18
2484,44,1,2023-11-01T00:00:00.0,0.0
2485,45,1,2023-11-01T00:00:00.0,194.0
2486,41,1,2024-11-01T00:00:00.0,0.0
2487,42,1,2024-11-01T00:00:00.0,0.0
2488,43,1,2024-11-01T00:00:00.0,63.69
2489,44,1,2024-11-01T00:00:00.0,0.0
2490,45,1,2024-11-01T00:00:00.0,195.55
2491,41,1,2025-11-01T00:00:00.0,0.0
2492,42,1,2025-11-01T00:00:00.0,0.0
2493,43,1,2025-11-01T00:00:00.0,64.52
2494,44,1,2025-11-01T00:00:00.0,0.0
2495,45,1,2025-11-01T00:00:00.0,198.13
2496,41,1,2026-11-01T00:00:00.0,0.0
2497,42,1,2026-11-01T00:00:00.0,0.0
2498,43,1,2026-11-01T00:00:00.0,62.47
2499,44,1,2026-11-01T00:00:00.0,0.0
2500,45,1,2026-11-01T00:00:00.0,191.8
2501,41,1,2027-11-01T00:00:00.0,0.0
2502,42,1,2027-11-01T00:00:00.0,0.0
2503,43,1,2027-11-01T00:00:00.0,63.61
2504,44,1,2027-11-01T00:00:00.0,0.0
2505,45,1,2027-11-01T00:00:00.0,195.32
2506,41,1,2028-11-01T00:00:00.0,0.0
2507,42,1,2028-11-01T00:00:00.0,0.0
2508,43,1,2028-11-01T00:00:00.0,65.1
2509,44,1,2028-11-01T00:00:00.0,0.0
2510,45,1,2028-11-01T00:00:00.0,199.9
2511,41,1,2029-11-01T00:00:00.0,0.0
2512,42,1,2029-11-01T00:00:00.0,0.0
2513,43,1,2029-11-01T00:00:00.0,66.83
2514,44,1,2029-11-01T00:00:00.0,0.0
2515,45,1,2029-11-01T00:00:00.0,205.22000000000003
2516,41,1,2030-11-01T00:00:00.0,0.0
2517,42,1,2030-11-01T00:00:00.0,0.0
2518,43,1,2030-11-01T00:00:00.0,67.92
2519,44,1,2030-11-01T00:00:00.0,0.0
2520,45,1,2030-11-01T00:00:00.0,208.53999999999996
2521,41,1,2031-11-01T00:00:00.0,0.0
2522,42,1,2031-11-01T00:00:00.0,0.0
2523,43,1,2031-11-01T00:00:00.0,69.36
2524,44,1,2031-11-01T00:00:00.0,0.0
2525,45,1,2031-11-01T00:00:00.0,212.97999999999996
2526,41,1,2032-11-01T00:00:00.0,0.0
2527,42,1,2032-11-01T00:00:00.0,0.0
2528,43,1,2032-11-01T00:00:00.0,70.37
2529,44,1,2032-11-01T00:00:00.0,0.0
2530,45,1,2032-11-01T00:00:00.0,216.07
2531,41,1,2033-11-01T00:00:00.0,0.0
2532,42,1,2033-11-01T00:00:00.0,0.0
2533,43,1,2033-11-01T00:00:00.0,71.53
2534,44,1,2033-11-01T00:00:00.0,0.0
2535,45,1,2033-11-01T00:00:00.0,219.61999999999998
2536,41,1,2034-11-01T00:00:00.0,0.0
2537,42,1,2034-11-01T00:00:00.0,0.0
2538,43,1,2034-11-01T00:00:00.0,72.23
2539,44,1,2034-11-01T00:00:00.0,0.0
2540,45,1,2034-11-01T00:00:00.0,221.76999999999998
2541,41,1,2035-11-01T00:00:00.0,0.0
2542,42,1,2035-11-01T00:00:00.0,0.0
2543,43,1,2035-11-01T00:00:00.0,72.84
2544,44,1,2035-11-01T00:00:00.0,0.0
2545,45,1,2035-11-01T00:00:00.0,223.67999999999998
2546,41,1,2036-11-01T00:00:00.0,0.0
2547,42,1,2036-11-01T00:00:00.0,0.0
2548,43,1,2036-11-01T00:00:00.0,73.4
2549,44,1,2036-11-01T00:00:00.0,0.0
2550,45,1,2036-11-01T00:00:00.0,225.37999999999997
2551,41,1,2037-11-01T00:00:00.0,0.0
2552,42,1,2037-11-01T00:00:00.0,0.0
2553,43,1,2037-11-01T00:00:00.0,74.01
2554,44,1,2037-11-01T00:00:00.0,0.0
2555,45,1,2037-11-01T00:00:00.0,227.24
2556,41,1,2038-11-01T00:00:00.0,0.0
2557,42,1,2038-11-01T00:00:00.0,0.0
2558,43,1,2038-11-01T00:00:00.0,74.67
2559,44,1,2038-11-01T00:00:00.0,0.0
2560,45,1,2038-11-01T00:00:00.0,229.26999999999998
2561,41,1,2039-11-01T00:00:00.0,0.0
2562,42,1,2039-11-01T00:00:00.0,0.0
2563,43,1,2039-11-01T00:00:00.0,75.45
2564,44,1,2039-11-01T00:00:00.0,0.0
2565,45,1,2039-11-01T00:00:00.0,231.66000000000003
2566,41,1,2040-11-01T00:00:00.0,0.0
2567,42,1,2040-11-01T00:00:00.0,0.0
2568,43,1,2040-11-01T00:00:00.0,76.26
2569,44,1,2040-11-01T00:00:00.0,0.0
2570,45,1,2040-11-01T00:00:00.0,234.15000000000003
2571,41,1,2041-11-01T00:00:00.0,0.0
2572,42,1,2041-11-01T00:00:00.0,0.0
2573,43,1,2041-11-01T00:00:00.0,76.73
2574,44,1,2041-11-01T00:00:00.0,0.0
2575,45,1,2041-11-01T00:00:00.0,235.60999999999996
2576,41,1,2042-11-01T00:00:00.0,0.0
2577,42,1,2042-11-01T00:00:00.0,0.0
2578,43,1,2042-11-01T00:00:00.0,77.35
2579,44,1,2042-11-01T00:00:00.0,0.0
2580,45,1,2042-11-01T00:00:00.0,237.52
2581,41,1,2043-11-01T00:00:00.0,0.0
2582,42,1,2043-11-01T00:00:00.0,0.0
2583,43,1,2043-11-01T00:00:00.0,77.71
2584,44,1,2043-11-01T00:00:00.0,0.0
2585,45,1,2043-11-01T00:00:00.0,238.61
2586,41,1,2044-11-01T00:00:00.0,0.0
2587,42,1,2044-11-01T00:00:00.0,0.0
2588,43,1,2044-11-01T00:00:00.0,77.88
2589,44,1,2044-11-01T00:00:00.0,0.0
2590,45,1,2044-11-01T00:00:00.0,239.13
2591,41,1,2045-11-01T00:00:00.0,0.0
2592,42,1,2045-11-01T00:00:00.0,0.0
2593,43,1,2045-11-01T00:00:00.0,78.28
2594,44,1,2045-11-01T00:00:00.0,0.0
2595,45,1,2045-11-01T00:00:00.0,240.36999999999998
2596,41,1,2046-11-01T00:00:00.0,0.0
2597,42,1,2046-11-01T00:00:00.0,0.0
2598,43,1,2046-11-01T00:00:00.0,78.38
2599,44,1,2046-11-01T00:00:00.0,0.0
2600,45,1,2046-11-01T00:00:00.0,240.67000000000002
2601,41,1,2047-11-01T00:00:00.0,0.0
2602,42,1,2047-11-01T00:00:00.0,0.0
2603,43,1,2047-11-01T00:00:00.0,78.16
2604,44,1,2047-11-01T00:00:00.0,0.0
2605,45,1,2047-11-01T00:00:00.0,239.98
2606,41,1,2048-11-01T00:00:00.0,0.0
2607,42,1,2048-11-01T00:00:00.0,0.0
2608,43,1,2048-11-01T00:00:00.0,77.71
2609,44,1,2048-11-01T00:00:00.0,0.0
2610,45,1,2048-11-01T00:00:00.0,238.61
2611,41,1,2049-11-01T00:00:00.0,0.0
2612,42,1,2049-11-01T00:00:00.0,0.0
2613,43,1,2049-11-01T00:00:00.0,77.57
2614,44,1,2049-11-01T00:00:00.0,0.0
2615,45,1,2049-11-01T00:00:00.0,238.17000000000002
2616,41,1,2050-11-01T00:00:00.0,0.0
2617,42,1,2050-11-01T00:00:00.0,0.0
2618,43,1,2050-11-01T00:00:00.0,77.8
2619,44,1,2050-11-01T00:00:00.0,0.0
2620,45,1,2050-11-01T00:00:00.0,238.88
2621,41,1,2051-11-01T00:00:00.0,0.0
2622,42,1,2051-11-01T00:00:00.0,0.0
2623,43,1,2051-11-01T00:00:00.0,78.26
2624,44,1,2051-11-01T00:00:00.0,0.0
2625,45,1,2051-11-01T00:00:00.0,240.3
2626,41,1,2052-11-01T00:00:00.0,0.0
2627,42,1,2052-11-01T00:00:00.0,0.0
2628,43,1,2052-11-01T00:00:00.0,78.89
2629,44,1,2052-11-01T00:00:00.0,0.0
2630,45,1,2052-11-01T00:00:00.0,242.23000000000002
2631,41,1,2053-11-01T00:00:00.0,0.0
2632,42,1,2053-11-01T00:00:00.0,0.0
2633,43,1,2053-11-01T00:00:00.0,79.1
2634,44,1,2053-11-01T00:00:00.0,0.0
2635,45,1,2053-11-01T00:00:00.0,242.88000000000002
2636,41,1,2024-04-01T00:00:00.0,0.0
2637,42,1,2024-04-01T00:00:00.0,0.0
2638,43,1,2024-04-01T00:00:00.0,63.18
2639,44,1,2024-04-01T00:00:00.0,0.0
2640,45,1,2024-04-01T00:00:00.0,149.0
2641,41,1,2025-04-01T00:00:00.0,0.0
2642,42,1,2025-04-01T00:00:00.0,0.0
2643,43,1,2025-04-01T00:00:00.0,64.33
2644,44,1,2025-04-01T00:00:00.0,0.0
2645,45,1,2025-04-01T00:00:00.0,151.72000000000003
2646,41,1,2026-04-01T00:00:00.0,0.0
2647,42,1,2026-04-01T00:00:00.0,0.0
2648,43,1,2026-04-01T00:00:00.0,63.55
2649,44,1,2026-04-01T00:00:00.0,0.0
2650,45,1,2026-04-01T00:00:00.0,149.87
2651,41,1,2027-04-01T00:00:00.0,0.0
2652,42,1,2027-04-01T00:00:00.0,0.0
2653,43,1,2027-04-01T00:00:00.0,63.96
2654,44,1,2027-04-01T00:00:00.0,0.0
2655,45,1,2027-04-01T00:00:00.0,150.84
2656,41,1,2028-04-01T00:00:00.0,0.0
2657,42,1,2028-04-01T00:00:00.0,0.0
2658,43,1,2028-04-01T00:00:00.0,65.87
2659,44,1,2028-04-01T00:00:00.0,0.0
2660,45,1,2028-04-01T00:00:00.0,155.34
2661,41,1,2029-04-01T00:00:00.0,0.0
2662,42,1,2029-04-01T00:00:00.0,0.0
2663,43,1,2029-04-01T00:00:00.0,68.24
2664,44,1,2029-04-01T00:00:00.0,0.0
2665,45,1,2029-04-01T00:00:00.0,160.92000000000002
2666,41,1,2030-04-01T00:00:00.0,0.0
2667,42,1,2030-04-01T00:00:00.0,0.0
2668,43,1,2030-04-01T00:00:00.0,70.33
2669,44,1,2030-04-01T00:00:00.0,0.0
2670,45,1,2030-04-01T00:00:00.0,165.85000000000002
2671,41,1,2031-04-01T00:00:00.0,0.0
2672,42,1,2031-04-01T00:00:00.0,0.0
2673,43,1,2031-04-01T00:00:00.0,72.42
2674,44,1,2031-04-01T00:00:00.0,0.0
2675,45,1,2031-04-01T00:00:00.0,170.79000000000002
2676,41,1,2032-04-01T00:00:00.0,0.0
2677,42,1,2032-04-01T00:00:00.0,0.0
2678,43,1,2032-04-01T00:00:00.0,74.39
2679,44,1,2032-04-01T00:00:00.0,0.0
2680,45,1,2032-04-01T00:00:00.0,175.43
2681,41,1,2033-04-01T00:00:00.0,0.0
2682,42,1,2033-04-01T00:00:00.0,0.0
2683,43,1,2033-04-01T00:00:00.0,75.93
2684,44,1,2033-04-01T00:00:00.0,0.0
2685,45,1,2033-04-01T00:00:00.0,179.07999999999998
2686,41,1,2034-04-01T00:00:00.0,0.0
2687,42,1,2034-04-01T00:00:00.0,0.0
2688,43,1,2034-04-01T00:00:00.0,77.18
2689,44,1,2034-04-01T00:00:00.0,0.0
2690,45,1,2034-04-01T00:00:00.0,182.01999999999998
2691,41,1,2035-04-01T00:00:00.0,0.0
2692,42,1,2035-04-01T00:00:00.0,0.0
2693,43,1,2035-04-01T00:00:00.0,78.19
2694,44,1,2035-04-01T00:00:00.0,0.0
2695,45,1,2035-04-01T00:00:00.0,184.38
2696,41,1,2036-04-01T00:00:00.0,0.0
2697,42,1,2036-04-01T00:00:00.0,0.0
2698,43,1,2036-04-01T00:00:00.0,79.36
2699,44,1,2036-04-01T00:00:00.0,0.0
2700,45,1,2036-04-01T00:00:00.0,187.16999999999996
2701,41,1,2037-04-01T00:00:00.0,0.0
2702,42,1,2037-04-01T00:00:00.0,0.0
2703,43,1,2037-04-01T00:00:00.0,80.57
2704,44,1,2037-04-01T00:00:00.0,0.0
2705,45,1,2037-04-01T00:00:00.0,190.01999999999998
2706,41,1,2038-04-01T00:00:00.0,0.0
2707,42,1,2038-04-01T00:00:00.0,0.0
2708,43,1,2038-04-01T00:00:00.0,81.91
2709,44,1,2038-04-01T00:00:00.0,0.0
2710,45,1,2038-04-01T00:00:00.0,193.16
2711,41,1,2039-04-01T00:00:00.0,0.0
2712,42,1,2039-04-01T00:00:00.0,0.0
2713,43,1,2039-04-01T00:00:00.0,82.97
2714,44,1,2039-04-01T00:00:00.0,0.0
2715,45,1,2039-04-01T00:00:00.0,195.66
2716,41,1,2040-04-01T00:00:00.0,0.0
2717,42,1,2040-04-01T00:00:00.0,0.0
2718,43,1,2040-04-01T00:00:00.0,83.78
2719,44,1,2040-04-01T00:00:00.0,0.0
2720,45,1,2040-04-01T00:00:00.0,197.58
2721,41,1,2041-04-01T00:00:00.0,0.0
2722,42,1,2041-04-01T00:00:00.0,0.0
2723,43,1,2041-04-01T00:00:00.0,84.93
2724,44,1,2041-04-01T00:00:00.0,0.0
2725,45,1,2041-04-01T00:00:00.0,200.27999999999997
2726,41,1,2042-04-01T00:00:00.0,0.0
2727,42,1,2042-04-01T00:00:00.0,0.0
2728,43,1,2042-04-01T00:00:00.0,86.33
2729,44,1,2042-04-01T00:00:00.0,0.0
2730,45,1,2042-04-01T00:00:00.0,203.59000000000003
2731,41,1,2043-04-01T00:00:00.0,0.0
2732,42,1,2043-04-01T00:00:00.0,0.0
2733,43,1,2043-04-01T00:00:00.0,87.3
2734,44,1,2043-04-01T00:00:00.0,0.0
2735,45,1,2043-04-01T00:00:00.0,205.87
2736,41,1,2044-04-01T00:00:00.0,0.0
2737,42,1,2044-04-01T00:00:00.0,0.0
2738,43,1,2044-04-01T00:00:00.0,87.9
2739,44,1,2044-04-01T00:00:00.0,0.0
2740,45,1,2044-04-01T00:00:00.0,207.30999999999997
2741,41,1,2045-04-01T00:00:00.0,0.0
2742,42,1,2045-04-01T00:00:00.0,0.0
2743,43,1,2045-04-01T00:00:00.0,88.23
2744,44,1,2045-04-01T00:00:00.0,0.0
2745,45,1,2045-04-01T00:00:00.0,208.07999999999998
2746,41,1,2046-04-01T00:00:00.0,0.0
2747,42,1,2046-04-01T00:00:00.0,0.0
2748,43,1,2046-04-01T00:00:00.0,88.83
2749,44,1,2046-04-01T00:00:00.0,0.0
2750,45,1,2046-04-01T00:00:00.0,209.48000000000002
2751,41,1,2047-04-01T00:00:00.0,0.0
2752,42,1,2047-04-01T00:00:00.0,0.0
2753,43,1,2047-04-01T00:00:00.0,89.53
2754,44,1,2047-04-01T00:00:00.0,0.0
2755,45,1,2047-04-01T00:00:00.0,211.14000000000001
2756,41,1,2048-04-01T00:00:00.0,0.0
2757,42,1,2048-04-01T00:00:00.0,0.0
2758,43,1,2048-04-01T00:00:00.0,90.14
2759,44,1,2048-04-01T00:00:00.0,0.0
2760,45,1,2048-04-01T00:00:00.0,212.57
2761,41,1,2049-04-01T00:00:00.0,0.0
2762,42,1,2049-04-01T00:00:00.0,0.0
2763,43,1,2049-04-01T00:00:00.0,90.65
2764,44,1,2049-04-01T00:00:00.0,0.0
2765,45,1,2049-04-01T00:00:00.0,213.79
2766,41,1,2050-04-01T00:00:00.0,0.0
2767,42,1,2050-04-01T00:00:00.0,0.0
2768,43,1,2050-04-01T00:00:00.0,90.91
2769,44,1,2050-04-01T00:00:00.0,0.0
2770,45,1,2050-04-01T00:00:00.0,214.39000000000001
2771,41,1,2051-04-01T00:00:00.0,0.0
2772,42,1,2051-04-01T00:00:00.0,0.0
2773,43,1,2051-04-01T00:00:00.0,90.48
2774,44,1,2051-04-01T00:00:00.0,0.0
2775,45,1,2051-04-01T00:00:00.0,213.37
2776,41,1,2052-04-01T00:00:00.0,0.0
2777,42,1,2052-04-01T00:00:00.0,0.0
2778,43,1,2052-04-01T00:00:00.0,91.35
2779,44,1,2052-04-01T00:00:00.0,0.0
2780,45,1,2052-04-01T00:00:00.0,215.44000000000003
2781,41,1,2053-04-01T00:00:00.0,0.0
2782,42,1,2053-04-01T00:00:00.0,0.0
2783,43,1,2053-04-01T00:00:00.0,91.87
2784,44,1,2053-04-01T00:00:00.0,0.0
2785,45,1,2053-04-01T00:00:00.0,216.65999999999997
2786,41,1,2054-04-01T00:00:00.0,0.0
2787,42,1,2054-04-01T00:00:00.0,0.0
2788,43,1,2054-04-01T00:00:00.0,92.08
2789,44,1,2054-04-01T00:00:00.0,0.0
2790,45,1,2054-04-01T00:00:00.0,217.17000000000002
2791,46,1,2023-11-01T00:00:00.0,0.36
2792,47,1,2023-11-01T00:00:00.0,5.59
2793,48,1,2023-11-01T00:00:00.0,0.0
2794,49,1,2023-11-01T00:00:00.0,0.0
2795,50,1,2023-11-01T00:00:00.0,0.0
2796,46,1,2024-11-01T00:00:00.0,0.36
2797,47,1,2024-11-01T00:00:00.0,5.64
2798,48,1,2024-11-01T00:00:00.0,0.0
2799,49,1,2024-11-01T00:00:00.0,0.0
2800,50,1,2024-11-01T00:00:00.0,0.0
2801,46,1,2025-11-01T00:00:00.0,0.32
2802,47,1,2025-11-01T00:00:00.0,4.92
2803,48,1,2025-11-01T00:00:00.0,0.0
2804,49,1,2025-11-01T00:00:00.0,0.0
2805,50,1,2025-11-01T00:00:00.0,0.0
2806,46,1,2026-11-01T00:00:00.0,0.27
2807,47,1,2026-11-01T00:00:00.0,4.27
2808,48,1,2026-11-01T00:00:00.0,0.0
2809,49,1,2026-11-01T00:00:00.0,0.0
2810,50,1,2026-11-01T00:00:00.0,0.0
2811,46,1,2027-11-01T00:00:00.0,0.28
2812,47,1,2027-11-01T00:00:00.0,4.29
2813,48,1,2027-11-01T00:00:00.0,0.0
2814,49,1,2027-11-01T00:00:00.0,0.0
2815,50,1,2027-11-01T00:00:00.0,0.0
2816,46,1,2028-11-01T00:00:00.0,0.28
2817,47,1,2028-11-01T00:00:00.0,4.38
2818,48,1,2028-11-01T00:00:00.0,0.0
2819,49,1,2028-11-01T00:00:00.0,0.0
2820,50,1,2028-11-01T00:00:00.0,0.0
2821,46,1,2029-11-01T00:00:00.0,0.29
2822,47,1,2029-11-01T00:00:00.0,4.5
2823,48,1,2029-11-01T00:00:00.0,0.0
2824,49,1,2029-11-01T00:00:00.0,0.0
2825,50,1,2029-11-01T00:00:00.0,0.0
2826,46,1,2030-11-01T00:00:00.0,0.3
2827,47,1,2030-11-01T00:00:00.0,4.61
2828,48,1,2030-11-01T00:00:00.0,0.0
2829,49,1,2030-11-01T00:00:00.0,0.0
2830,50,1,2030-11-01T00:00:00.0,0.0
2831,46,1,2031-11-01T00:00:00.0,0.3
2832,47,1,2031-11-01T00:00:00.0,4.71
2833,48,1,2031-11-01T00:00:00.0,0.0
2834,49,1,2031-11-01T00:00:00.0,0.0
2835,50,1,2031-11-01T00:00:00.0,0.0
2836,46,1,2032-11-01T00:00:00.0,0.31
2837,47,1,2032-11-01T00:00:00.0,4.74
2838,48,1,2032-11-01T00:00:00.0,0.0
2839,49,1,2032-11-01T00:00:00.0,0.0
2840,50,1,2032-11-01T00:00:00.0,0.0
2841,46,1,2033-11-01T00:00:00.0,0.31
2842,47,1,2033-11-01T00:00:00.0,4.75
2843,48,1,2033-11-01T00:00:00.0,0.0
2844,49,1,2033-11-01T00:00:00.0,0.0
2845,50,1,2033-11-01T00:00:00.0,0.0
2846,46,1,2034-11-01T00:00:00.0,0.31
2847,47,1,2034-11-01T00:00:00.0,4.78
2848,48,1,2034-11-01T00:00:00.0,0.0
2849,49,1,2034-11-01T00:00:00.0,0.0
2850,50,1,2034-11-01T00:00:00.0,0.0
2851,46,1,2035-11-01T00:00:00.0,0.31
2852,47,1,2035-11-01T00:00:00.0,4.75
2853,48,1,2035-11-01T00:00:00.0,0.0
2854,49,1,2035-11-01T00:00:00.0,0.0
2855,50,1,2035-11-01T00:00:00.0,0.0
2856,46,1,2036-11-01T00:00:00.0,0.31
2857,47,1,2036-11-01T00:00:00.0,4.7700000000000005
2858,48,1,2036-11-01T00:00:00.0,0.0
2859,49,1,2036-11-01T00:00:00.0,0.0
2860,50,1,2036-11-01T00:00:00.0,0.0
2861,46,1,2037-11-01T00:00:00.0,0.31
2862,47,1,2037-11-01T00:00:00.0,4.78
2863,48,1,2037-11-01T00:00:00.0,0.0
2864,49,1,2037-11-01T00:00:00.0,0.0
2865,50,1,2037-11-01T00:00:00.0,0.0
2866,46,1,2038-11-01T00:00:00.0,0.31
2867,47,1,2038-11-01T00:00:00.0,4.800000000000001
2868,48,1,2038-11-01T00:00:00.0,0.0
2869,49,1,2038-11-01T00:00:00.0,0.0
2870,50,1,2038-11-01T00:00:00.0,0.0
2871,46,1,2039-11-01T00:00:00.0,0.31
2872,47,1,2039-11-01T00:00:00.0,4.8100000000000005
2873,48,1,2039-11-01T00:00:00.0,0.0
2874,49,1,2039-11-01T00:00:00.0,0.0
2875,50,1,2039-11-01T00:00:00.0,0.0
2876,46,1,2040-11-01T00:00:00.0,0.31
2877,47,1,2040-11-01T00:00:00.0,4.8500000000000005
2878,48,1,2040-11-01T00:00:00.0,0.0
2879,49,1,2040-11-01T00:00:00.0,0.0
2880,50,1,2040-11-01T00:00:00.0,0.0
2881,46,1,2041-11-01T00:00:00.0,0.31
2882,47,1,2041-11-01T00:00:00.0,4.86
2883,48,1,2041-11-01T00:00:00.0,0.0
2884,49,1,2041-11-01T00:00:00.0,0.0
2885,50,1,2041-11-01T00:00:00.0,0.009999999999999787
2886,46,1,2042-11-01T00:00:00.0,0.31
2887,47,1,2042-11-01T00:00:00.0,4.890000000000001
2888,48,1,2042-11-01T00:00:00.0,0.0
2889,49,1,2042-11-01T00:00:00.0,0.0
2890,50,1,2042-11-01T00:00:00.0,0.0
2891,46,1,2043-11-01T00:00:00.0,0.32
2892,47,1,2043-11-01T00:00:00.0,4.89
2893,48,1,2043-11-01T00:00:00.0,0.0
2894,49,1,2043-11-01T00:00:00.0,0.0
2895,50,1,2043-11-01T00:00:00.0,0.0
2896,46,1,2044-11-01T00:00:00.0,0.31
2897,47,1,2044-11-01T00:00:00.0,4.880000000000001
2898,48,1,2044-11-01T00:00:00.0,0.0
2899,49,1,2044-11-01T00:00:00.0,0.0
2900,50,1,2044-11-01T00:00:00.0,0.0
2901,46,1,2045-11-01T00:00:00.0,0.31
2902,47,1,2045-11-01T00:00:00.0,4.880000000000001
2903,48,1,2045-11-01T00:00:00.0,0.0
2904,49,1,2045-11-01T00:00:00.0,0.0
2905,50,1,2045-11-01T00:00:00.0,0.0
2906,46,1,2046-11-01T00:00:00.0,0.31
2907,47,1,2046-11-01T00:00:00.0,4.87
2908,48,1,2046-11-01T00:00:00.0,0.0
2909,49,1,2046-11-01T00:00:00.0,0.0
2910,50,1,2046-11-01T00:00:00.0,0.0
2911,46,1,2047-11-01T00:00:00.0,0.31
2912,47,1,2047-11-01T00:00:00.0,4.880000000000001
2913,48,1,2047-11-01T00:00:00.0,0.0
2914,49,1,2047-11-01T00:00:00.0,0.0
2915,50,1,2047-11-01T00:00:00.0,0.0
2916,46,1,2048-11-01T00:00:00.0,0.31
2917,47,1,2048-11-01T00:00:00.0,4.880000000000001
2918,48,1,2048-11-01T00:00:00.0,0.0
2919,49,1,2048-11-01T00:00:00.0,0.0
2920,50,1,2048-11-01T00:00:00.0,0.009999999999999787
2921,46,1,2049-11-01T00:00:00.0,0.31
2922,47,1,2049-11-01T00:00:00.0,4.83
2923,48,1,2049-11-01T00:00:00.0,0.0
2924,49,1,2049-11-01T00:00:00.0,0.0
2925,50,1,2049-11-01T00:00:00.0,0.0
2926,46,1,2050-11-01T00:00:00.0,0.3
2927,47,1,2050-11-01T00:00:00.0,4.73
2928,48,1,2050-11-01T00:00:00.0,0.0
2929,49,1,2050-11-01T00:00:00.0,0.0
2930,50,1,2050-11-01T00:00:00.0,0.0
2931,46,1,2051-11-01T00:00:00.0,0.3
2932,47,1,2051-11-01T00:00:00.0,4.66
2933,48,1,2051-11-01T00:00:00.0,0.0
2934,49,1,2051-11-01T00:00:00.0,0.0
2935,50,1,2051-11-01T00:00:00.0,0.0
2936,46,1,2052-11-01T00:00:00.0,0.3
2937,47,1,2052-11-01T00:00:00.0,4.640000000000001
2938,48,1,2052-11-01T00:00:00.0,0.0
2939,49,1,2052-11-01T00:00:00.0,0.0
2940,50,1,2052-11-01T00:00:00.0,0.0
2941,46,1,2053-11-01T00:00:00.0,0.3
2942,47,1,2053-11-01T00:00:00.0,4.640000000000001
2943,48,1,2053-11-01T00:00:00.0,0.0
2944,49,1,2053-11-01T00:00:00.0,0.0
2945,50,1,2053-11-01T00:00:00.0,0.0
2946,46,1,2024-04-01T00:00:00.0,0.36
2947,47,1,2024-04-01T00:00:00.0,5.59
2948,48,1,2024-04-01T00:00:00.0,0.0
2949,49,1,2024-04-01T00:00:00.0,0.0
2950,50,1,2024-04-01T00:00:00.0,0.0
2951,46,1,2025-04-01T00:00:00.0,0.34
2952,47,1,2025-04-01T00:00:00.0,5.23
2953,48,1,2025-04-01T00:00:00.0,0.0
2954,49,1,2025-04-01T00:00:00.0,0.0
2955,50,1,2025-04-01T00:00:00.0,0.0
2956,46,1,2026-04-01T00:00:00.0,0.3
2957,47,1,2026-04-01T00:00:00.0,4.72
2958,48,1,2026-04-01T00:00:00.0,0.0
2959,49,1,2026-04-01T00:00:00.0,0.0
2960,50,1,2026-04-01T00:00:00.0,0.0
2961,46,1,2027-04-01T00:00:00.0,0.29
2962,47,1,2027-04-01T00:00:00.0,4.56
2963,48,1,2027-04-01T00:00:00.0,0.0
2964,49,1,2027-04-01T00:00:00.0,0.0
2965,50,1,2027-04-01T00:00:00.0,0.0
2966,46,1,2028-04-01T00:00:00.0,0.3
2967,47,1,2028-04-01T00:00:00.0,4.59
2968,48,1,2028-04-01T00:00:00.0,0.0
2969,49,1,2028-04-01T00:00:00.0,0.0
2970,50,1,2028-04-01T00:00:00.0,0.0
2971,46,1,2029-04-01T00:00:00.0,0.3
2972,47,1,2029-04-01T00:00:00.0,4.66
2973,48,1,2029-04-01T00:00:00.0,0.0
2974,49,1,2029-04-01T00:00:00.0,0.0
2975,50,1,2029-04-01T00:00:00.0,0.0
2976,46,1,2030-04-01T00:00:00.0,0.31
2977,47,1,2030-04-01T00:00:00.0,4.760000000000001
2978,48,1,2030-04-01T00:00:00.0,0.0
2979,49,1,2030-04-01T00:00:00.0,0.0
2980,50,1,2030-04-01T00:00:00.0,0.0
2981,46,1,2031-04-01T00:00:00.0,0.31
2982,47,1,2031-04-01T00:00:00.0,4.8500000000000005
2983,48,1,2031-04-01T00:00:00.0,0.0
2984,49,1,2031-04-01T00:00:00.0,0.0
2985,50,1,2031-04-01T00:00:00.0,0.0
2986,46,1,2032-04-01T00:00:00.0,0.32
2987,47,1,2032-04-01T00:00:00.0,4.93
2988,48,1,2032-04-01T00:00:00.0,0.0
2989,49,1,2032-04-01T00:00:00.0,0.0
2990,50,1,2032-04-01T00:00:00.0,0.0
2991,46,1,2033-04-01T00:00:00.0,0.32
2992,47,1,2033-04-01T00:00:00.0,4.949999999999999
2993,48,1,2033-04-01T00:00:00.0,0.0
2994,49,1,2033-04-01T00:00:00.0,0.0
2995,50,1,2033-04-01T00:00:00.0,0.0
2996,46,1,2034-04-01T00:00:00.0,0.32
2997,47,1,2034-04-01T00:00:00.0,5.0
2998,48,1,2034-04-01T00:00:00.0,0.0
2999,49,1,2034-04-01T00:00:00.0,0.0
3000,50,1,2034-04-01T00:00:00.0,0.0
3001,46,1,2035-04-01T00:00:00.0,0.32
3002,47,1,2035-04-01T00:00:00.0,4.989999999999999
3003,48,1,2035-04-01T00:00:00.0,0.0
3004,49,1,2035-04-01T00:00:00.0,0.0
3005,50,1,2035-04-01T00:00:00.0,0.0
3006,46,1,2036-04-01T00:00:00.0,0.32
3007,47,1,2036-04-01T00:00:00.0,4.989999999999999
3008,48,1,2036-04-01T00:00:00.0,0.0
3009,49,1,2036-04-01T00:00:00.0,0.0
3010,50,1,2036-04-01T00:00:00.0,0.0
3011,46,1,2037-04-01T00:00:00.0,0.32
3012,47,1,2037-04-01T00:00:00.0,5.0
3013,48,1,2037-04-01T00:00:00.0,0.0
3014,49,1,2037-04-01T00:00:00.0,0.0
3015,50,1,2037-04-01T00:00:00.0,0.0
3016,46,1,2038-04-01T00:00:00.0,0.32
3017,47,1,2038-04-01T00:00:00.0,5.01
3018,48,1,2038-04-01T00:00:00.0,0.0
3019,49,1,2038-04-01T00:00:00.0,0.0
3020,50,1,2038-04-01T00:00:00.0,0.0
3021,46,1,2039-04-01T00:00:00.0,0.32
3022,47,1,2039-04-01T00:00:00.0,5.02
3023,48,1,2039-04-01T00:00:00.0,0.0
3024,49,1,2039-04-01T00:00:00.0,0.0
3025,50,1,2039-04-01T00:00:00.0,0.0
3026,46,1,2040-04-01T00:00:00.0,0.32
3027,47,1,2040-04-01T00:00:00.0,5.04
3028,48,1,2040-04-01T00:00:00.0,0.0
3029,49,1,2040-04-01T00:00:00.0,0.0
3030,50,1,2040-04-01T00:00:00.0,0.0
3031,46,1,2041-04-01T00:00:00.0,0.32
3032,47,1,2041-04-01T00:00:00.0,5.05
3033,48,1,2041-04-01T00:00:00.0,0.0
3034,49,1,2041-04-01T00:00:00.0,0.0
3035,50,1,2041-04-01T00:00:00.0,0.0
3036,46,1,2042-04-01T00:00:00.0,0.33
3037,47,1,2042-04-01T00:00:00.0,5.06
3038,48,1,2042-04-01T00:00:00.0,0.0
3039,49,1,2042-04-01T00:00:00.0,0.0
3040,50,1,2042-04-01T00:00:00.0,0.0
3041,46,1,2043-04-01T00:00:00.0,0.33
3042,47,1,2043-04-01T00:00:00.0,5.06
3043,48,1,2043-04-01T00:00:00.0,0.0
3044,49,1,2043-04-01T00:00:00.0,0.0
3045,50,1,2043-04-01T00:00:00.0,0.0
3046,46,1,2044-04-01T00:00:00.0,0.33
3047,47,1,2044-04-01T00:00:00.0,5.06
3048,48,1,2044-04-01T00:00:00.0,0.0
3049,49,1,2044-04-01T00:00:00.0,0.0
3050,50,1,2044-04-01T00:00:00.0,0.0
3051,46,1,2045-04-01T00:00:00.0,0.32
3052,47,1,2045-04-01T00:00:00.0,5.05
3053,48,1,2045-04-01T00:00:00.0,0.0
3054,49,1,2045-04-01T00:00:00.0,0.0
3055,50,1,2045-04-01T00:00:00.0,0.0
3056,46,1,2046-04-01T00:00:00.0,0.32
3057,47,1,2046-04-01T00:00:00.0,5.02
3058,48,1,2046-04-01T00:00:00.0,0.0
3059,49,1,2046-04-01T00:00:00.0,0.0
3060,50,1,2046-04-01T00:00:00.0,0.0
3061,46,1,2047-04-01T00:00:00.0,0.32
3062,47,1,2047-04-01T00:00:00.0,5.0
3063,48,1,2047-04-01T00:00:00.0,0.0
3064,49,1,2047-04-01T00:00:00.0,0.0
3065,50,1,2047-04-01T00:00:00.0,0.0
3066,46,1,2048-04-01T00:00:00.0,0.32
3067,47,1,2048-04-01T00:00:00.0,4.989999999999999
3068,48,1,2048-04-01T00:00:00.0,0.0
3069,49,1,2048-04-01T00:00:00.0,0.0
3070,50,1,2048-04-01T00:00:00.0,0.0
3071,46,1,2049-04-01T00:00:00.0,0.32
3072,47,1,2049-04-01T00:00:00.0,4.9799999999999995
3073,48,1,2049-04-01T00:00:00.0,0.0
3074,49,1,2049-04-01T00:00:00.0,0.0
3075,50,1,2049-04-01T00:00:00.0,0.0
3076,46,1,2050-04-01T00:00:00.0,0.32
3077,47,1,2050-04-01T00:00:00.0,4.9399999999999995
3078,48,1,2050-04-01T00:00:00.0,0.0
3079,49,1,2050-04-01T00:00:00.0,0.0
3080,50,1,2050-04-01T00:00:00.0,0.0
3081,46,1,2051-04-01T00:00:00.0,0.31
3082,47,1,2051-04-01T00:00:00.0,4.86
3083,48,1,2051-04-01T00:00:00.0,0.0
3084,49,1,2051-04-01T00:00:00.0,0.0
3085,50,1,2051-04-01T00:00:00.0,0.0
3086,46,1,2052-04-01T00:00:00.0,0.31
3087,47,1,2052-04-01T00:00:00.0,4.800000000000001
3088,48,1,2052-04-01T00:00:00.0,0.0
3089,49,1,2052-04-01T00:00:00.0,0.0
3090,50,1,2052-04-01T00:00:00.0,0.0
3091,46,1,2053-04-01T00:00:00.0,0.31
3092,47,1,2053-04-01T00:00:00.0,4.7700000000000005
3093,48,1,2053-04-01T00:00:00.0,0.0
3094,49,1,2053-04-01T00:00:00.0,0.0
3095,50,1,2053-04-01T00:00:00.0,0.0
3096,46,1,2054-04-01T00:00:00.0,0.31
3097,47,1,2054-04-01T00:00:00.0,4.75
3098,48,1,2054-04-01T00:00:00.0,0.0
3099,49,1,2054-04-01T00:00:00.0,0.0
3100,50,1,2054-04-01T00:00:00.0,0.0
3101,51,1,2023-11-01T00:00:00.0,25.57
3102,52,1,2023-11-01T00:00:00.0,14.43
3103,53,1,2023-11-01T00:00:00.0,3.6300000000000026
3104,54,1,2023-11-01T00:00:00.0,4.939999999999998
3105,55,1,2023-11-01T00:00:00.0,0.0
3106,51,1,2024-11-01T00:00:00.0,25.94
3107,52,1,2024-11-01T00:00:00.0,14.639999999999997
3108,53,1,2024-11-01T00:00:00.0,3.6799999999999997
3109,54,1,2024-11-01T00:00:00.0,5.020000000000003
3110,55,1,2024-11-01T00:00:00.0,0.0
3111,51,1,2025-11-01T00:00:00.0,26.47
3112,52,1,2025-11-01T00:00:00.0,14.939999999999998
3113,53,1,2025-11-01T00:00:00.0,3.760000000000005
3114,54,1,2025-11-01T00:00:00.0,5.109999999999999
3115,55,1,2025-11-01T00:00:00.0,0.0
3116,51,1,2026-11-01T00:00:00.0,27.14
3117,52,1,2026-11-01T00:00:00.0,15.32
3118,53,1,2026-11-01T00:00:00.0,3.8500000000000014
3119,54,1,2026-11-01T00:00:00.0,5.239999999999995
3120,55,1,2026-11-01T00:00:00.0,0.010000000000005116
3121,51,1,2027-11-01T00:00:00.0,27.82
3122,52,1,2027-11-01T00:00:00.0,15.700000000000003
3123,53,1,2027-11-01T00:00:00.0,3.9499999999999957
3124,54,1,2027-11-01T00:00:00.0,5.380000000000003
3125,55,1,2027-11-01T00:00:00.0,0.0
3126,51,1,2028-11-01T00:00:00.0,28.12
3127,52,1,2028-11-01T00:00:00.0,15.870000000000001
3128,53,1,2028-11-01T00:00:00.0,4.0
3129,54,1,2028-11-01T00:00:00.0,5.43
3130,55,1,2028-11-01T00:00:00.0,0.0
3131,51,1,2029-11-01T00:00:00.0,28.5
3132,52,1,2029-11-01T00:00:00.0,16.08
3133,53,1,2029-11-01T00:00:00.0,4.050000000000004
3134,54,1,2029-11-01T00:00:00.0,5.5
3135,55,1,2029-11-01T00:00:00.0,0.00999999999999801
3136,51,1,2030-11-01T00:00:00.0,28.78
3137,52,1,2030-11-01T00:00:00.0,16.229999999999997
3138,53,1,2030-11-01T00:00:00.0,4.090000000000003
3139,54,1,2030-11-01T00:00:00.0,5.559999999999995
3140,55,1,2030-11-01T00:00:00.0,0.0
3141,51,1,2031-11-01T00:00:00.0,29.12
3142,52,1,2031-11-01T00:00:00.0,16.44
3143,53,1,2031-11-01T00:00:00.0,4.1299999999999955
3144,54,1,2031-11-01T00:00:00.0,5.630000000000003
3145,55,1,2031-11-01T00:00:00.0,0.0
3146,51,1,2032-11-01T00:00:00.0,29.42
3147,52,1,2032-11-01T00:00:00.0,16.6
3148,53,1,2032-11-01T00:00:00.0,4.18
3149,54,1,2032-11-01T00:00:00.0,5.68
3150,55,1,2032-11-01T00:00:00.0,0.0
3151,51,1,2033-11-01T00:00:00.0,29.84
3152,52,1,2033-11-01T00:00:00.0,16.84
3153,53,1,2033-11-01T00:00:00.0,4.240000000000002
3154,54,1,2033-11-01T00:00:00.0,5.769999999999996
3155,55,1,2033-11-01T00:00:00.0,0.0
3156,51,1,2034-11-01T00:00:00.0,30.19
3157,52,1,2034-11-01T00:00:00.0,17.039999999999996
3158,53,1,2034-11-01T00:00:00.0,4.290000000000006
3159,54,1,2034-11-01T00:00:00.0,5.829999999999998
3160,55,1,2034-11-01T00:00:00.0,0.00999999999999801
3161,51,1,2035-11-01T00:00:00.0,30.57
3162,52,1,2035-11-01T00:00:00.0,17.25
3163,53,1,2035-11-01T00:00:00.0,4.339999999999996
3164,54,1,2035-11-01T00:00:00.0,5.910000000000004
3165,55,1,2035-11-01T00:00:00.0,0.0
3166,51,1,2036-11-01T00:00:00.0,30.9
3167,52,1,2036-11-01T00:00:00.0,17.43
3168,53,1,2036-11-01T00:00:00.0,4.390000000000001
3169,54,1,2036-11-01T00:00:00.0,5.969999999999999
3170,55,1,2036-11-01T00:00:00.0,0.0
3171,51,1,2037-11-01T00:00:00.0,31.18
3172,52,1,2037-11-01T00:00:00.0,17.590000000000003
3173,53,1,2037-11-01T00:00:00.0,4.43
3174,54,1,2037-11-01T00:00:00.0,6.019999999999996
3175,55,1,2037-11-01T00:00:00.0,0.0
3176,51,1,2038-11-01T00:00:00.0,31.44
3177,52,1,2038-11-01T00:00:00.0,17.74
3178,53,1,2038-11-01T00:00:00.0,4.469999999999999
3179,54,1,2038-11-01T00:00:00.0,6.07
3180,55,1,2038-11-01T00:00:00.0,0.0
3181,51,1,2039-11-01T00:00:00.0,31.71
3182,52,1,2039-11-01T00:00:00.0,17.9
3183,53,1,2039-11-01T00:00:00.0,4.5
3184,54,1,2039-11-01T00:00:00.0,6.130000000000003
3185,55,1,2039-11-01T00:00:00.0,0.0
3186,51,1,2040-11-01T00:00:00.0,32.03
3187,52,1,2040-11-01T00:00:00.0,18.08
3188,53,1,2040-11-01T00:00:00.0,4.549999999999997
3189,54,1,2040-11-01T00:00:00.0,6.180000000000007
3190,55,1,2040-11-01T00:00:00.0,0.00999999999999801
3191,51,1,2041-11-01T00:00:00.0,32.29
3192,52,1,2041-11-01T00:00:00.0,18.22
3193,53,1,2041-11-01T00:00:00.0,4.580000000000005
3194,54,1,2041-11-01T00:00:00.0,6.239999999999995
3195,55,1,2041-11-01T00:00:00.0,0.0
3196,51,1,2042-11-01T00:00:00.0,32.53
3197,52,1,2042-11-01T00:00:00.0,18.36
3198,53,1,2042-11-01T00:00:00.0,4.619999999999997
3199,54,1,2042-11-01T00:00:00.0,6.280000000000001
3200,55,1,2042-11-01T00:00:00.0,0.0
3201,51,1,2043-11-01T00:00:00.0,32.67
3202,52,1,2043-11-01T00:00:00.0,18.439999999999998
3203,53,1,2043-11-01T00:00:00.0,4.640000000000001
3204,54,1,2043-11-01T00:00:00.0,6.32
3205,55,1,2043-11-01T00:00:00.0,0.0
3206,51,1,2044-11-01T00:00:00.0,32.74
3207,52,1,2044-11-01T00:00:00.0,18.479999999999997
3208,53,1,2044-11-01T00:00:00.0,4.649999999999999
3209,54,1,2044-11-01T00:00:00.0,6.32
3210,55,1,2044-11-01T00:00:00.0,0.010000000000005116
3211,51,1,2045-11-01T00:00:00.0,32.66
3212,52,1,2045-11-01T00:00:00.0,18.430000000000007
3213,53,1,2045-11-01T00:00:00.0,4.6399999999999935
3214,54,1,2045-11-01T00:00:00.0,6.310000000000002
3215,55,1,2045-11-01T00:00:00.0,0.0
3216,51,1,2046-11-01T00:00:00.0,32.54
3217,52,1,2046-11-01T00:00:00.0,18.36
3218,53,1,2046-11-01T00:00:00.0,4.6200000000000045
3219,54,1,2046-11-01T00:00:00.0,6.289999999999999
3220,55,1,2046-11-01T00:00:00.0,0.0
3221,51,1,2047-11-01T00:00:00.0,32.34
3222,52,1,2047-11-01T00:00:00.0,18.25
3223,53,1,2047-11-01T00:00:00.0,4.599999999999994
3224,54,1,2047-11-01T00:00:00.0,6.240000000000002
3225,55,1,2047-11-01T00:00:00.0,0.00999999999999801
3226,51,1,2048-11-01T00:00:00.0,32.13
3227,52,1,2048-11-01T00:00:00.0,18.129999999999995
3228,53,1,2048-11-01T00:00:00.0,4.560000000000002
3229,54,1,2048-11-01T00:00:00.0,6.210000000000001
3230,55,1,2048-11-01T00:00:00.0,0.0
3231,51,1,2049-11-01T00:00:00.0,32.16
3232,52,1,2049-11-01T00:00:00.0,18.150000000000006
3233,53,1,2049-11-01T00:00:00.0,4.559999999999995
3234,54,1,2049-11-01T00:00:00.0,6.210000000000001
3235,55,1,2049-11-01T00:00:00.0,0.010000000000005116
3236,51,1,2050-11-01T00:00:00.0,32.29
3237,52,1,2050-11-01T00:00:00.0,18.22
3238,53,1,2050-11-01T00:00:00.0,4.590000000000003
3239,54,1,2050-11-01T00:00:00.0,6.240000000000002
3240,55,1,2050-11-01T00:00:00.0,0.0
3241,51,1,2051-11-01T00:00:00.0,32.46
3242,52,1,2051-11-01T00:00:00.0,18.310000000000002
3243,53,1,2051-11-01T00:00:00.0,4.609999999999999
3244,54,1,2051-11-01T00:00:00.0,6.269999999999996
3245,55,1,2051-11-01T00:00:00.0,0.0
3246,51,1,2052-11-01T00:00:00.0,32.64
3247,52,1,2052-11-01T00:00:00.0,18.42
3248,53,1,2052-11-01T00:00:00.0,4.6299999999999955
3249,54,1,2052-11-01T00:00:00.0,6.310000000000002
3250,55,1,2052-11-01T00:00:00.0,0.0
3251,51,1,2053-11-01T00:00:00.0,32.69
3252,52,1,2053-11-01T00:00:00.0,18.450000000000003
3253,53,1,2053-11-01T00:00:00.0,4.640000000000001
3254,54,1,2053-11-01T00:00:00.0,6.32
3255,55,1,2053-11-01T00:00:00.0,0.0
3256,51,1,2024-04-01T00:00:00.0,25.57
3257,52,1,2024-04-01T00:00:00.0,14.43
3258,53,1,2024-04-01T00:00:00.0,3.6300000000000026
3259,54,1,2024-04-01T00:00:00.0,4.939999999999998
3260,55,1,2024-04-01T00:00:00.0,0.0
3261,51,1,2025-04-01T00:00:00.0,26.04
3262,52,1,2025-04-01T00:00:00.0,14.689999999999998
3263,53,1,2025-04-01T00:00:00.0,3.700000000000003
3264,54,1,2025-04-01T00:00:00.0,5.030000000000001
3265,55,1,2025-04-01T00:00:00.0,0.0
3266,51,1,2026-04-01T00:00:00.0,26.71
3267,52,1,2026-04-01T00:00:00.0,15.07
3268,53,1,2026-04-01T00:00:00.0,3.789999999999999
3269,54,1,2026-04-01T00:00:00.0,5.159999999999997
3270,55,1,2026-04-01T00:00:00.0,0.0
3271,51,1,2027-04-01T00:00:00.0,27.55
3272,52,1,2027-04-01T00:00:00.0,15.540000000000003
3273,53,1,2027-04-01T00:00:00.0,3.9099999999999966
3274,54,1,2027-04-01T00:00:00.0,5.329999999999998
3275,55,1,2027-04-01T00:00:00.0,0.0
3276,51,1,2028-04-01T00:00:00.0,28.15
3277,52,1,2028-04-01T00:00:00.0,15.880000000000003
3278,53,1,2028-04-01T00:00:00.0,4.0
3279,54,1,2028-04-01T00:00:00.0,5.439999999999998
3280,55,1,2028-04-01T00:00:00.0,0.0
3281,51,1,2029-04-01T00:00:00.0,28.6
3282,52,1,2029-04-01T00:00:00.0,16.14
3283,53,1,2029-04-01T00:00:00.0,4.059999999999995
3284,54,1,2029-04-01T00:00:00.0,5.530000000000001
3285,55,1,2029-04-01T00:00:00.0,0.0
3286,51,1,2030-04-01T00:00:00.0,28.94
3287,52,1,2030-04-01T00:00:00.0,16.34
3288,53,1,2030-04-01T00:00:00.0,4.109999999999999
3289,54,1,2030-04-01T00:00:00.0,5.589999999999996
3290,55,1,2030-04-01T00:00:00.0,0.0
3291,51,1,2031-04-01T00:00:00.0,29.31
3292,52,1,2031-04-01T00:00:00.0,16.540000000000003
3293,53,1,2031-04-01T00:00:00.0,4.159999999999997
3294,54,1,2031-04-01T00:00:00.0,5.660000000000004
3295,55,1,2031-04-01T00:00:00.0,0.0
3296,51,1,2032-04-01T00:00:00.0,29.67
3297,52,1,2032-04-01T00:00:00.0,16.739999999999995
3298,53,1,2032-04-01T00:00:00.0,4.210000000000001
3299,54,1,2032-04-01T00:00:00.0,5.730000000000004
3300,55,1,2032-04-01T00:00:00.0,0.0
3301,51,1,2033-04-01T00:00:00.0,30.01
3302,52,1,2033-04-01T00:00:00.0,16.94
3303,53,1,2033-04-01T00:00:00.0,4.259999999999998
3304,54,1,2033-04-01T00:00:00.0,5.799999999999997
3305,55,1,2033-04-01T00:00:00.0,0.0
3306,51,1,2034-04-01T00:00:00.0,30.37
3307,52,1,2034-04-01T00:00:00.0,17.150000000000002
3308,53,1,2034-04-01T00:00:00.0,4.309999999999995
3309,54,1,2034-04-01T00:00:00.0,5.8700000000000045
3310,55,1,2034-04-01T00:00:00.0,0.0
3311,51,1,2035-04-01T00:00:00.0,30.77
3312,52,1,2035-04-01T00:00:00.0,17.360000000000003
3313,53,1,2035-04-01T00:00:00.0,4.369999999999997
3314,54,1,2035-04-01T00:00:00.0,5.939999999999998
3315,55,1,2035-04-01T00:00:00.0,0.010000000000005116
3316,51,1,2036-04-01T00:00:00.0,31.17
3317,52,1,2036-04-01T00:00:00.0,17.589999999999996
3318,53,1,2036-04-01T00:00:00.0,4.43
3319,54,1,2036-04-01T00:00:00.0,6.020000000000003
3320,55,1,2036-04-01T00:00:00.0,0.0
3321,51,1,2037-04-01T00:00:00.0,31.54
3322,52,1,2037-04-01T00:00:00.0,17.79
3323,53,1,2037-04-01T00:00:00.0,4.480000000000004
3324,54,1,2037-04-01T00:00:00.0,6.089999999999996
3325,55,1,2037-04-01T00:00:00.0,0.0
3326,51,1,2038-04-01T00:00:00.0,31.9
3327,52,1,2038-04-01T00:00:00.0,18.0
3328,53,1,2038-04-01T00:00:00.0,4.530000000000001
3329,54,1,2038-04-01T00:00:00.0,6.160000000000004
3330,55,1,2038-04-01T00:00:00.0,0.0
3331,51,1,2039-04-01T00:00:00.0,32.12
3332,52,1,2039-04-01T00:00:00.0,18.120000000000005
3333,53,1,2039-04-01T00:00:00.0,4.559999999999995
3334,54,1,2039-04-01T00:00:00.0,6.210000000000001
3335,55,1,2039-04-01T00:00:00.0,0.0
3336,51,1,2040-04-01T00:00:00.0,32.42
3337,52,1,2040-04-01T00:00:00.0,18.299999999999997
3338,53,1,2040-04-01T00:00:00.0,4.600000000000001
3339,54,1,2040-04-01T00:00:00.0,6.270000000000003
3340,55,1,2040-04-01T00:00:00.0,0.0
3341,51,1,2041-04-01T00:00:00.0,32.75
3342,52,1,2041-04-01T00:00:00.0,18.479999999999997
3343,53,1,2041-04-01T00:00:00.0,4.650000000000006
3344,54,1,2041-04-01T00:00:00.0,6.329999999999998
3345,55,1,2041-04-01T00:00:00.0,0.0
3346,51,1,2042-04-01T00:00:00.0,33.05
3347,52,1,2042-04-01T00:00:00.0,18.650000000000006
3348,53,1,2042-04-01T00:00:00.0,4.689999999999998
3349,54,1,2042-04-01T00:00:00.0,6.390000000000001
3350,55,1,2042-04-01T00:00:00.0,0.0
3351,51,1,2043-04-01T00:00:00.0,33.28
3352,52,1,2043-04-01T00:00:00.0,18.79
3353,53,1,2043-04-01T00:00:00.0,4.719999999999999
3354,54,1,2043-04-01T00:00:00.0,6.43
3355,55,1,2043-04-01T00:00:00.0,0.0
3356,51,1,2044-04-01T00:00:00.0,33.37
3357,52,1,2044-04-01T00:00:00.0,18.830000000000005
3358,53,1,2044-04-01T00:00:00.0,4.739999999999995
3359,54,1,2044-04-01T00:00:00.0,6.450000000000003
3360,55,1,2044-04-01T00:00:00.0,0.0
3361,51,1,2045-04-01T00:00:00.0,33.32
3362,52,1,2045-04-01T00:00:00.0,18.799999999999997
3363,53,1,2045-04-01T00:00:00.0,4.730000000000004
3364,54,1,2045-04-01T00:00:00.0,6.439999999999998
3365,55,1,2045-04-01T00:00:00.0,0.0
3366,51,1,2046-04-01T00:00:00.0,33.35
3367,52,1,2046-04-01T00:00:00.0,18.82
3368,53,1,2046-04-01T00:00:00.0,4.739999999999995
3369,54,1,2046-04-01T00:00:00.0,6.440000000000005
3370,55,1,2046-04-01T00:00:00.0,0.0
3371,51,1,2047-04-01T00:00:00.0,33.22
3372,52,1,2047-04-01T00:00:00.0,18.740000000000002
3373,53,1,2047-04-01T00:00:00.0,4.719999999999999
3374,54,1,2047-04-01T00:00:00.0,6.420000000000002
3375,55,1,2047-04-01T00:00:00.0,0.0
3376,51,1,2048-04-01T00:00:00.0,32.88
3377,52,1,2048-04-01T00:00:00.0,18.559999999999995
3378,53,1,2048-04-01T00:00:00.0,4.670000000000002
3379,54,1,2048-04-01T00:00:00.0,6.350000000000001
3380,55,1,2048-04-01T00:00:00.0,0.0
3381,51,1,2049-04-01T00:00:00.0,32.77
3382,52,1,2049-04-01T00:00:00.0,18.5
3383,53,1,2049-04-01T00:00:00.0,4.649999999999999
3384,54,1,2049-04-01T00:00:00.0,6.329999999999998
3385,55,1,2049-04-01T00:00:00.0,0.0
3386,51,1,2050-04-01T00:00:00.0,32.75
3387,52,1,2050-04-01T00:00:00.0,18.479999999999997
3388,53,1,2050-04-01T00:00:00.0,4.650000000000006
3389,54,1,2050-04-01T00:00:00.0,6.32
3390,55,1,2050-04-01T00:00:00.0,0.0
3391,51,1,2051-04-01T00:00:00.0,32.77
3392,52,1,2051-04-01T00:00:00.0,18.489999999999995
3393,53,1,2051-04-01T00:00:00.0,4.649999999999999
3394,54,1,2051-04-01T00:00:00.0,6.330000000000005
3395,55,1,2051-04-01T00:00:00.0,0.00999999999999801
3396,51,1,2052-04-01T00:00:00.0,33.04
3397,52,1,2052-04-01T00:00:00.0,18.65
3398,53,1,2052-04-01T00:00:00.0,4.690000000000005
3399,54,1,2052-04-01T00:00:00.0,6.3799999999999955
3400,55,1,2052-04-01T00:00:00.0,0.0
3401,51,1,2053-04-01T00:00:00.0,33.1
3402,52,1,2053-04-01T00:00:00.0,18.68
3403,53,1,2053-04-01T00:00:00.0,4.699999999999996
3404,54,1,2053-04-01T00:00:00.0,6.390000000000001
3405,55,1,2053-04-01T00:00:00.0,0.0
3406,51,1,2054-04-01T00:00:00.0,33.11
3407,52,1,2054-04-01T00:00:00.0,18.689999999999998
3408,53,1,2054-04-01T00:00:00.0,4.700000000000003
3409,54,1,2054-04-01T00:00:00.0,6.390000000000001
3410,55,1,2054-04-01T00:00:00.0,0.00999999999999801
3411,56,1,2023-11-01T00:00:00.0,0.0
3412,57,1,2023-11-01T00:00:00.0,0.0
3413,58,1,2023-11-01T00:00:00.0,0.0
3414,59,1,2023-11-01T00:00:00.0,0.0
3415,60,1,2023-11-01T00:00:00.0,0.0
3416,56,1,2024-11-01T00:00:00.0,0.0
3417,57,1,2024-11-01T00:00:00.0,0.0
3418,58,1,2024-11-01T00:00:00.0,0.0
3419,59,1,2024-11-01T00:00:00.0,0.0
3420,60,1,2024-11-01T00:00:00.0,0.0
3421,56,1,2025-11-01T00:00:00.0,0.0
3422,57,1,2025-11-01T00:00:00.0,0.0
3423,58,1,2025-11-01T00:00:00.0,0.0
3424,59,1,2025-11-01T00:00:00.0,0.0
3425,60,1,2025-11-01T00:00:00.0,0.0
3426,56,1,2026-11-01T00:00:00.0,0.0
3427,57,1,2026-11-01T00:00:00.0,0.0
3428,58,1,2026-11-01T00:00:00.0,0.0
3429,59,1,2026-11-01T00:00:00.0,0.0
3430,60,1,2026-11-01T00:00:00.0,0.0
3431,56,1,2027-11-01T00:00:00.0,0.0
3432,57,1,2027-11-01T00:00:00.0,0.0
3433,58,1,2027-11-01T00:00:00.0,0.0
3434,59,1,2027-11-01T00:00:00.0,0.0
3435,60,1,2027-11-01T00:00:00.0,0.0
3436,56,1,2028-11-01T00:00:00.0,0.0
3437,57,1,2028-11-01T00:00:00.0,0.0
3438,58,1,2028-11-01T00:00:00.0,0.0
3439,59,1,2028-11-01T00:00:00.0,0.0
3440,60,1,2028-11-01T00:00:00.0,0.0
3441,56,1,2029-11-01T00:00:00.0,0.0
3442,57,1,2029-11-01T00:00:00.0,0.0
3443,58,1,2029-11-01T00:00:00.0,0.0
3444,59,1,2029-11-01T00:00:00.0,0.0
3445,60,1,2029-11-01T00:00:00.0,0.0
3446,56,1,2030-11-01T00:00:00.0,0.0
3447,57,1,2030-11-01T00:00:00.0,0.0
3448,58,1,2030-11-01T00:00:00.0,0.0
3449,59,1,2030-11-01T00:00:00.0,0.0
3450,60,1,2030-11-01T00:00:00.0,0.0
3451,56,1,2031-11-01T00:00:00.0,0.0
3452,57,1,2031-11-01T00:00:00.0,0.0
3453,58,1,2031-11-01T00:00:00.0,0.0
3454,59,1,2031-11-01T00:00:00.0,0.0
3455,60,1,2031-11-01T00:00:00.0,0.0
3456,56,1,2032-11-01T00:00:00.0,0.0
3457,57,1,2032-11-01T00:00:00.0,0.0
3458,58,1,2032-11-01T00:00:00.0,0.0
3459,59,1,2032-11-01T00:00:00.0,0.0
3460,60,1,2032-11-01T00:00:00.0,0.0
3461,56,1,2033-11-01T00:00:00.0,0.0
3462,57,1,2033-11-01T00:00:00.0,0.0
3463,58,1,2033-11-01T00:00:00.0,0.0
3464,59,1,2033-11-01T00:00:00.0,0.0
3465,60,1,2033-11-01T00:00:00.0,0.0
3466,56,1,2034-11-01T00:00:00.0,0.0
3467,57,1,2034-11-01T00:00:00.0,0.0
3468,58,1,2034-11-01T00:00:00.0,0.0
3469,59,1,2034-11-01T00:00:00.0,0.0
3470,60,1,2034-11-01T00:00:00.0,0.0
3471,56,1,2035-11-01T00:00:00.0,0.0
3472,57,1,2035-11-01T00:00:00.0,0.0
3473,58,1,2035-11-01T00:00:00.0,0.0
3474,59,1,2035-11-01T00:00:00.0,0.0
3475,60,1,2035-11-01T00:00:00.0,0.0
3476,56,1,2036-11-01T00:00:00.0,0.0
3477,57,1,2036-11-01T00:00:00.0,0.0
3478,58,1,2036-11-01T00:00:00.0,0.0
3479,59,1,2036-11-01T00:00:00.0,0.0
3480,60,1,2036-11-01T00:00:00.0,0.0
3481,56,1,2037-11-01T00:00:00.0,0.0
3482,57,1,2037-11-01T00:00:00.0,0.0
3483,58,1,2037-11-01T00:00:00.0,0.0
3484,59,1,2037-11-01T00:00:00.0,0.0
3485,60,1,2037-11-01T00:00:00.0,0.0
3486,56,1,2038-11-01T00:00:00.0,0.0
3487,57,1,2038-11-01T00:00:00.0,0.0
3488,58,1,2038-11-01T00:00:00.0,0.0
3489,59,1,2038-11-01T00:00:00.0,0.0
3490,60,1,2038-11-01T00:00:00.0,0.0
3491,56,1,2039-11-01T00:00:00.0,0.0
3492,57,1,2039-11-01T00:00:00.0,0.0
3493,58,1,2039-11-01T00:00:00.0,0.0
3494,59,1,2039-11-01T00:00:00.0,0.0
3495,60,1,2039-11-01T00:00:00.0,0.0
3496,56,1,2040-11-01T00:00:00.0,0.0
3497,57,1,2040-11-01T00:00:00.0,0.0
3498,58,1,2040-11-01T00:00:00.0,0.0
3499,59,1,2040-11-01T00:00:00.0,0.0
3500,60,1,2040-11-01T00:00:00.0,0.0
3501,56,1,2041-11-01T00:00:00.0,0.0
3502,57,1,2041-11-01T00:00:00.0,0.0
3503,58,1,2041-11-01T00:00:00.0,0.0
3504,59,1,2041-11-01T00:00:00.0,0.0
3505,60,1,2041-11-01T00:00:00.0,0.0
3506,56,1,2042-11-01T00:00:00.0,0.0
3507,57,1,2042-11-01T00:00:00.0,0.0
3508,58,1,2042-11-01T00:00:00.0,0.0
3509,59,1,2042-11-01T00:00:00.0,0.0
3510,60,1,2042-11-01T00:00:00.0,0.0
3511,56,1,2043-11-01T00:00:00.0,0.0
3512,57,1,2043-11-01T00:00:00.0,0.0
3513,58,1,2043-11-01T00:00:00.0,0.0
3514,59,1,2043-11-01T00:00:00.0,0.0
3515,60,1,2043-11-01T00:00:00.0,0.0
3516,56,1,2044-11-01T00:00:00.0,0.0
3517,57,1,2044-11-01T00:00:00.0,0.0
3518,58,1,2044-11-01T00:00:00.0,0.0
3519,59,1,2044-11-01T00:00:00.0,0.0
3520,60,1,2044-11-01T00:00:00.0,0.0
3521,56,1,2045-11-01T00:00:00.0,0.0
3522,57,1,2045-11-01T00:00:00.0,0.0
3523,58,1,2045-11-01T00:00:00.0,0.0
3524,59,1,2045-11-01T00:00:00.0,0.0
3525,60,1,2045-11-01T00:00:00.0,0.0
3526,56,1,2046-11-01T00:00:00.0,0.0
3527,57,1,2046-11-01T00:00:00.0,0.0
3528,58,1,2046-11-01T00:00:00.0,0.0
3529,59,1,2046-11-01T00:00:00.0,0.0
3530,60,1,2046-11-01T00:00:00.0,0.0
3531,56,1,2047-11-01T00:00:00.0,0.0
3532,57,1,2047-11-01T00:00:00.0,0.0
3533,58,1,2047-11-01T00:00:00.0,0.0
3534,59,1,2047-11-01T00:00:00.0,0.0
3535,60,1,2047-11-01T00:00:00.0,0.0
3536,56,1,2048-11-01T00:00:00.0,0.0
3537,57,1,2048-11-01T00:00:00.0,0.0
3538,58,1,2048-11-01T00:00:00.0,0.0
3539,59,1,2048-11-01T00:00:00.0,0.0
3540,60,1,2048-11-01T00:00:00.0,0.0
3541,56,1,2049-11-01T00:00:00.0,0.0
3542,57,1,2049-11-01T00:00:00.0,0.0
3543,58,1,2049-11-01T00:00:00.0,0.0
3544,59,1,2049-11-01T00:00:00.0,0.0
3545,60,1,2049-11-01T00:00:00.0,0.0
3546,56,1,2050-11-01T00:00:00.0,0.0
3547,57,1,2050-11-01T00:00:00.0,0.0
3548,58,1,2050-11-01T00:00:00.0,0.0
3549,59,1,2050-11-01T00:00:00.0,0.0
3550,60,1,2050-11-01T00:00:00.0,0.0
3551,56,1,2051-11-01T00:00:00.0,0.0
3552,57,1,2051-11-01T00:00:00.0,0.0
3553,58,1,2051-11-01T00:00:00.0,0.0
3554,59,1,2051-11-01T00:00:00.0,0.0
3555,60,1,2051-11-01T00:00:00.0,0.0
3556,56,1,2052-11-01T00:00:00.0,0.0
3557,57,1,2052-11-01T00:00:00.0,0.0
3558,58,1,2052-11-01T00:00:00.0,0.0
3559,59,1,2052-11-01T00:00:00.0,0.0
3560,60,1,2052-11-01T00:00:00.0,0.0
3561,56,1,2053-11-01T00:00:00.0,0.0
3562,57,1,2053-11-01T00:00:00.0,0.0
3563,58,1,2053-11-01T00:00:00.0,0.0
3564,59,1,2053-11-01T00:00:00.0,0.0
3565,60,1,2053-11-01T00:00:00.0,0.0
3566,56,1,2024-04-01T00:00:00.0,0.0
3567,57,1,2024-04-01T00:00:00.0,0.0
3568,58,1,2024-04-01T00:00:00.0,0.0
3569,59,1,2024-04-01T00:00:00.0,0.0
3570,60,1,2024-04-01T00:00:00.0,0.0
3571,56,1,2025-04-01T00:00:00.0,0.0
3572,57,1,2025-04-01T00:00:00.0,0.0
3573,58,1,2025-04-01T00:00:00.0,0.0
3574,59,1,2025-04-01T00:00:00.0,0.0
3575,60,1,2025-04-01T00:00:00.0,0.0
3576,56,1,2026-04-01T00:00:00.0,0.0
3577,57,1,2026-04-01T00:00:00.0,0.0
3578,58,1,2026-04-01T00:00:00.0,0.0
3579,59,1,2026-04-01T00:00:00.0,0.0
3580,60,1,2026-04-01T00:00:00.0,0.0
3581,56,1,2027-04-01T00:00:00.0,0.0
3582,57,1,2027-04-01T00:00:00.0,0.0
3583,58,1,2027-04-01T00:00:00.0,0.0
3584,59,1,2027-04-01T00:00:00.0,0.0
3585,60,1,2027-04-01T00:00:00.0,0.0
3586,56,1,2028-04-01T00:00:00.0,0.0
3587,57,1,2028-04-01T00:00:00.0,0.0
3588,58,1,2028-04-01T00:00:00.0,0.0
3589,59,1,2028-04-01T00:00:00.0,0.0
3590,60,1,2028-04-01T00:00:00.0,0.0
3591,56,1,2029-04-01T00:00:00.0,0.0
3592,57,1,2029-04-01T00:00:00.0,0.0
3593,58,1,2029-04-01T00:00:00.0,0.0
3594,59,1,2029-04-01T00:00:00.0,0.0
3595,60,1,2029-04-01T00:00:00.0,0.0
3596,56,1,2030-04-01T00:00:00.0,0.0
3597,57,1,2030-04-01T00:00:00.0,0.0
3598,58,1,2030-04-01T00:00:00.0,0.0
3599,59,1,2030-04-01T00:00:00.0,0.0
3600,60,1,2030-04-01T00:00:00.0,0.0
3601,56,1,2031-04-01T00:00:00.0,0.0
3602,57,1,2031-04-01T00:00:00.0,0.0
3603,58,1,2031-04-01T00:00:00.0,0.0
3604,59,1,2031-04-01T00:00:00.0,0.0
3605,60,1,2031-04-01T00:00:00.0,0.0
3606,56,1,2032-04-01T00:00:00.0,0.0
3607,57,1,2032-04-01T00:00:00.0,0.0
3608,58,1,2032-04-01T00:00:00.0,0.0
3609,59,1,2032-04-01T00:00:00.0,0.0
3610,60,1,2032-04-01T00:00:00.0,0.0
3611,56,1,2033-04-01T00:00:00.0,0.0
3612,57,1,2033-04-01T00:00:00.0,0.0
3613,58,1,2033-04-01T00:00:00.0,0.0
3614,59,1,2033-04-01T00:00:00.0,0.0
3615,60,1,2033-04-01T00:00:00.0,0.0
3616,56,1,2034-04-01T00:00:00.0,0.0
3617,57,1,2034-04-01T00:00:00.0,0.0
3618,58,1,2034-04-01T00:00:00.0,0.0
3619,59,1,2034-04-01T00:00:00.0,0.0
3620,60,1,2034-04-01T00:00:00.0,0.0
3621,56,1,2035-04-01T00:00:00.0,0.0
3622,57,1,2035-04-01T00:00:00.0,0.0
3623,58,1,2035-04-01T00:00:00.0,0.0
3624,59,1,2035-04-01T00:00:00.0,0.0
3625,60,1,2035-04-01T00:00:00.0,0.0
3626,56,1,2036-04-01T00:00:00.0,0.0
3627,57,1,2036-04-01T00:00:00.0,0.0
3628,58,1,2036-04-01T00:00:00.0,0.0
3629,59,1,2036-04-01T00:00:00.0,0.0
3630,60,1,2036-04-01T00:00:00.0,0.0
3631,56,1,2037-04-01T00:00:00.0,0.0
3632,57,1,2037-04-01T00:00:00.0,0.0
3633,58,1,2037-04-01T00:00:00.0,0.0
3634,59,1,2037-04-01T00:00:00.0,0.0
3635,60,1,2037-04-01T00:00:00.0,0.0
3636,56,1,2038-04-01T00:00:00.0,0.0
3637,57,1,2038-04-01T00:00:00.0,0.0
3638,58,1,2038-04-01T00:00:00.0,0.0
3639,59,1,2038-04-01T00:00:00.0,0.0
3640,60,1,2038-04-01T00:00:00.0,0.0
3641,56,1,2039-04-01T00:00:00.0,0.0
3642,57,1,2039-04-01T00:00:00.0,0.0
3643,58,1,2039-04-01T00:00:00.0,0.0
3644,59,1,2039-04-01T00:00:00.0,0.0
3645,60,1,2039-04-01T00:00:00.0,0.0
3646,56,1,2040-04-01T00:00:00.0,0.0
3647,57,1,2040-04-01T00:00:00.0,0.0
3648,58,1,2040-04-01T00:00:00.0,0.0
3649,59,1,2040-04-01T00:00:00.0,0.0
3650,60,1,2040-04-01T00:00:00.0,0.0
3651,56,1,2041-04-01T00:00:00.0,0.0
3652,57,1,2041-04-01T00:00:00.0,0.0
3653,58,1,2041-04-01T00:00:00.0,0.0
3654,59,1,2041-04-01T00:00:00.0,0.0
3655,60,1,2041-04-01T00:00:00.0,0.0
3656,56,1,2042-04-01T00:00:00.0,0.0
3657,57,1,2042-04-01T00:00:00.0,0.0
3658,58,1,2042-04-01T00:00:00.0,0.0
3659,59,1,2042-04-01T00:00:00.0,0.0
3660,60,1,2042-04-01T00:00:00.0,0.0
3661,56,1,2043-04-01T00:00:00.0,0.0
3662,57,1,2043-04-01T00:00:00.0,0.0
3663,58,1,2043-04-01T00:00:00.0,0.0
3664,59,1,2043-04-01T00:00:00.0,0.0
3665,60,1,2043-04-01T00:00:00.0,0.0
3666,56,1,2044-04-01T00:00:00.0,0.0
3667,57,1,2044-04-01T00:00:00.0,0.0
3668,58,1,2044-04-01T00:00:00.0,0.0
3669,59,1,2044-04-01T00:00:00.0,0.0
3670,60,1,2044-04-01T00:00:00.0,0.0
3671,56,1,2045-04-01T00:00:00.0,0.0
3672,57,1,2045-04-01T00:00:00.0,0.0
3673,58,1,2045-04-01T00:00:00.0,0.0
3674,59,1,2045-04-01T00:00:00.0,0.0
3675,60,1,2045-04-01T00:00:00.0,0.0
3676,56,1,2046-04-01T00:00:00.0,0.0
3677,57,1,2046-04-01T00:00:00.0,0.0
3678,58,1,2046-04-01T00:00:00.0,0.0
3679,59,1,2046-04-01T00:00:00.0,0.0
3680,60,1,2046-04-01T00:00:00.0,0.0
3681,56,1,2047-04-01T00:00:00.0,0.0
3682,57,1,2047-04-01T00:00:00.0,0.0
3683,58,1,2047-04-01T00:00:00.0,0.0
3684,59,1,2047-04-01T00:00:00.0,0.0
3685,60,1,2047-04-01T00:00:00.0,0.0
3686,56,1,2048-04-01T00:00:00.0,0.0
3687,57,1,2048-04-01T00:00:00.0,0.0
3688,58,1,2048-04-01T00:00:00.0,0.0
3689,59,1,2048-04-01T00:00:00.0,0.0
3690,60,1,2048-04-01T00:00:00.0,0.0
3691,56,1,2049-04-01T00:00:00.0,0.0
3692,57,1,2049-04-01T00:00:00.0,0.0
3693,58,1,2049-04-01T00:00:00.0,0.0
3694,59,1,2049-04-01T00:00:00.0,0.0
3695,60,1,2049-04-01T00:00:00.0,0.0
3696,56,1,2050-04-01T00:00:00.0,0.0
3697,57,1,2050-04-01T00:00:00.0,0.0
3698,58,1,2050-04-01T00:00:00.0,0.0
3699,59,1,2050-04-01T00:00:00.0,0.0
3700,60,1,2050-04-01T00:00:00.0,0.0
3701,56,1,2051-04-01T00:00:00.0,0.0
3702,57,1,2051-04-01T00:00:00.0,0.0
3703,58,1,2051-04-01T00:00:00.0,0.0
3704,59,1,2051-04-01T00:00:00.0,0.0
3705,60,1,2051-04-01T00:00:00.0,0.0
3706,56,1,2052-04-01T00:00:00.0,0.0
3707,57,1,2052-04-01T00:00:00.0,0.0
3708,58,1,2052-04-01T00:00:00.0,0.0
3709,59,1,2052-04-01T00:00:00.0,0.0
3710,60,1,2052-04-01T00:00:00.0,0.0
3711,56,1,2053-04-01T00:00:00.0,0.0
3712,57,1,2053-04-01T00:00:00.0,0.0
3713,58,1,2053-04-01T00:00:00.0,0.0
3714,59,1,2053-04-01T00:00:00.0,0.0
3715,60,1,2053-04-01T00:00:00.0,0.0
3716,56,1,2054-04-01T00:00:00.0,0.0
3717,57,1,2054-04-01T00:00:00.0,0.0
3718,58,1,2054-04-01T00:00:00.0,0.0
3719,59,1,2054-04-01T00:00:00.0,0.0
3720,60,1,2054-04-01T00:00:00.0,0.0
3721,1,2,2023-11-01T00:00:00.0,0.0
3722,2,2,2023-11-01T00:00:00.0,0.0
3723,3,2,2023-11-01T00:00:00.0,0.0
3724,4,2,2023-11-01T00:00:00.0,0.0
3725,5,2,2023-11-01T00:00:00.0,0.0
3726,1,2,2024-11-01T00:00:00.0,0.0
3727,2,2,2024-11-01T00:00:00.0,0.0
3728,3,2,2024-11-01T00:00:00.0,0.0
3729,4,2,2024-11-01T00:00:00.0,0.0
3730,5,2,2024-11-01T00:00:00.0,0.0
3731,1,2,2025-11-01T00:00:00.0,0.0
3732,2,2,2025-11-01T00:00:00.0,0.0
3733,3,2,2025-11-01T00:00:00.0,0.0
3734,4,2,2025-11-01T00:00:00.0,0.0
3735,5,2,2025-11-01T00:00:00.0,0.0
3736,1,2,2026-11-01T00:00:00.0,0.0
3737,2,2,2026-11-01T00:00:00.0,0.0
3738,3,2,2026-11-01T00:00:00.0,0.0
3739,4,2,2026-11-01T00:00:00.0,0.0
3740,5,2,2026-11-01T00:00:00.0,0.0
3741,1,2,2027-11-01T00:00:00.0,0.0
3742,2,2,2027-11-01T00:00:00.0,0.0
3743,3,2,2027-11-01T00:00:00.0,0.0
3744,4,2,2027-11-01T00:00:00.0,0.0
3745,5,2,2027-11-01T00:00:00.0,0.0
3746,1,2,2028-11-01T00:00:00.0,0.0
3747,2,2,2028-11-01T00:00:00.0,0.0
3748,3,2,2028-11-01T00:00:00.0,0.0
3749,4,2,2028-11-01T00:00:00.0,0.0
3750,5,2,2028-11-01T00:00:00.0,0.0
3751,1,2,2029-11-01T00:00:00.0,0.0
3752,2,2,2029-11-01T00:00:00.0,0.0
3753,3,2,2029-11-01T00:00:00.0,0.0
3754,4,2,2029-11-01T00:00:00.0,0.0
3755,5,2,2029-11-01T00:00:00.0,0.0
3756,1,2,2030-11-01T00:00:00.0,0.0
3757,2,2,2030-11-01T00:00:00.0,0.0
3758,3,2,2030-11-01T00:00:00.0,0.0
3759,4,2,2030-11-01T00:00:00.0,0.0
3760,5,2,2030-11-01T00:00:00.0,0.0
3761,1,2,2031-11-01T00:00:00.0,0.0
3762,2,2,2031-11-01T00:00:00.0,0.0
3763,3,2,2031-11-01T00:00:00.0,0.0
3764,4,2,2031-11-01T00:00:00.0,0.0
3765,5,2,2031-11-01T00:00:00.0,0.0
3766,1,2,2032-11-01T00:00:00.0,0.0
3767,2,2,2032-11-01T00:00:00.0,0.0
3768,3,2,2032-11-01T00:00:00.0,0.0
3769,4,2,2032-11-01T00:00:00.0,0.0
3770,5,2,2032-11-01T00:00:00.0,0.0
3771,1,2,2033-11-01T00:00:00.0,0.0
3772,2,2,2033-11-01T00:00:00.0,0.0
3773,3,2,2033-11-01T00:00:00.0,0.0
3774,4,2,2033-11-01T00:00:00.0,0.0
3775,5,2,2033-11-01T00:00:00.0,0.0
3776,1,2,2034-11-01T00:00:00.0,0.0
3777,2,2,2034-11-01T00:00:00.0,0.0
3778,3,2,2034-11-01T00:00:00.0,0.0
3779,4,2,2034-11-01T00:00:00.0,0.0
3780,5,2,2034-11-01T00:00:00.0,0.0
3781,1,2,2035-11-01T00:00:00.0,0.0
3782,2,2,2035-11-01T00:00:00.0,0.0
3783,3,2,2035-11-01T00:00:00.0,0.0
3784,4,2,2035-11-01T00:00:00.0,0.0
3785,5,2,2035-11-01T00:00:00.0,0.0
3786,1,2,2036-11-01T00:00:00.0,0.0
3787,2,2,2036-11-01T00:00:00.0,0.0
3788,3,2,2036-11-01T00:00:00.0,0.0
3789,4,2,2036-11-01T00:00:00.0,0.0
3790,5,2,2036-11-01T00:00:00.0,0.0
3791,1,2,2037-11-01T00:00:00.0,0.0
3792,2,2,2037-11-01T00:00:00.0,0.0
3793,3,2,2037-11-01T00:00:00.0,0.0
3794,4,2,2037-11-01T00:00:00.0,0.0
3795,5,2,2037-11-01T00:00:00.0,0.0
3796,1,2,2038-11-01T00:00:00.0,0.0
3797,2,2,2038-11-01T00:00:00.0,0.0
3798,3,2,2038-11-01T00:00:00.0,0.0
3799,4,2,2038-11-01T00:00:00.0,0.0
3800,5,2,2038-11-01T00:00:00.0,0.0
3801,1,2,2039-11-01T00:00:00.0,0.0
3802,2,2,2039-11-01T00:00:00.0,0.0
3803,3,2,2039-11-01T00:00:00.0,0.0
3804,4,2,2039-11-01T00:00:00.0,0.0
3805,5,2,2039-11-01T00:00:00.0,0.0
3806,1,2,2040-11-01T00:00:00.0,0.0
3807,2,2,2040-11-01T00:00:00.0,0.0
3808,3,2,2040-11-01T00:00:00.0,0.0
3809,4,2,2040-11-01T00:00:00.0,0.0
3810,5,2,2040-11-01T00:00:00.0,0.0
3811,1,2,2041-11-01T00:00:00.0,0.0
3812,2,2,2041-11-01T00:00:00.0,0.0
3813,3,2,2041-11-01T00:00:00.0,0.0
3814,4,2,2041-11-01T00:00:00.0,0.0
3815,5,2,2041-11-01T00:00:00.0,0.0
3816,1,2,2042-11-01T00:00:00.0,0.0
3817,2,2,2042-11-01T00:00:00.0,0.0
3818,3,2,2042-11-01T00:00:00.0,0.0
3819,4,2,2042-11-01T00:00:00.0,0.0
3820,5,2,2042-11-01T00:00:00.0,0.0
3821,1,2,2043-11-01T00:00:00.0,0.0
3822,2,2,2043-11-01T00:00:00.0,0.0
3823,3,2,2043-11-01T00:00:00.0,0.0
3824,4,2,2043-11-01T00:00:00.0,0.0
3825,5,2,2043-11-01T00:00:00.0,0.0
3826,1,2,2044-11-01T00:00:00.0,0.0
3827,2,2,2044-11-01T00:00:00.0,0.0
3828,3,2,2044-11-01T00:00:00.0,0.0
3829,4,2,2044-11-01T00:00:00.0,0.0
3830,5,2,2044-11-01T00:00:00.0,0.0
3831,1,2,2045-11-01T00:00:00.0,0.0
3832,2,2,2045-11-01T00:00:00.0,0.0
3833,3,2,2045-11-01T00:00:00.0,0.0
3834,4,2,2045-11-01T00:00:00.0,0.0
3835,5,2,2045-11-01T00:00:00.0,0.0
3836,1,2,2046-11-01T00:00:00.0,0.0
3837,2,2,2046-11-01T00:00:00.0,0.0
3838,3,2,2046-11-01T00:00:00.0,0.0
3839,4,2,2046-11-01T00:00:00.0,0.0
3840,5,2,2046-11-01T00:00:00.0,0.0
3841,1,2,2047-11-01T00:00:00.0,0.0
3842,2,2,2047-11-01T00:00:00.0,0.0
3843,3,2,2047-11-01T00:00:00.0,0.0
3844,4,2,2047-11-01T00:00:00.0,0.0
3845,5,2,2047-11-01T00:00:00.0,0.0
3846,1,2,2048-11-01T00:00:00.0,0.0
3847,2,2,2048-11-01T00:00:00.0,0.0
3848,3,2,2048-11-01T00:00:00.0,0.0
3849,4,2,2048-11-01T00:00:00.0,0.0
3850,5,2,2048-11-01T00:00:00.0,0.0
3851,1,2,2049-11-01T00:00:00.0,0.0
3852,2,2,2049-11-01T00:00:00.0,0.0
3853,3,2,2049-11-01T00:00:00.0,0.0
3854,4,2,2049-11-01T00:00:00.0,0.0
3855,5,2,2049-11-01T00:00:00.0,0.0
3856,1,2,2050-11-01T00:00:00.0,0.0
3857,2,2,2050-11-01T00:00:00.0,0.0
3858,3,2,2050-11-01T00:00:00.0,0.0
3859,4,2,2050-11-01T00:00:00.0,0.0
3860,5,2,2050-11-01T00:00:00.0,0.0
3861,1,2,2051-11-01T00:00:00.0,0.0
3862,2,2,2051-11-01T00:00:00.0,0.0
3863,3,2,2051-11-01T00:00:00.0,0.0
3864,4,2,2051-11-01T00:00:00.0,0.0
3865,5,2,2051-11-01T00:00:00.0,0.0
3866,1,2,2052-11-01T00:00:00.0,0.0
3867,2,2,2052-11-01T00:00:00.0,0.0
3868,3,2,2052-11-01T00:00:00.0,0.0
3869,4,2,2052-11-01T00:00:00.0,0.0
3870,5,2,2052-11-01T00:00:00.0,0.0
3871,1,2,2053-11-01T00:00:00.0,0.0
3872,2,2,2053-11-01T00:00:00.0,0.0
3873,3,2,2053-11-01T00:00:00.0,0.0
3874,4,2,2053-11-01T00:00:00.0,0.0
3875,5,2,2053-11-01T00:00:00.0,0.0
3876,1,2,2024-04-01T00:00:00.0,0.0
3877,2,2,2024-04-01T00:00:00.0,0.0
3878,3,2,2024-04-01T00:00:00.0,0.0
3879,4,2,2024-04-01T00:00:00.0,0.0
3880,5,2,2024-04-01T00:00:00.0,0.0
3881,1,2,2025-04-01T00:00:00.0,0.0
3882,2,2,2025-04-01T00:00:00.0,0.0
3883,3,2,2025-04-01T00:00:00.0,0.0
3884,4,2,2025-04-01T00:00:00.0,0.0
3885,5,2,2025-04-01T00:00:00.0,0.0
3886,1,2,2026-04-01T00:00:00.0,0.0
3887,2,2,2026-04-01T00:00:00.0,0.0
3888,3,2,2026-04-01T00:00:00.0,0.0
3889,4,2,2026-04-01T00:00:00.0,0.0
3890,5,2,2026-04-01T00:00:00.0,0.0
3891,1,2,2027-04-01T00:00:00.0,0.0
3892,2,2,2027-04-01T00:00:00.0,0.0
3893,3,2,2027-04-01T00:00:00.0,0.0
3894,4,2,2027-04-01T00:00:00.0,0.0
3895,5,2,2027-04-01T00:00:00.0,0.0
3896,1,2,2028-04-01T00:00:00.0,0.0
3897,2,2,2028-04-01T00:00:00.0,0.0
3898,3,2,2028-04-01T00:00:00.0,0.0
3899,4,2,2028-04-01T00:00:00.0,0.0
3900,5,2,2028-04-01T00:00:00.0,0.0
3901,1,2,2029-04-01T00:00:00.0,0.0
3902,2,2,2029-04-01T00:00:00.0,0.0
3903,3,2,2029-04-01T00:00:00.0,0.0
3904,4,2,2029-04-01T00:00:00.0,0.0
3905,5,2,2029-04-01T00:00:00.0,0.0
3906,1,2,2030-04-01T00:00:00.0,0.0
3907,2,2,2030-04-01T00:00:00.0,0.0
3908,3,2,2030-04-01T00:00:00.0,0.0
3909,4,2,2030-04-01T00:00:00.0,0.0
3910,5,2,2030-04-01T00:00:00.0,0.0
3911,1,2,2031-04-01T00:00:00.0,0.0
3912,2,2,2031-04-01T00:00:00.0,0.0
3913,3,2,2031-04-01T00:00:00.0,0.0
3914,4,2,2031-04-01T00:00:00.0,0.0
3915,5,2,2031-04-01T00:00:00.0,0.0
3916,1,2,2032-04-01T00:00:00.0,0.0
3917,2,2,2032-04-01T00:00:00.0,0.0
3918,3,2,2032-04-01T00:00:00.0,0.0
3919,4,2,2032-04-01T00:00:00.0,0.0
3920,5,2,2032-04-01T00:00:00.0,0.0
3921,1,2,2033-04-01T00:00:00.0,0.0
3922,2,2,2033-04-01T00:00:00.0,0.0
3923,3,2,2033-04-01T00:00:00.0,0.0
3924,4,2,2033-04-01T00:00:00.0,0.0
3925,5,2,2033-04-01T00:00:00.0,0.0
3926,1,2,2034-04-01T00:00:00.0,0.0
3927,2,2,2034-04-01T00:00:00.0,0.0
3928,3,2,2034-04-01T00:00:00.0,0.0
3929,4,2,2034-04-01T00:00:00.0,0.0
3930,5,2,2034-04-01T00:00:00.0,0.0
3931,1,2,2035-04-01T00:00:00.0,0.0
3932,2,2,2035-04-01T00:00:00.0,0.0
3933,3,2,2035-04-01T00:00:00.0,0.0
3934,4,2,2035-04-01T00:00:00.0,0.0
3935,5,2,2035-04-01T00:00:00.0,0.0
3936,1,2,2036-04-01T00:00:00.0,0.0
3937,2,2,2036-04-01T00:00:00.0,0.0
3938,3,2,2036-04-01T00:00:00.0,0.0
3939,4,2,2036-04-01T00:00:00.0,0.0
3940,5,2,2036-04-01T00:00:00.0,0.0
3941,1,2,2037-04-01T00:00:00.0,0.0
3942,2,2,2037-04-01T00:00:00.0,0.0
3943,3,2,2037-04-01T00:00:00.0,0.0
3944,4,2,2037-04-01T00:00:00.0,0.0
3945,5,2,2037-04-01T00:00:00.0,0.0
3946,1,2,2038-04-01T00:00:00.0,0.0
3947,2,2,2038-04-01T00:00:00.0,0.0
3948,3,2,2038-04-01T00:00:00.0,0.0
3949,4,2,2038-04-01T00:00:00.0,0.0
3950,5,2,2038-04-01T00:00:00.0,0.0
3951,1,2,2039-04-01T00:00:00.0,0.0
3952,2,2,2039-04-01T00:00:00.0,0.0
3953,3,2,2039-04-01T00:00:00.0,0.0
3954,4,2,2039-04-01T00:00:00.0,0.0
3955,5,2,2039-04-01T00:00:00.0,0.0
3956,1,2,2040-04-01T00:00:00.0,0.0
3957,2,2,2040-04-01T00:00:00.0,0.0
3958,3,2,2040-04-01T00:00:00.0,0.0
3959,4,2,2040-04-01T00:00:00.0,0.0
3960,5,2,2040-04-01T00:00:00.0,0.0
3961,1,2,2041-04-01T00:00:00.0,0.0
3962,2,2,2041-04-01T00:00:00.0,0.0
3963,3,2,2041-04-01T00:00:00.0,0.0
3964,4,2,2041-04-01T00:00:00.0,0.0
3965,5,2,2041-04-01T00:00:00.0,0.0
3966,1,2,2042-04-01T00:00:00.0,0.0
3967,2,2,2042-04-01T00:00:00.0,0.0
3968,3,2,2042-04-01T00:00:00.0,0.0
3969,4,2,2042-04-01T00:00:00.0,0.0
3970,5,2,2042-04-01T00:00:00.0,0.0
3971,1,2,2043-04-01T00:00:00.0,0.0
3972,2,2,2043-04-01T00:00:00.0,0.0
3973,3,2,2043-04-01T00:00:00.0,0.0
3974,4,2,2043-04-01T00:00:00.0,0.0
3975,5,2,2043-04-01T00:00:00.0,0.0
3976,1,2,2044-04-01T00:00:00.0,0.0
3977,2,2,2044-04-01T00:00:00.0,0.0
3978,3,2,2044-04-01T00:00:00.0,0.0
3979,4,2,2044-04-01T00:00:00.0,0.0
3980,5,2,2044-04-01T00:00:00.0,0.0
3981,1,2,2045-04-01T00:00:00.0,0.0
3982,2,2,2045-04-01T00:00:00.0,0.0
3983,3,2,2045-04-01T00:00:00.0,0.0
3984,4,2,2045-04-01T00:00:00.0,0.0
3985,5,2,2045-04-01T00:00:00.0,0.0
3986,1,2,2046-04-01T00:00:00.0,0.0
3987,2,2,2046-04-01T00:00:00.0,0.0
3988,3,2,2046-04-01T00:00:00.0,0.0
3989,4,2,2046-04-01T00:00:00.0,0.0
3990,5,2,2046-04-01T00:00:00.0,0.0
3991,1,2,2047-04-01T00:00:00.0,0.0
3992,2,2,2047-04-01T00:00:00.0,0.0
3993,3,2,2047-04-01T00:00:00.0,0.0
3994,4,2,2047-04-01T00:00:00.0,0.0
3995,5,2,2047-04-01T00:00:00.0,0.0
3996,1,2,2048-04-01T00:00:00.0,0.0
3997,2,2,2048-04-01T00:00:00.0,0.0
3998,3,2,2048-04-01T00:00:00.0,0.0
3999,4,2,2048-04-01T00:00:00.0,0.0
4000,5,2,2048-04-01T00:00:00.0,0.0
4001,1,2,2049-04-01T00:00:00.0,0.0
4002,2,2,2049-04-01T00:00:00.0,0.0
4003,3,2,2049-04-01T00:00:00.0,0.0
4004,4,2,2049-04-01T00:00:00.0,0.0
4005,5,2,2049-04-01T00:00:00.0,0.0
4006,1,2,2050-04-01T00:00:00.0,0.0
4007,2,2,2050-04-01T00:00:00.0,0.0
4008,3,2,2050-04-01T00:00:00.0,0.0
4009,4,2,2050-04-01T00:00:00.0,0.0
4010,5,2,2050-04-01T00:00:00.0,0.0
4011,1,2,2051-04-01T00:00:00.0,0.0
4012,2,2,2051-04-01T00:00:00.0,0.0
4013,3,2,2051-04-01T00:00:00.0,0.0
4014,4,2,2051-04-01T00:00:00.0,0.0
4015,5,2,2051-04-01T00:00:00.0,0.0
4016,1,2,2052-04-01T00:00:00.0,0.0
4017,2,2,2052-04-01T00:00:00.0,0.0
4018,3,2,2052-04-01T00:00:00.0,0.0
4019,4,2,2052-04-01T00:00:00.0,0.0
4020,5,2,2052-04-01T00:00:00.0,0.0
4021,1,2,2053-04-01T00:00:00.0,0.0
4022,2,2,2053-04-01T00:00:00.0,0.0
4023,3,2,2053-04-01T00:00:00.0,0.0
4024,4,2,2053-04-01T00:00:00.0,0.0
4025,5,2,2053-04-01T00:00:00.0,0.0
4026,1,2,2054-04-01T00:00:00.0,0.0
4027,2,2,2054-04-01T00:00:00.0,0.0
4028,3,2,2054-04-01T00:00:00.0,0.0
4029,4,2,2054-04-01T00:00:00.0,0.0
4030,5,2,2054-04-01T00:00:00.0,0.0
4031,6,2,2023-11-01T00:00:00.0,0.0
4032,7,2,2023-11-01T00:00:00.0,0.0
4033,8,2,2023-11-01T00:00:00.0,0.0
4034,9,2,2023-11-01T00:00:00.0,0.0
4035,10,2,2023-11-01T00:00:00.0,0.0
4036,6,2,2024-11-01T00:00:00.0,0.0
4037,7,2,2024-11-01T00:00:00.0,0.0
4038,8,2,2024-11-01T00:00:00.0,0.0
4039,9,2,2024-11-01T00:00:00.0,0.0
4040,10,2,2024-11-01T00:00:00.0,0.0
4041,6,2,2025-11-01T00:00:00.0,0.0
4042,7,2,2025-11-01T00:00:00.0,0.0
4043,8,2,2025-11-01T00:00:00.0,0.0
4044,9,2,2025-11-01T00:00:00.0,0.0
4045,10,2,2025-11-01T00:00:00.0,0.0
4046,6,2,2026-11-01T00:00:00.0,0.0
4047,7,2,2026-11-01T00:00:00.0,0.0
4048,8,2,2026-11-01T00:00:00.0,0.0
4049,9,2,2026-11-01T00:00:00.0,0.0
4050,10,2,2026-11-01T00:00:00.0,0.0
4051,6,2,2027-11-01T00:00:00.0,0.0
4052,7,2,2027-11-01T00:00:00.0,0.0
4053,8,2,2027-11-01T00:00:00.0,0.0
4054,9,2,2027-11-01T00:00:00.0,0.0
4055,10,2,2027-11-01T00:00:00.0,0.0
4056,6,2,2028-11-01T00:00:00.0,0.0
4057,7,2,2028-11-01T00:00:00.0,0.0
4058,8,2,2028-11-01T00:00:00.0,0.0
4059,9,2,2028-11-01T00:00:00.0,0.0
4060,10,2,2028-11-01T00:00:00.0,0.0
4061,6,2,2029-11-01T00:00:00.0,0.0
4062,7,2,2029-11-01T00:00:00.0,0.0
4063,8,2,2029-11-01T00:00:00.0,0.0
4064,9,2,2029-11-01T00:00:00.0,0.0
4065,10,2,2029-11-01T00:00:00.0,0.0
4066,6,2,2030-11-01T00:00:00.0,0.0
4067,7,2,2030-11-01T00:00:00.0,0.0
4068,8,2,2030-11-01T00:00:00.0,0.0
4069,9,2,2030-11-01T00:00:00.0,0.0
4070,10,2,2030-11-01T00:00:00.0,0.0
4071,6,2,2031-11-01T00:00:00.0,0.0
4072,7,2,2031-11-01T00:00:00.0,0.0
4073,8,2,2031-11-01T00:00:00.0,0.0
4074,9,2,2031-11-01T00:00:00.0,0.0
4075,10,2,2031-11-01T00:00:00.0,0.0
4076,6,2,2032-11-01T00:00:00.0,0.0
4077,7,2,2032-11-01T00:00:00.0,0.0
4078,8,2,2032-11-01T00:00:00.0,0.0
4079,9,2,2032-11-01T00:00:00.0,0.0
4080,10,2,2032-11-01T00:00:00.0,0.0
4081,6,2,2033-11-01T00:00:00.0,0.0
4082,7,2,2033-11-01T00:00:00.0,0.0
4083,8,2,2033-11-01T00:00:00.0,0.0
4084,9,2,2033-11-01T00:00:00.0,0.0
4085,10,2,2033-11-01T00:00:00.0,0.0
4086,6,2,2034-11-01T00:00:00.0,0.0
4087,7,2,2034-11-01T00:00:00.0,0.0
4088,8,2,2034-11-01T00:00:00.0,0.0
4089,9,2,2034-11-01T00:00:00.0,0.0
4090,10,2,2034-11-01T00:00:00.0,0.0
4091,6,2,2035-11-01T00:00:00.0,0.0
4092,7,2,2035-11-01T00:00:00.0,0.0
4093,8,2,2035-11-01T00:00:00.0,0.0
4094,9,2,2035-11-01T00:00:00.0,0.0
4095,10,2,2035-11-01T00:00:00.0,0.0
4096,6,2,2036-11-01T00:00:00.0,0.0
4097,7,2,2036-11-01T00:00:00.0,0.0
4098,8,2,2036-11-01T00:00:00.0,0.0
4099,9,2,2036-11-01T00:00:00.0,0.0
4100,10,2,2036-11-01T00:00:00.0,0.0
4101,6,2,2037-11-01T00:00:00.0,0.0
4102,7,2,2037-11-01T00:00:00.0,0.0
4103,8,2,2037-11-01T00:00:00.0,0.0
4104,9,2,2037-11-01T00:00:00.0,0.0
4105,10,2,2037-11-01T00:00:00.0,0.0
4106,6,2,2038-11-01T00:00:00.0,0.0
4107,7,2,2038-11-01T00:00:00.0,0.0
4108,8,2,2038-11-01T00:00:00.0,0.0
4109,9,2,2038-11-01T00:00:00.0,0.0
4110,10,2,2038-11-01T00:00:00.0,0.0
4111,6,2,2039-11-01T00:00:00.0,0.0
4112,7,2,2039-11-01T00:00:00.0,0.0
4113,8,2,2039-11-01T00:00:00.0,0.0
4114,9,2,2039-11-01T00:00:00.0,0.0
4115,10,2,2039-11-01T00:00:00.0,0.0
4116,6,2,2040-11-01T00:00:00.0,0.0
4117,7,2,2040-11-01T00:00:00.0,0.0
4118,8,2,2040-11-01T00:00:00.0,0.0
4119,9,2,2040-11-01T00:00:00.0,0.0
4120,10,2,2040-11-01T00:00:00.0,0.0
4121,6,2,2041-11-01T00:00:00.0,0.0
4122,7,2,2041-11-01T00:00:00.0,0.0
4123,8,2,2041-11-01T00:00:00.0,0.0
4124,9,2,2041-11-01T00:00:00.0,0.0
4125,10,2,2041-11-01T00:00:00.0,0.0
4126,6,2,2042-11-01T00:00:00.0,0.0
4127,7,2,2042-11-01T00:00:00.0,0.0
4128,8,2,2042-11-01T00:00:00.0,0.0
4129,9,2,2042-11-01T00:00:00.0,0.0
4130,10,2,2042-11-01T00:00:00.0,0.0
4131,6,2,2043-11-01T00:00:00.0,0.0
4132,7,2,2043-11-01T00:00:00.0,0.0
4133,8,2,2043-11-01T00:00:00.0,0.0
4134,9,2,2043-11-01T00:00:00.0,0.0
4135,10,2,2043-11-01T00:00:00.0,0.0
4136,6,2,2044-11-01T00:00:00.0,0.0
4137,7,2,2044-11-01T00:00:00.0,0.0
4138,8,2,2044-11-01T00:00:00.0,0.0
4139,9,2,2044-11-01T00:00:00.0,0.0
4140,10,2,2044-11-01T00:00:00.0,0.0
4141,6,2,2045-11-01T00:00:00.0,0.0
4142,7,2,2045-11-01T00:00:00.0,0.0
4143,8,2,2045-11-01T00:00:00.0,0.0
4144,9,2,2045-11-01T00:00:00.0,0.0
4145,10,2,2045-11-01T00:00:00.0,0.0
4146,6,2,2046-11-01T00:00:00.0,0.0
4147,7,2,2046-11-01T00:00:00.0,0.0
4148,8,2,2046-11-01T00:00:00.0,0.0
4149,9,2,2046-11-01T00:00:00.0,0.0
4150,10,2,2046-11-01T00:00:00.0,0.0
4151,6,2,2047-11-01T00:00:00.0,0.0
4152,7,2,2047-11-01T00:00:00.0,0.0
4153,8,2,2047-11-01T00:00:00.0,0.0
4154,9,2,2047-11-01T00:00:00.0,0.0
4155,10,2,2047-11-01T00:00:00.0,0.0
4156,6,2,2048-11-01T00:00:00.0,0.0
4157,7,2,2048-11-01T00:00:00.0,0.0
4158,8,2,2048-11-01T00:00:00.0,0.0
4159,9,2,2048-11-01T00:00:00.0,0.0
4160,10,2,2048-11-01T00:00:00.0,0.0
4161,6,2,2049-11-01T00:00:00.0,0.0
4162,7,2,2049-11-01T00:00:00.0,0.0
4163,8,2,2049-11-01T00:00:00.0,0.0
4164,9,2,2049-11-01T00:00:00.0,0.0
4165,10,2,2049-11-01T00:00:00.0,0.0
4166,6,2,2050-11-01T00:00:00.0,0.0
4167,7,2,2050-11-01T00:00:00.0,0.0
4168,8,2,2050-11-01T00:00:00.0,0.0
4169,9,2,2050-11-01T00:00:00.0,0.0
4170,10,2,2050-11-01T00:00:00.0,0.0
4171,6,2,2051-11-01T00:00:00.0,0.0
4172,7,2,2051-11-01T00:00:00.0,0.0
4173,8,2,2051-11-01T00:00:00.0,0.0
4174,9,2,2051-11-01T00:00:00.0,0.0
4175,10,2,2051-11-01T00:00:00.0,0.0
4176,6,2,2052-11-01T00:00:00.0,0.0
4177,7,2,2052-11-01T00:00:00.0,0.0
4178,8,2,2052-11-01T00:00:00.0,0.0
4179,9,2,2052-11-01T00:00:00.0,0.0
4180,10,2,2052-11-01T00:00:00.0,0.0
4181,6,2,2053-11-01T00:00:00.0,0.0
4182,7,2,2053-11-01T00:00:00.0,0.0
4183,8,2,2053-11-01T00:00:00.0,0.0
4184,9,2,2053-11-01T00:00:00.0,0.0
4185,10,2,2053-11-01T00:00:00.0,0.0
4186,6,2,2024-04-01T00:00:00.0,0.0
4187,7,2,2024-04-01T00:00:00.0,0.0
4188,8,2,2024-04-01T00:00:00.0,0.0
4189,9,2,2024-04-01T00:00:00.0,0.0
4190,10,2,2024-04-01T00:00:00.0,0.0
4191,6,2,2025-04-01T00:00:00.0,0.0
4192,7,2,2025-04-01T00:00:00.0,0.0
4193,8,2,2025-04-01T00:00:00.0,0.0
4194,9,2,2025-04-01T00:00:00.0,0.0
4195,10,2,2025-04-01T00:00:00.0,0.0
4196,6,2,2026-04-01T00:00:00.0,0.0
4197,7,2,2026-04-01T00:00:00.0,0.0
4198,8,2,2026-04-01T00:00:00.0,0.0
4199,9,2,2026-04-01T00:00:00.0,0.0
4200,10,2,2026-04-01T00:00:00.0,0.0
4201,6,2,2027-04-01T00:00:00.0,0.0
4202,7,2,2027-04-01T00:00:00.0,0.0
4203,8,2,2027-04-01T00:00:00.0,0.0
4204,9,2,2027-04-01T00:00:00.0,0.0
4205,10,2,2027-04-01T00:00:00.0,0.0
4206,6,2,2028-04-01T00:00:00.0,0.0
4207,7,2,2028-04-01T00:00:00.0,0.0
4208,8,2,2028-04-01T00:00:00.0,0.0
4209,9,2,2028-04-01T00:00:00.0,0.0
4210,10,2,2028-04-01T00:00:00.0,0.0
4211,6,2,2029-04-01T00:00:00.0,0.0
4212,7,2,2029-04-01T00:00:00.0,0.0
4213,8,2,2029-04-01T00:00:00.0,0.0
4214,9,2,2029-04-01T00:00:00.0,0.0
4215,10,2,2029-04-01T00:00:00.0,0.0
4216,6,2,2030-04-01T00:00:00.0,0.0
4217,7,2,2030-04-01T00:00:00.0,0.0
4218,8,2,2030-04-01T00:00:00.0,0.0
4219,9,2,2030-04-01T00:00:00.0,0.0
4220,10,2,2030-04-01T00:00:00.0,0.0
4221,6,2,2031-04-01T00:00:00.0,0.0
4222,7,2,2031-04-01T00:00:00.0,0.0
4223,8,2,2031-04-01T00:00:00.0,0.0
4224,9,2,2031-04-01T00:00:00.0,0.0
4225,10,2,2031-04-01T00:00:00.0,0.0
4226,6,2,2032-04-01T00:00:00.0,0.0
4227,7,2,2032-04-01T00:00:00.0,0.0
4228,8,2,2032-04-01T00:00:00.0,0.0
4229,9,2,2032-04-01T00:00:00.0,0.0
4230,10,2,2032-04-01T00:00:00.0,0.0
4231,6,2,2033-04-01T00:00:00.0,0.0
4232,7,2,2033-04-01T00:00:00.0,0.0
4233,8,2,2033-04-01T00:00:00.0,0.0
4234,9,2,2033-04-01T00:00:00.0,0.0
4235,10,2,2033-04-01T00:00:00.0,0.0
4236,6,2,2034-04-01T00:00:00.0,0.0
4237,7,2,2034-04-01T00:00:00.0,0.0
4238,8,2,2034-04-01T00:00:00.0,0.0
4239,9,2,2034-04-01T00:00:00.0,0.0
4240,10,2,2034-04-01T00:00:00.0,0.0
4241,6,2,2035-04-01T00:00:00.0,0.0
4242,7,2,2035-04-01T00:00:00.0,0.0
4243,8,2,2035-04-01T00:00:00.0,0.0
4244,9,2,2035-04-01T00:00:00.0,0.0
4245,10,2,2035-04-01T00:00:00.0,0.0
4246,6,2,2036-04-01T00:00:00.0,0.0
4247,7,2,2036-04-01T00:00:00.0,0.0
4248,8,2,2036-04-01T00:00:00.0,0.0
4249,9,2,2036-04-01T00:00:00.0,0.0
4250,10,2,2036-04-01T00:00:00.0,0.0
4251,6,2,2037-04-01T00:00:00.0,0.0
4252,7,2,2037-04-01T00:00:00.0,0.0
4253,8,2,2037-04-01T00:00:00.0,0.0
4254,9,2,2037-04-01T00:00:00.0,0.0
4255,10,2,2037-04-01T00:00:00.0,0.0
4256,6,2,2038-04-01T00:00:00.0,0.0
4257,7,2,2038-04-01T00:00:00.0,0.0
4258,8,2,2038-04-01T00:00:00.0,0.0
4259,9,2,2038-04-01T00:00:00.0,0.0
4260,10,2,2038-04-01T00:00:00.0,0.0
4261,6,2,2039-04-01T00:00:00.0,0.0
4262,7,2,2039-04-01T00:00:00.0,0.0
4263,8,2,2039-04-01T00:00:00.0,0.0
4264,9,2,2039-04-01T00:00:00.0,0.0
4265,10,2,2039-04-01T00:00:00.0,0.0
4266,6,2,2040-04-01T00:00:00.0,0.0
4267,7,2,2040-04-01T00:00:00.0,0.0
4268,8,2,2040-04-01T00:00:00.0,0.0
4269,9,2,2040-04-01T00:00:00.0,0.0
4270,10,2,2040-04-01T00:00:00.0,0.0
4271,6,2,2041-04-01T00:00:00.0,0.0
4272,7,2,2041-04-01T00:00:00.0,0.0
4273,8,2,2041-04-01T00:00:00.0,0.0
4274,9,2,2041-04-01T00:00:00.0,0.0
4275,10,2,2041-04-01T00:00:00.0,0.0
4276,6,2,2042-04-01T00:00:00.0,0.0
4277,7,2,2042-04-01T00:00:00.0,0.0
4278,8,2,2042-04-01T00:00:00.0,0.0
4279,9,2,2042-04-01T00:00:00.0,0.0
4280,10,2,2042-04-01T00:00:00.0,0.0
4281,6,2,2043-04-01T00:00:00.0,0.0
4282,7,2,2043-04-01T00:00:00.0,0.0
4283,8,2,2043-04-01T00:00:00.0,0.0
4284,9,2,2043-04-01T00:00:00.0,0.0
4285,10,2,2043-04-01T00:00:00.0,0.0
4286,6,2,2044-04-01T00:00:00.0,0.0
4287,7,2,2044-04-01T00:00:00.0,0.0
4288,8,2,2044-04-01T00:00:00.0,0.0
4289,9,2,2044-04-01T00:00:00.0,0.0
4290,10,2,2044-04-01T00:00:00.0,0.0
4291,6,2,2045-04-01T00:00:00.0,0.0
4292,7,2,2045-04-01T00:00:00.0,0.0
4293,8,2,2045-04-01T00:00:00.0,0.0
4294,9,2,2045-04-01T00:00:00.0,0.0
4295,10,2,2045-04-01T00:00:00.0,0.0
4296,6,2,2046-04-01T00:00:00.0,0.0
4297,7,2,2046-04-01T00:00:00.0,0.0
4298,8,2,2046-04-01T00:00:00.0,0.0
4299,9,2,2046-04-01T00:00:00.0,0.0
4300,10,2,2046-04-01T00:00:00.0,0.0
4301,6,2,2047-04-01T00:00:00.0,0.0
4302,7,2,2047-04-01T00:00:00.0,0.0
4303,8,2,2047-04-01T00:00:00.0,0.0
4304,9,2,2047-04-01T00:00:00.0,0.0
4305,10,2,2047-04-01T00:00:00.0,0.0
4306,6,2,2048-04-01T00:00:00.0,0.0
4307,7,2,2048-04-01T00:00:00.0,0.0
4308,8,2,2048-04-01T00:00:00.0,0.0
4309,9,2,2048-04-01T00:00:00.0,0.0
4310,10,2,2048-04-01T00:00:00.0,0.0
4311,6,2,2049-04-01T00:00:00.0,0.0
4312,7,2,2049-04-01T00:00:00.0,0.0
4313,8,2,2049-04-01T00:00:00.0,0.0
4314,9,2,2049-04-01T00:00:00.0,0.0
4315,10,2,2049-04-01T00:00:00.0,0.0
4316,6,2,2050-04-01T00:00:00.0,0.0
4317,7,2,2050-04-01T00:00:00.0,0.0
4318,8,2,2050-04-01T00:00:00.0,0.0
4319,9,2,2050-04-01T00:00:00.0,0.0
4320,10,2,2050-04-01T00:00:00.0,0.0
4321,6,2,2051-04-01T00:00:00.0,0.0
4322,7,2,2051-04-01T00:00:00.0,0.0
4323,8,2,2051-04-01T00:00:00.0,0.0
4324,9,2,2051-04-01T00:00:00.0,0.0
4325,10,2,2051-04-01T00:00:00.0,0.0
4326,6,2,2052-04-01T00:00:00.0,0.0
4327,7,2,2052-04-01T00:00:00.0,0.0
4328,8,2,2052-04-01T00:00:00.0,0.0
4329,9,2,2052-04-01T00:00:00.0,0.0
4330,10,2,2052-04-01T00:00:00.0,0.0
4331,6,2,2053-04-01T00:00:00.0,0.0
4332,7,2,2053-04-01T00:00:00.0,0.0
4333,8,2,2053-04-01T00:00:00.0,0.0
4334,9,2,2053-04-01T00:00:00.0,0.0
4335,10,2,2053-04-01T00:00:00.0,0.0
4336,6,2,2054-04-01T00:00:00.0,0.0
4337,7,2,2054-04-01T00:00:00.0,0.0
4338,8,2,2054-04-01T00:00:00.0,0.0
4339,9,2,2054-04-01T00:00:00.0,0.0
4340,10,2,2054-04-01T00:00:00.0,0.0
4341,11,2,2023-11-01T00:00:00.0,0.0
4342,12,2,2023-11-01T00:00:00.0,0.0
4343,13,2,2023-11-01T00:00:00.0,0.0
4344,14,2,2023-11-01T00:00:00.0,0.0
4345,15,2,2023-11-01T00:00:00.0,0.0
4346,11,2,2024-11-01T00:00:00.0,0.0
4347,12,2,2024-11-01T00:00:00.0,0.0
4348,13,2,2024-11-01T00:00:00.0,0.0
4349,14,2,2024-11-01T00:00:00.0,0.0
4350,15,2,2024-11-01T00:00:00.0,0.0
4351,11,2,2025-11-01T00:00:00.0,0.0
4352,12,2,2025-11-01T00:00:00.0,0.0
4353,13,2,2025-11-01T00:00:00.0,0.0
4354,14,2,2025-11-01T00:00:00.0,0.0
4355,15,2,2025-11-01T00:00:00.0,0.0
4356,11,2,2026-11-01T00:00:00.0,0.0
4357,12,2,2026-11-01T00:00:00.0,0.0
4358,13,2,2026-11-01T00:00:00.0,0.0
4359,14,2,2026-11-01T00:00:00.0,0.0
4360,15,2,2026-11-01T00:00:00.0,0.0
4361,11,2,2027-11-01T00:00:00.0,0.0
4362,12,2,2027-11-01T00:00:00.0,0.0
4363,13,2,2027-11-01T00:00:00.0,0.0
4364,14,2,2027-11-01T00:00:00.0,0.0
4365,15,2,2027-11-01T00:00:00.0,0.0
4366,11,2,2028-11-01T00:00:00.0,0.0
4367,12,2,2028-11-01T00:00:00.0,0.0
4368,13,2,2028-11-01T00:00:00.0,0.0
4369,14,2,2028-11-01T00:00:00.0,0.0
4370,15,2,2028-11-01T00:00:00.0,0.0
4371,11,2,2029-11-01T00:00:00.0,0.0
4372,12,2,2029-11-01T00:00:00.0,0.0
4373,13,2,2029-11-01T00:00:00.0,0.0
4374,14,2,2029-11-01T00:00:00.0,0.0
4375,15,2,2029-11-01T00:00:00.0,0.0
4376,11,2,2030-11-01T00:00:00.0,0.0
4377,12,2,2030-11-01T00:00:00.0,0.0
4378,13,2,2030-11-01T00:00:00.0,0.0
4379,14,2,2030-11-01T00:00:00.0,0.0
4380,15,2,2030-11-01T00:00:00.0,0.0
4381,11,2,2031-11-01T00:00:00.0,0.0
4382,12,2,2031-11-01T00:00:00.0,0.0
4383,13,2,2031-11-01T00:00:00.0,0.0
4384,14,2,2031-11-01T00:00:00.0,0.0
4385,15,2,2031-11-01T00:00:00.0,0.0
4386,11,2,2032-11-01T00:00:00.0,0.0
4387,12,2,2032-11-01T00:00:00.0,0.0
4388,13,2,2032-11-01T00:00:00.0,0.0
4389,14,2,2032-11-01T00:00:00.0,0.0
4390,15,2,2032-11-01T00:00:00.0,0.0
4391,11,2,2033-11-01T00:00:00.0,0.0
4392,12,2,2033-11-01T00:00:00.0,0.0
4393,13,2,2033-11-01T00:00:00.0,0.0
4394,14,2,2033-11-01T00:00:00.0,0.0
4395,15,2,2033-11-01T00:00:00.0,0.0
4396,11,2,2034-11-01T00:00:00.0,0.0
4397,12,2,2034-11-01T00:00:00.0,0.0
4398,13,2,2034-11-01T00:00:00.0,0.0
4399,14,2,2034-11-01T00:00:00.0,0.0
4400,15,2,2034-11-01T00:00:00.0,0.0
4401,11,2,2035-11-01T00:00:00.0,0.0
4402,12,2,2035-11-01T00:00:00.0,0.0
4403,13,2,2035-11-01T00:00:00.0,0.0
4404,14,2,2035-11-01T00:00:00.0,0.0
4405,15,2,2035-11-01T00:00:00.0,0.0
4406,11,2,2036-11-01T00:00:00.0,0.0
4407,12,2,2036-11-01T00:00:00.0,0.0
4408,13,2,2036-11-01T00:00:00.0,0.0
4409,14,2,2036-11-01T00:00:00.0,0.0
4410,15,2,2036-11-01T00:00:00.0,0.0
4411,11,2,2037-11-01T00:00:00.0,0.0
4412,12,2,2037-11-01T00:00:00.0,0.0
4413,13,2,2037-11-01T00:00:00.0,0.0
4414,14,2,2037-11-01T00:00:00.0,0.0
4415,15,2,2037-11-01T00:00:00.0,0.0
4416,11,2,2038-11-01T00:00:00.0,0.0
4417,12,2,2038-11-01T00:00:00.0,0.0
4418,13,2,2038-11-01T00:00:00.0,0.0
4419,14,2,2038-11-01T00:00:00.0,0.0
4420,15,2,2038-11-01T00:00:00.0,0.0
4421,11,2,2039-11-01T00:00:00.0,0.0
4422,12,2,2039-11-01T00:00:00.0,0.0
4423,13,2,2039-11-01T00:00:00.0,0.0
4424,14,2,2039-11-01T00:00:00.0,0.0
4425,15,2,2039-11-01T00:00:00.0,0.0
4426,11,2,2040-11-01T00:00:00.0,0.0
4427,12,2,2040-11-01T00:00:00.0,0.0
4428,13,2,2040-11-01T00:00:00.0,0.0
4429,14,2,2040-11-01T00:00:00.0,0.0
4430,15,2,2040-11-01T00:00:00.0,0.0
4431,11,2,2041-11-01T00:00:00.0,0.0
4432,12,2,2041-11-01T00:00:00.0,0.0
4433,13,2,2041-11-01T00:00:00.0,0.0
4434,14,2,2041-11-01T00:00:00.0,0.0
4435,15,2,2041-11-01T00:00:00.0,0.0
4436,11,2,2042-11-01T00:00:00.0,0.0
4437,12,2,2042-11-01T00:00:00.0,0.0
4438,13,2,2042-11-01T00:00:00.0,0.0
4439,14,2,2042-11-01T00:00:00.0,0.0
4440,15,2,2042-11-01T00:00:00.0,0.0
4441,11,2,2043-11-01T00:00:00.0,0.0
4442,12,2,2043-11-01T00:00:00.0,0.0
4443,13,2,2043-11-01T00:00:00.0,0.0
4444,14,2,2043-11-01T00:00:00.0,0.0
4445,15,2,2043-11-01T00:00:00.0,0.0
4446,11,2,2044-11-01T00:00:00.0,0.0
4447,12,2,2044-11-01T00:00:00.0,0.0
4448,13,2,2044-11-01T00:00:00.0,0.0
4449,14,2,2044-11-01T00:00:00.0,0.0
4450,15,2,2044-11-01T00:00:00.0,0.0
4451,11,2,2045-11-01T00:00:00.0,0.0
4452,12,2,2045-11-01T00:00:00.0,0.0
4453,13,2,2045-11-01T00:00:00.0,0.0
4454,14,2,2045-11-01T00:00:00.0,0.0
4455,15,2,2045-11-01T00:00:00.0,0.0
4456,11,2,2046-11-01T00:00:00.0,0.0
4457,12,2,2046-11-01T00:00:00.0,0.0
4458,13,2,2046-11-01T00:00:00.0,0.0
4459,14,2,2046-11-01T00:00:00.0,0.0
4460,15,2,2046-11-01T00:00:00.0,0.0
4461,11,2,2047-11-01T00:00:00.0,0.0
4462,12,2,2047-11-01T00:00:00.0,0.0
4463,13,2,2047-11-01T00:00:00.0,0.0
4464,14,2,2047-11-01T00:00:00.0,0.0
4465,15,2,2047-11-01T00:00:00.0,0.0
4466,11,2,2048-11-01T00:00:00.0,0.0
4467,12,2,2048-11-01T00:00:00.0,0.0
4468,13,2,2048-11-01T00:00:00.0,0.0
4469,14,2,2048-11-01T00:00:00.0,0.0
4470,15,2,2048-11-01T00:00:00.0,0.0
4471,11,2,2049-11-01T00:00:00.0,0.0
4472,12,2,2049-11-01T00:00:00.0,0.0
4473,13,2,2049-11-01T00:00:00.0,0.0
4474,14,2,2049-11-01T00:00:00.0,0.0
4475,15,2,2049-11-01T00:00:00.0,0.0
4476,11,2,2050-11-01T00:00:00.0,0.0
4477,12,2,2050-11-01T00:00:00.0,0.0
4478,13,2,2050-11-01T00:00:00.0,0.0
4479,14,2,2050-11-01T00:00:00.0,0.0
4480,15,2,2050-11-01T00:00:00.0,0.0
4481,11,2,2051-11-01T00:00:00.0,0.0
4482,12,2,2051-11-01T00:00:00.0,0.0
4483,13,2,2051-11-01T00:00:00.0,0.0
4484,14,2,2051-11-01T00:00:00.0,0.0
4485,15,2,2051-11-01T00:00:00.0,0.0
4486,11,2,2052-11-01T00:00:00.0,0.0
4487,12,2,2052-11-01T00:00:00.0,0.0
4488,13,2,2052-11-01T00:00:00.0,0.0
4489,14,2,2052-11-01T00:00:00.0,0.0
4490,15,2,2052-11-01T00:00:00.0,0.0
4491,11,2,2053-11-01T00:00:00.0,0.0
4492,12,2,2053-11-01T00:00:00.0,0.0
4493,13,2,2053-11-01T00:00:00.0,0.0
4494,14,2,2053-11-01T00:00:00.0,0.0
4495,15,2,2053-11-01T00:00:00.0,0.0
4496,11,2,2024-04-01T00:00:00.0,0.0
4497,12,2,2024-04-01T00:00:00.0,0.0
4498,13,2,2024-04-01T00:00:00.0,0.0
4499,14,2,2024-04-01T00:00:00.0,0.0
4500,15,2,2024-04-01T00:00:00.0,0.0
4501,11,2,2025-04-01T00:00:00.0,0.0
4502,12,2,2025-04-01T00:00:00.0,0.0
4503,13,2,2025-04-01T00:00:00.0,0.0
4504,14,2,2025-04-01T00:00:00.0,0.0
4505,15,2,2025-04-01T00:00:00.0,0.0
4506,11,2,2026-04-01T00:00:00.0,0.0
4507,12,2,2026-04-01T00:00:00.0,0.0
4508,13,2,2026-04-01T00:00:00.0,0.0
4509,14,2,2026-04-01T00:00:00.0,0.0
4510,15,2,2026-04-01T00:00:00.0,0.0
4511,11,2,2027-04-01T00:00:00.0,0.0
4512,12,2,2027-04-01T00:00:00.0,0.0
4513,13,2,2027-04-01T00:00:00.0,0.0
4514,14,2,2027-04-01T00:00:00.0,0.0
4515,15,2,2027-04-01T00:00:00.0,0.0
4516,11,2,2028-04-01T00:00:00.0,0.0
4517,12,2,2028-04-01T00:00:00.0,0.0
4518,13,2,2028-04-01T00:00:00.0,0.0
4519,14,2,2028-04-01T00:00:00.0,0.0
4520,15,2,2028-04-01T00:00:00.0,0.0
4521,11,2,2029-04-01T00:00:00.0,0.0
4522,12,2,2029-04-01T00:00:00.0,0.0
4523,13,2,2029-04-01T00:00:00.0,0.0
4524,14,2,2029-04-01T00:00:00.0,0.0
4525,15,2,2029-04-01T00:00:00.0,0.0
4526,11,2,2030-04-01T00:00:00.0,0.0
4527,12,2,2030-04-01T00:00:00.0,0.0
4528,13,2,2030-04-01T00:00:00.0,0.0
4529,14,2,2030-04-01T00:00:00.0,0.0
4530,15,2,2030-04-01T00:00:00.0,0.0
4531,11,2,2031-04-01T00:00:00.0,0.0
4532,12,2,2031-04-01T00:00:00.0,0.0
4533,13,2,2031-04-01T00:00:00.0,0.0
4534,14,2,2031-04-01T00:00:00.0,0.0
4535,15,2,2031-04-01T00:00:00.0,0.0
4536,11,2,2032-04-01T00:00:00.0,0.0
4537,12,2,2032-04-01T00:00:00.0,0.0
4538,13,2,2032-04-01T00:00:00.0,0.0
4539,14,2,2032-04-01T00:00:00.0,0.0
4540,15,2,2032-04-01T00:00:00.0,0.0
4541,11,2,2033-04-01T00:00:00.0,0.0
4542,12,2,2033-04-01T00:00:00.0,0.0
4543,13,2,2033-04-01T00:00:00.0,0.0
4544,14,2,2033-04-01T00:00:00.0,0.0
4545,15,2,2033-04-01T00:00:00.0,0.0
4546,11,2,2034-04-01T00:00:00.0,0.0
4547,12,2,2034-04-01T00:00:00.0,0.0
4548,13,2,2034-04-01T00:00:00.0,0.0
4549,14,2,2034-04-01T00:00:00.0,0.0
4550,15,2,2034-04-01T00:00:00.0,0.0
4551,11,2,2035-04-01T00:00:00.0,0.0
4552,12,2,2035-04-01T00:00:00.0,0.0
4553,13,2,2035-04-01T00:00:00.0,0.0
4554,14,2,2035-04-01T00:00:00.0,0.0
4555,15,2,2035-04-01T00:00:00.0,0.0
4556,11,2,2036-04-01T00:00:00.0,0.0
4557,12,2,2036-04-01T00:00:00.0,0.0
4558,13,2,2036-04-01T00:00:00.0,0.0
4559,14,2,2036-04-01T00:00:00.0,0.0
4560,15,2,2036-04-01T00:00:00.0,0.0
4561,11,2,2037-04-01T00:00:00.0,0.0
4562,12,2,2037-04-01T00:00:00.0,0.0
4563,13,2,2037-04-01T00:00:00.0,0.0
4564,14,2,2037-04-01T00:00:00.0,0.0
4565,15,2,2037-04-01T00:00:00.0,0.0
4566,11,2,2038-04-01T00:00:00.0,0.0
4567,12,2,2038-04-01T00:00:00.0,0.0
4568,13,2,2038-04-01T00:00:00.0,0.0
4569,14,2,2038-04-01T00:00:00.0,0.0
4570,15,2,2038-04-01T00:00:00.0,0.0
4571,11,2,2039-04-01T00:00:00.0,0.0
4572,12,2,2039-04-01T00:00:00.0,0.0
4573,13,2,2039-04-01T00:00:00.0,0.0
4574,14,2,2039-04-01T00:00:00.0,0.0
4575,15,2,2039-04-01T00:00:00.0,0.0
4576,11,2,2040-04-01T00:00:00.0,0.0
4577,12,2,2040-04-01T00:00:00.0,0.0
4578,13,2,2040-04-01T00:00:00.0,0.0
4579,14,2,2040-04-01T00:00:00.0,0.0
4580,15,2,2040-04-01T00:00:00.0,0.0
4581,11,2,2041-04-01T00:00:00.0,0.0
4582,12,2,2041-04-01T00:00:00.0,0.0
4583,13,2,2041-04-01T00:00:00.0,0.0
4584,14,2,2041-04-01T00:00:00.0,0.0
4585,15,2,2041-04-01T00:00:00.0,0.0
4586,11,2,2042-04-01T00:00:00.0,0.0
4587,12,2,2042-04-01T00:00:00.0,0.0
4588,13,2,2042-04-01T00:00:00.0,0.0
4589,14,2,2042-04-01T00:00:00.0,0.0
4590,15,2,2042-04-01T00:00:00.0,0.0
4591,11,2,2043-04-01T00:00:00.0,0.0
4592,12,2,2043-04-01T00:00:00.0,0.0
4593,13,2,2043-04-01T00:00:00.0,0.0
4594,14,2,2043-04-01T00:00:00.0,0.0
4595,15,2,2043-04-01T00:00:00.0,0.0
4596,11,2,2044-04-01T00:00:00.0,0.0
4597,12,2,2044-04-01T00:00:00.0,0.0
4598,13,2,2044-04-01T00:00:00.0,0.0
4599,14,2,2044-04-01T00:00:00.0,0.0
4600,15,2,2044-04-01T00:00:00.0,0.0
4601,11,2,2045-04-01T00:00:00.0,0.0
4602,12,2,2045-04-01T00:00:00.0,0.0
4603,13,2,2045-04-01T00:00:00.0,0.0
4604,14,2,2045-04-01T00:00:00.0,0.0
4605,15,2,2045-04-01T00:00:00.0,0.0
4606,11,2,2046-04-01T00:00:00.0,0.0
4607,12,2,2046-04-01T00:00:00.0,0.0
4608,13,2,2046-04-01T00:00:00.0,0.0
4609,14,2,2046-04-01T00:00:00.0,0.0
4610,15,2,2046-04-01T00:00:00.0,0.0
4611,11,2,2047-04-01T00:00:00.0,0.0
4612,12,2,2047-04-01T00:00:00.0,0.0
4613,13,2,2047-04-01T00:00:00.0,0.0
4614,14,2,2047-04-01T00:00:00.0,0.0
4615,15,2,2047-04-01T00:00:00.0,0.0
4616,11,2,2048-04-01T00:00:00.0,0.0
4617,12,2,2048-04-01T00:00:00.0,0.0
4618,13,2,2048-04-01T00:00:00.0,0.0
4619,14,2,2048-04-01T00:00:00.0,0.0
4620,15,2,2048-04-01T00:00:00.0,0.0
4621,11,2,2049-04-01T00:00:00.0,0.0
4622,12,2,2049-04-01T00:00:00.0,0.0
4623,13,2,2049-04-01T00:00:00.0,0.0
4624,14,2,2049-04-01T00:00:00.0,0.0
4625,15,2,2049-04-01T00:00:00.0,0.0
4626,11,2,2050-04-01T00:00:00.0,0.0
4627,12,2,2050-04-01T00:00:00.0,0.0
4628,13,2,2050-04-01T00:00:00.0,0.0
4629,14,2,2050-04-01T00:00:00.0,0.0
4630,15,2,2050-04-01T00:00:00.0,0.0
4631,11,2,2051-04-01T00:00:00.0,0.0
4632,12,2,2051-04-01T00:00:00.0,0.0
4633,13,2,2051-04-01T00:00:00.0,0.0
4634,14,2,2051-04-01T00:00:00.0,0.0
4635,15,2,2051-04-01T00:00:00.0,0.0
4636,11,2,2052-04-01T00:00:00.0,0.0
4637,12,2,2052-04-01T00:00:00.0,0.0
4638,13,2,2052-04-01T00:00:00.0,0.0
4639,14,2,2052-04-01T00:00:00.0,0.0
4640,15,2,2052-04-01T00:00:00.0,0.0
4641,11,2,2053-04-01T00:00:00.0,0.0
4642,12,2,2053-04-01T00:00:00.0,0.0
4643,13,2,2053-04-01T00:00:00.0,0.0
4644,14,2,2053-04-01T00:00:00.0,0.0
4645,15,2,2053-04-01T00:00:00.0,0.0
4646,11,2,2054-04-01T00:00:00.0,0.0
4647,12,2,2054-04-01T00:00:00.0,0.0
4648,13,2,2054-04-01T00:00:00.0,0.0
4649,14,2,2054-04-01T00:00:00.0,0.0
4650,15,2,2054-04-01T00:00:00.0,0.0
4651,16,2,2023-11-01T00:00:00.0,22.02
4652,17,2,2023-11-01T00:00:00.0,32.129999999999995
4653,18,2,2023-11-01T00:00:00.0,97.71000000000001
4654,19,2,2023-11-01T00:00:00.0,37.25999999999999
4655,20,2,2023-11-01T00:00:00.0,72.39999999999998
4656,16,2,2024-11-01T00:00:00.0,23.17
4657,17,2,2024-11-01T00:00:00.0,33.809999999999995
4658,18,2,2024-11-01T00:00:00.0,102.83000000000001
4659,19,2,2024-11-01T00:00:00.0,39.21000000000001
4660,20,2,2024-11-01T00:00:00.0,76.18999999999997
4661,16,2,2025-11-01T00:00:00.0,24.26
4662,17,2,2025-11-01T00:00:00.0,35.41
4663,18,2,2025-11-01T00:00:00.0,107.66000000000001
4664,19,2,2025-11-01T00:00:00.0,41.059999999999974
4665,20,2,2025-11-01T00:00:00.0,79.77000000000004
4666,16,2,2026-11-01T00:00:00.0,25.51
4667,17,2,2026-11-01T00:00:00.0,37.230000000000004
4668,18,2,2026-11-01T00:00:00.0,113.19999999999999
4669,19,2,2026-11-01T00:00:00.0,43.170000000000016
4670,20,2,2026-11-01T00:00:00.0,83.88
4671,16,2,2027-11-01T00:00:00.0,26.62
4672,17,2,2027-11-01T00:00:00.0,38.83999999999999
4673,18,2,2027-11-01T00:00:00.0,118.12000000000002
4674,19,2,2027-11-01T00:00:00.0,45.04999999999998
4675,20,2,2027-11-01T00:00:00.0,87.51999999999998
4676,16,2,2028-11-01T00:00:00.0,27.94
4677,17,2,2028-11-01T00:00:00.0,40.760000000000005
4678,18,2,2028-11-01T00:00:00.0,123.96999999999998
4679,19,2,2028-11-01T00:00:00.0,47.27000000000001
4680,20,2,2028-11-01T00:00:00.0,91.85000000000002
4681,16,2,2029-11-01T00:00:00.0,29.38
4682,17,2,2029-11-01T00:00:00.0,42.870000000000005
4683,18,2,2029-11-01T00:00:00.0,130.38
4684,19,2,2029-11-01T00:00:00.0,49.71000000000001
4685,20,2,2029-11-01T00:00:00.0,96.6
4686,16,2,2030-11-01T00:00:00.0,30.81
4687,17,2,2030-11-01T00:00:00.0,44.95
4688,18,2,2030-11-01T00:00:00.0,136.7
4689,19,2,2030-11-01T00:00:00.0,52.12999999999997
4690,20,2,2030-11-01T00:00:00.0,101.29000000000002
4691,16,2,2031-11-01T00:00:00.0,32.18
4692,17,2,2031-11-01T00:00:00.0,46.940000000000005
4693,18,2,2031-11-01T00:00:00.0,142.78
4694,19,2,2031-11-01T00:00:00.0,54.43999999999997
4695,20,2,2031-11-01T00:00:00.0,105.79000000000002
4696,16,2,2032-11-01T00:00:00.0,33.57
4697,17,2,2032-11-01T00:00:00.0,48.98
4698,18,2,2032-11-01T00:00:00.0,148.95999999999998
4699,19,2,2032-11-01T00:00:00.0,56.81
4700,20,2,2032-11-01T00:00:00.0,110.37
4701,16,2,2033-11-01T00:00:00.0,35.0
4702,17,2,2033-11-01T00:00:00.0,51.06
4703,18,2,2033-11-01T00:00:00.0,155.3
4704,19,2,2033-11-01T00:00:00.0,59.20999999999998
4705,20,2,2033-11-01T00:00:00.0,115.07
4706,16,2,2034-11-01T00:00:00.0,36.35
4707,17,2,2034-11-01T00:00:00.0,53.04
4708,18,2,2034-11-01T00:00:00.0,161.29000000000002
4709,19,2,2034-11-01T00:00:00.0,61.5
4710,20,2,2034-11-01T00:00:00.0,119.50999999999999
4711,16,2,2035-11-01T00:00:00.0,38.01
4712,17,2,2035-11-01T00:00:00.0,55.449999999999996
4713,18,2,2035-11-01T00:00:00.0,168.65000000000003
4714,19,2,2035-11-01T00:00:00.0,64.32
4715,20,2,2035-11-01T00:00:00.0,124.95999999999998
4716,16,2,2036-11-01T00:00:00.0,39.69
4717,17,2,2036-11-01T00:00:00.0,57.92
4718,18,2,2036-11-01T00:00:00.0,176.13
4719,19,2,2036-11-01T00:00:00.0,67.17000000000002
4720,20,2,2036-11-01T00:00:00.0,130.5
4721,16,2,2037-11-01T00:00:00.0,41.4
4722,17,2,2037-11-01T00:00:00.0,60.419999999999995
4723,18,2,2037-11-01T00:00:00.0,183.73000000000002
4724,19,2,2037-11-01T00:00:00.0,70.06
4725,20,2,2037-11-01T00:00:00.0,136.13
4726,16,2,2038-11-01T00:00:00.0,42.83
4727,17,2,2038-11-01T00:00:00.0,62.489999999999995
4728,18,2,2038-11-01T00:00:00.0,190.06
4729,19,2,2038-11-01T00:00:00.0,72.47000000000003
4730,20,2,2038-11-01T00:00:00.0,140.82
4731,16,2,2039-11-01T00:00:00.0,44.26
4732,17,2,2039-11-01T00:00:00.0,64.58000000000001
4733,18,2,2039-11-01T00:00:00.0,196.4
4734,19,2,2039-11-01T00:00:00.0,74.89999999999998
4735,20,2,2039-11-01T00:00:00.0,145.51999999999998
4736,16,2,2040-11-01T00:00:00.0,45.89
4737,17,2,2040-11-01T00:00:00.0,66.95
4738,18,2,2040-11-01T00:00:00.0,203.60999999999999
4739,19,2,2040-11-01T00:00:00.0,77.65000000000003
4740,20,2,2040-11-01T00:00:00.0,150.87
4741,16,2,2041-11-01T00:00:00.0,47.45
4742,17,2,2041-11-01T00:00:00.0,69.24
4743,18,2,2041-11-01T00:00:00.0,210.55
4744,19,2,2041-11-01T00:00:00.0,80.28999999999996
4745,20,2,2041-11-01T00:00:00.0,156.01
4746,16,2,2042-11-01T00:00:00.0,48.95
4747,17,2,2042-11-01T00:00:00.0,71.42999999999999
4748,18,2,2042-11-01T00:00:00.0,217.20999999999998
4749,19,2,2042-11-01T00:00:00.0,82.83000000000004
4750,20,2,2042-11-01T00:00:00.0,160.94
4751,16,2,2043-11-01T00:00:00.0,50.35
4752,17,2,2043-11-01T00:00:00.0,73.47
4753,18,2,2043-11-01T00:00:00.0,223.42000000000002
4754,19,2,2043-11-01T00:00:00.0,85.19
4755,20,2,2043-11-01T00:00:00.0,165.54000000000002
4756,16,2,2044-11-01T00:00:00.0,51.49
4757,17,2,2044-11-01T00:00:00.0,75.13999999999999
4758,18,2,2044-11-01T00:00:00.0,228.48000000000002
4759,19,2,2044-11-01T00:00:00.0,87.13
4760,20,2,2044-11-01T00:00:00.0,169.29999999999995
4761,16,2,2045-11-01T00:00:00.0,52.77
4762,17,2,2045-11-01T00:00:00.0,76.98999999999998
4763,18,2,2045-11-01T00:00:00.0,234.15000000000003
4764,19,2,2045-11-01T00:00:00.0,89.28999999999996
4765,20,2,2045-11-01T00:00:00.0,173.49000000000007
4766,16,2,2046-11-01T00:00:00.0,54.22
4767,17,2,2046-11-01T00:00:00.0,79.11000000000001
4768,18,2,2046-11-01T00:00:00.0,240.59
4769,19,2,2046-11-01T00:00:00.0,91.74000000000001
4770,20,2,2046-11-01T00:00:00.0,178.26999999999992
4771,16,2,2047-11-01T00:00:00.0,55.57
4772,17,2,2047-11-01T00:00:00.0,81.09
4773,18,2,2047-11-01T00:00:00.0,246.6
4774,19,2,2047-11-01T00:00:00.0,94.03000000000003
4775,20,2,2047-11-01T00:00:00.0,182.71999999999997
4776,16,2,2048-11-01T00:00:00.0,56.88
4777,17,2,2048-11-01T00:00:00.0,82.99000000000001
4778,18,2,2048-11-01T00:00:00.0,252.39999999999998
4779,19,2,2048-11-01T00:00:00.0,96.25
4780,20,2,2048-11-01T00:00:00.0,187.01
4781,16,2,2049-11-01T00:00:00.0,58.1
4782,17,2,2049-11-01T00:00:00.0,84.76000000000002
4783,18,2,2049-11-01T00:00:00.0,257.78999999999996
4784,19,2,2049-11-01T00:00:00.0,98.30000000000001
4785,20,2,2049-11-01T00:00:00.0,191.01000000000005
4786,16,2,2050-11-01T00:00:00.0,58.7
4787,17,2,2050-11-01T00:00:00.0,85.64999999999999
4788,18,2,2050-11-01T00:00:00.0,260.48
4789,19,2,2050-11-01T00:00:00.0,99.32
4790,20,2,2050-11-01T00:00:00.0,193.0
4791,16,2,2051-11-01T00:00:00.0,59.78
4792,17,2,2051-11-01T00:00:00.0,87.22999999999999
4793,18,2,2051-11-01T00:00:00.0,265.26
4794,19,2,2051-11-01T00:00:00.0,101.15999999999997
4795,20,2,2051-11-01T00:00:00.0,196.55000000000007
4796,16,2,2052-11-01T00:00:00.0,61.12
4797,17,2,2052-11-01T00:00:00.0,89.19
4798,18,2,2052-11-01T00:00:00.0,271.21999999999997
4799,19,2,2052-11-01T00:00:00.0,103.42000000000007
4800,20,2,2052-11-01T00:00:00.0,200.95999999999992
4801,16,2,2053-11-01T00:00:00.0,62.24
4802,17,2,2053-11-01T00:00:00.0,90.82999999999998
4803,18,2,2053-11-01T00:00:00.0,276.2
4804,19,2,2053-11-01T00:00:00.0,105.32000000000005
4805,20,2,2053-11-01T00:00:00.0,204.64999999999998
4806,16,2,2024-04-01T00:00:00.0,22.02
4807,17,2,2024-04-01T00:00:00.0,32.129999999999995
4808,18,2,2024-04-01T00:00:00.0,97.71000000000001
4809,19,2,2024-04-01T00:00:00.0,37.25999999999999
4810,20,2,2024-04-01T00:00:00.0,0.0
4811,16,2,2025-04-01T00:00:00.0,23.39
4812,17,2,2025-04-01T00:00:00.0,34.14
4813,18,2,2025-04-01T00:00:00.0,103.80000000000001
4814,19,2,2025-04-01T00:00:00.0,39.579999999999984
4815,20,2,2025-04-01T00:00:00.0,0.009999999999990905
4816,16,2,2026-04-01T00:00:00.0,24.74
4817,17,2,2026-04-01T00:00:00.0,36.11
4818,18,2,2026-04-01T00:00:00.0,109.78999999999999
4819,19,2,2026-04-01T00:00:00.0,41.860000000000014
4820,20,2,2026-04-01T00:00:00.0,0.009999999999990905
4821,16,2,2027-04-01T00:00:00.0,26.2
4822,17,2,2027-04-01T00:00:00.0,38.230000000000004
4823,18,2,2027-04-01T00:00:00.0,116.25
4824,19,2,2027-04-01T00:00:00.0,44.329999999999984
4825,20,2,2027-04-01T00:00:00.0,0.0
4826,16,2,2028-04-01T00:00:00.0,27.63
4827,17,2,2028-04-01T00:00:00.0,40.32000000000001
4828,18,2,2028-04-01T00:00:00.0,122.61999999999999
4829,19,2,2028-04-01T00:00:00.0,46.76000000000002
4830,20,2,2028-04-01T00:00:00.0,0.009999999999990905
4831,16,2,2029-04-01T00:00:00.0,29.27
4832,17,2,2029-04-01T00:00:00.0,42.72
4833,18,2,2029-04-01T00:00:00.0,129.89999999999998
4834,19,2,2029-04-01T00:00:00.0,49.53
4835,20,2,2029-04-01T00:00:00.0,0.010000000000019327
4836,16,2,2030-04-01T00:00:00.0,31.07
4837,17,2,2030-04-01T00:00:00.0,45.339999999999996
4838,18,2,2030-04-01T00:00:00.0,137.87
4839,19,2,2030-04-01T00:00:00.0,52.58000000000001
4840,20,2,2030-04-01T00:00:00.0,0.0
4841,16,2,2031-04-01T00:00:00.0,32.85
4842,17,2,2031-04-01T00:00:00.0,47.940000000000005
4843,18,2,2031-04-01T00:00:00.0,145.77999999999997
4844,19,2,2031-04-01T00:00:00.0,55.59000000000003
4845,20,2,2031-04-01T00:00:00.0,0.0
4846,16,2,2032-04-01T00:00:00.0,34.58
4847,17,2,2032-04-01T00:00:00.0,50.46000000000001
4848,18,2,2032-04-01T00:00:00.0,153.44
4849,19,2,2032-04-01T00:00:00.0,58.51000000000002
4850,20,2,2032-04-01T00:00:00.0,0.0
4851,16,2,2033-04-01T00:00:00.0,36.29
4852,17,2,2033-04-01T00:00:00.0,52.940000000000005
4853,18,2,2033-04-01T00:00:00.0,161.01999999999998
4854,19,2,2033-04-01T00:00:00.0,61.39999999999998
4855,20,2,2033-04-01T00:00:00.0,0.010000000000047748
4856,16,2,2034-04-01T00:00:00.0,37.96
4857,17,2,2034-04-01T00:00:00.0,55.38999999999999
4858,18,2,2034-04-01T00:00:00.0,168.45000000000002
4859,19,2,2034-04-01T00:00:00.0,64.24000000000001
4860,20,2,2034-04-01T00:00:00.0,0.0
4861,16,2,2035-04-01T00:00:00.0,39.62
4862,17,2,2035-04-01T00:00:00.0,57.800000000000004
4863,18,2,2035-04-01T00:00:00.0,175.8
4864,19,2,2035-04-01T00:00:00.0,67.02999999999997
4865,20,2,2035-04-01T00:00:00.0,0.009999999999990905
4866,16,2,2036-04-01T00:00:00.0,41.85
4867,17,2,2036-04-01T00:00:00.0,61.050000000000004
4868,18,2,2036-04-01T00:00:00.0,185.68999999999997
4869,19,2,2036-04-01T00:00:00.0,70.81
4870,20,2,2036-04-01T00:00:00.0,0.0
4871,16,2,2037-04-01T00:00:00.0,43.94
4872,17,2,2037-04-01T00:00:00.0,64.12
4873,18,2,2037-04-01T00:00:00.0,194.99
4874,19,2,2037-04-01T00:00:00.0,74.34999999999997
4875,20,2,2037-04-01T00:00:00.0,0.010000000000047748
4876,16,2,2038-04-01T00:00:00.0,46.09
4877,17,2,2038-04-01T00:00:00.0,67.24
4878,18,2,2038-04-01T00:00:00.0,204.5
4879,19,2,2038-04-01T00:00:00.0,77.98000000000002
4880,20,2,2038-04-01T00:00:00.0,0.009999999999990905
4881,16,2,2039-04-01T00:00:00.0,47.7
4882,17,2,2039-04-01T00:00:00.0,69.59
4883,18,2,2039-04-01T00:00:00.0,211.64
4884,19,2,2039-04-01T00:00:00.0,80.70999999999998
4885,20,2,2039-04-01T00:00:00.0,0.009999999999990905
4886,16,2,2040-04-01T00:00:00.0,49.44
4887,17,2,2040-04-01T00:00:00.0,72.15
4888,18,2,2040-04-01T00:00:00.0,219.4
4889,19,2,2040-04-01T00:00:00.0,83.67000000000002
4890,20,2,2040-04-01T00:00:00.0,0.009999999999990905
4891,16,2,2041-04-01T00:00:00.0,51.5
4892,17,2,2041-04-01T00:00:00.0,75.15
4893,18,2,2041-04-01T00:00:00.0,228.54
4894,19,2,2041-04-01T00:00:00.0,87.13999999999999
4895,20,2,2041-04-01T00:00:00.0,0.009999999999990905
4896,16,2,2042-04-01T00:00:00.0,53.62
4897,17,2,2042-04-01T00:00:00.0,78.25
4898,18,2,2042-04-01T00:00:00.0,237.94
4899,19,2,2042-04-01T00:00:00.0,90.74000000000001
4900,20,2,2042-04-01T00:00:00.0,0.009999999999990905
4901,16,2,2043-04-01T00:00:00.0,55.55
4902,17,2,2043-04-01T00:00:00.0,81.05
4903,18,2,2043-04-01T00:00:00.0,246.48999999999998
4904,19,2,2043-04-01T00:00:00.0,93.99000000000001
4905,20,2,2043-04-01T00:00:00.0,0.009999999999990905
4906,16,2,2044-04-01T00:00:00.0,57.15
4907,17,2,2044-04-01T00:00:00.0,83.38999999999999
4908,18,2,2044-04-01T00:00:00.0,253.59
4909,19,2,2044-04-01T00:00:00.0,96.69999999999999
4910,20,2,2044-04-01T00:00:00.0,0.009999999999990905
4911,16,2,2045-04-01T00:00:00.0,58.57
4912,17,2,2045-04-01T00:00:00.0,85.46000000000001
4913,18,2,2045-04-01T00:00:00.0,259.89
4914,19,2,2045-04-01T00:00:00.0,99.09999999999997
4915,20,2,2045-04-01T00:00:00.0,0.009999999999990905
4916,16,2,2046-04-01T00:00:00.0,60.2
4917,17,2,2046-04-01T00:00:00.0,87.83999999999999
4918,18,2,2046-04-01T00:00:00.0,267.13
4919,19,2,2046-04-01T00:00:00.0,101.86999999999995
4920,20,2,2046-04-01T00:00:00.0,0.009999999999990905
4921,16,2,2047-04-01T00:00:00.0,62.16
4922,17,2,2047-04-01T00:00:00.0,90.71000000000001
4923,18,2,2047-04-01T00:00:00.0,275.83
4924,19,2,2047-04-01T00:00:00.0,105.18
4925,20,2,2047-04-01T00:00:00.0,0.01999999999998181
4926,16,2,2048-04-01T00:00:00.0,63.96
4927,17,2,2048-04-01T00:00:00.0,93.32999999999998
4928,18,2,2048-04-01T00:00:00.0,283.83000000000004
4929,19,2,2048-04-01T00:00:00.0,108.23000000000002
4930,20,2,2048-04-01T00:00:00.0,0.009999999999990905
4931,16,2,2049-04-01T00:00:00.0,65.65
4932,17,2,2049-04-01T00:00:00.0,95.78999999999999
4933,18,2,2049-04-01T00:00:00.0,291.32
4934,19,2,2049-04-01T00:00:00.0,111.09000000000003
4935,20,2,2049-04-01T00:00:00.0,0.009999999999990905
4936,16,2,2050-04-01T00:00:00.0,67.15
4937,17,2,2050-04-01T00:00:00.0,97.97999999999999
4938,18,2,2050-04-01T00:00:00.0,297.97
4939,19,2,2050-04-01T00:00:00.0,113.63
4940,20,2,2050-04-01T00:00:00.0,0.009999999999990905
4941,16,2,2051-04-01T00:00:00.0,67.67
4942,17,2,2051-04-01T00:00:00.0,98.73
4943,18,2,2051-04-01T00:00:00.0,300.26
4944,19,2,2051-04-01T00:00:00.0,114.49999999999994
4945,20,2,2051-04-01T00:00:00.0,0.009999999999990905
4946,16,2,2052-04-01T00:00:00.0,69.13
4947,17,2,2052-04-01T00:00:00.0,100.87
4948,18,2,2052-04-01T00:00:00.0,306.75
4949,19,2,2052-04-01T00:00:00.0,116.97000000000003
4950,20,2,2052-04-01T00:00:00.0,0.009999999999990905
4951,16,2,2053-04-01T00:00:00.0,70.59
4952,17,2,2053-04-01T00:00:00.0,103.0
4953,18,2,2053-04-01T00:00:00.0,313.22
4954,19,2,2053-04-01T00:00:00.0,119.44
4955,20,2,2053-04-01T00:00:00.0,0.009999999999990905
4956,16,2,2054-04-01T00:00:00.0,71.95
4957,17,2,2054-04-01T00:00:00.0,104.98
4958,18,2,2054-04-01T00:00:00.0,319.25
4959,19,2,2054-04-01T00:00:00.0,121.74999999999994
4960,20,2,2054-04-01T00:00:00.0,0.010000000000104592
4961,21,2,2023-11-01T00:00:00.0,0.0
4962,22,2,2023-11-01T00:00:00.0,0.0
4963,23,2,2023-11-01T00:00:00.0,0.0
4964,24,2,2023-11-01T00:00:00.0,0.0
4965,25,2,2023-11-01T00:00:00.0,0.0
4966,21,2,2024-11-01T00:00:00.0,0.0
4967,22,2,2024-11-01T00:00:00.0,0.0
4968,23,2,2024-11-01T00:00:00.0,0.0
4969,24,2,2024-11-01T00:00:00.0,0.0
4970,25,2,2024-11-01T00:00:00.0,0.0
4971,21,2,2025-11-01T00:00:00.0,0.0
4972,22,2,2025-11-01T00:00:00.0,0.0
4973,23,2,2025-11-01T00:00:00.0,0.0
4974,24,2,2025-11-01T00:00:00.0,0.0
4975,25,2,2025-11-01T00:00:00.0,0.0
4976,21,2,2026-11-01T00:00:00.0,0.0
4977,22,2,2026-11-01T00:00:00.0,0.0
4978,23,2,2026-11-01T00:00:00.0,0.0
4979,24,2,2026-11-01T00:00:00.0,0.0
4980,25,2,2026-11-01T00:00:00.0,0.0
4981,21,2,2027-11-01T00:00:00.0,0.0
4982,22,2,2027-11-01T00:00:00.0,0.0
4983,23,2,2027-11-01T00:00:00.0,0.0
4984,24,2,2027-11-01T00:00:00.0,0.0
4985,25,2,2027-11-01T00:00:00.0,0.0
4986,21,2,2028-11-01T00:00:00.0,0.0
4987,22,2,2028-11-01T00:00:00.0,0.0
4988,23,2,2028-11-01T00:00:00.0,0.0
4989,24,2,2028-11-01T00:00:00.0,0.0
4990,25,2,2028-11-01T00:00:00.0,0.0
4991,21,2,2029-11-01T00:00:00.0,0.0
4992,22,2,2029-11-01T00:00:00.0,0.0
4993,23,2,2029-11-01T00:00:00.0,0.0
4994,24,2,2029-11-01T00:00:00.0,0.0
4995,25,2,2029-11-01T00:00:00.0,0.0
4996,21,2,2030-11-01T00:00:00.0,0.0
4997,22,2,2030-11-01T00:00:00.0,0.0
4998,23,2,2030-11-01T00:00:00.0,0.0
4999,24,2,2030-11-01T00:00:00.0,0.0
5000,25,2,2030-11-01T00:00:00.0,0.0
5001,21,2,2031-11-01T00:00:00.0,0.0
5002,22,2,2031-11-01T00:00:00.0,0.0
5003,23,2,2031-11-01T00:00:00.0,0.0
5004,24,2,2031-11-01T00:00:00.0,0.0
5005,25,2,2031-11-01T00:00:00.0,0.0
5006,21,2,2032-11-01T00:00:00.0,0.0
5007,22,2,2032-11-01T00:00:00.0,0.0
5008,23,2,2032-11-01T00:00:00.0,0.0
5009,24,2,2032-11-01T00:00:00.0,0.0
5010,25,2,2032-11-01T00:00:00.0,0.0
5011,21,2,2033-11-01T00:00:00.0,0.0
5012,22,2,2033-11-01T00:00:00.0,0.0
5013,23,2,2033-11-01T00:00:00.0,0.0
5014,24,2,2033-11-01T00:00:00.0,0.0
5015,25,2,2033-11-01T00:00:00.0,0.0
5016,21,2,2034-11-01T00:00:00.0,0.0
5017,22,2,2034-11-01T00:00:00.0,0.0
5018,23,2,2034-11-01T00:00:00.0,0.0
5019,24,2,2034-11-01T00:00:00.0,0.0
5020,25,2,2034-11-01T00:00:00.0,0.0
5021,21,2,2035-11-01T00:00:00.0,0.0
5022,22,2,2035-11-01T00:00:00.0,0.0
5023,23,2,2035-11-01T00:00:00.0,0.0
5024,24,2,2035-11-01T00:00:00.0,0.0
5025,25,2,2035-11-01T00:00:00.0,0.0
5026,21,2,2036-11-01T00:00:00.0,0.0
5027,22,2,2036-11-01T00:00:00.0,0.0
5028,23,2,2036-11-01T00:00:00.0,0.0
5029,24,2,2036-11-01T00:00:00.0,0.0
5030,25,2,2036-11-01T00:00:00.0,0.0
5031,21,2,2037-11-01T00:00:00.0,0.0
5032,22,2,2037-11-01T00:00:00.0,0.0
5033,23,2,2037-11-01T00:00:00.0,0.0
5034,24,2,2037-11-01T00:00:00.0,0.0
5035,25,2,2037-11-01T00:00:00.0,0.0
5036,21,2,2038-11-01T00:00:00.0,0.0
5037,22,2,2038-11-01T00:00:00.0,0.0
5038,23,2,2038-11-01T00:00:00.0,0.0
5039,24,2,2038-11-01T00:00:00.0,0.0
5040,25,2,2038-11-01T00:00:00.0,0.0
5041,21,2,2039-11-01T00:00:00.0,0.0
5042,22,2,2039-11-01T00:00:00.0,0.0
5043,23,2,2039-11-01T00:00:00.0,0.0
5044,24,2,2039-11-01T00:00:00.0,0.0
5045,25,2,2039-11-01T00:00:00.0,0.0
5046,21,2,2040-11-01T00:00:00.0,0.0
5047,22,2,2040-11-01T00:00:00.0,0.0
5048,23,2,2040-11-01T00:00:00.0,0.0
5049,24,2,2040-11-01T00:00:00.0,0.0
5050,25,2,2040-11-01T00:00:00.0,0.0
5051,21,2,2041-11-01T00:00:00.0,0.0
5052,22,2,2041-11-01T00:00:00.0,0.0
5053,23,2,2041-11-01T00:00:00.0,0.0
5054,24,2,2041-11-01T00:00:00.0,0.0
5055,25,2,2041-11-01T00:00:00.0,0.0
5056,21,2,2042-11-01T00:00:00.0,0.0
5057,22,2,2042-11-01T00:00:00.0,0.0
5058,23,2,2042-11-01T00:00:00.0,0.0
5059,24,2,2042-11-01T00:00:00.0,0.0
5060,25,2,2042-11-01T00:00:00.0,0.0
5061,21,2,2043-11-01T00:00:00.0,0.0
5062,22,2,2043-11-01T00:00:00.0,0.0
5063,23,2,2043-11-01T00:00:00.0,0.0
5064,24,2,2043-11-01T00:00:00.0,0.0
5065,25,2,2043-11-01T00:00:00.0,0.0
5066,21,2,2044-11-01T00:00:00.0,0.0
5067,22,2,2044-11-01T00:00:00.0,0.0
5068,23,2,2044-11-01T00:00:00.0,0.0
5069,24,2,2044-11-01T00:00:00.0,0.0
5070,25,2,2044-11-01T00:00:00.0,0.0
5071,21,2,2045-11-01T00:00:00.0,0.0
5072,22,2,2045-11-01T00:00:00.0,0.0
5073,23,2,2045-11-01T00:00:00.0,0.0
5074,24,2,2045-11-01T00:00:00.0,0.0
5075,25,2,2045-11-01T00:00:00.0,0.0
5076,21,2,2046-11-01T00:00:00.0,0.0
5077,22,2,2046-11-01T00:00:00.0,0.0
5078,23,2,2046-11-01T00:00:00.0,0.0
5079,24,2,2046-11-01T00:00:00.0,0.0
5080,25,2,2046-11-01T00:00:00.0,0.0
5081,21,2,2047-11-01T00:00:00.0,0.0
5082,22,2,2047-11-01T00:00:00.0,0.0
5083,23,2,2047-11-01T00:00:00.0,0.0
5084,24,2,2047-11-01T00:00:00.0,0.0
5085,25,2,2047-11-01T00:00:00.0,0.0
5086,21,2,2048-11-01T00:00:00.0,0.0
5087,22,2,2048-11-01T00:00:00.0,0.0
5088,23,2,2048-11-01T00:00:00.0,0.0
5089,24,2,2048-11-01T00:00:00.0,0.0
5090,25,2,2048-11-01T00:00:00.0,0.0
5091,21,2,2049-11-01T00:00:00.0,0.0
5092,22,2,2049-11-01T00:00:00.0,0.0
5093,23,2,2049-11-01T00:00:00.0,0.0
5094,24,2,2049-11-01T00:00:00.0,0.0
5095,25,2,2049-11-01T00:00:00.0,0.0
5096,21,2,2050-11-01T00:00:00.0,0.0
5097,22,2,2050-11-01T00:00:00.0,0.0
5098,23,2,2050-11-01T00:00:00.0,0.0
5099,24,2,2050-11-01T00:00:00.0,0.0
5100,25,2,2050-11-01T00:00:00.0,0.0
5101,21,2,2051-11-01T00:00:00.0,0.0
5102,22,2,2051-11-01T00:00:00.0,0.0
5103,23,2,2051-11-01T00:00:00.0,0.0
5104,24,2,2051-11-01T00:00:00.0,0.0
5105,25,2,2051-11-01T00:00:00.0,0.0
5106,21,2,2052-11-01T00:00:00.0,0.0
5107,22,2,2052-11-01T00:00:00.0,0.0
5108,23,2,2052-11-01T00:00:00.0,0.0
5109,24,2,2052-11-01T00:00:00.0,0.0
5110,25,2,2052-11-01T00:00:00.0,0.0
5111,21,2,2053-11-01T00:00:00.0,0.0
5112,22,2,2053-11-01T00:00:00.0,0.0
5113,23,2,2053-11-01T00:00:00.0,0.0
5114,24,2,2053-11-01T00:00:00.0,0.0
5115,25,2,2053-11-01T00:00:00.0,0.0
5116,21,2,2024-04-01T00:00:00.0,0.0
5117,22,2,2024-04-01T00:00:00.0,0.0
5118,23,2,2024-04-01T00:00:00.0,0.0
5119,24,2,2024-04-01T00:00:00.0,0.0
5120,25,2,2024-04-01T00:00:00.0,0.0
5121,21,2,2025-04-01T00:00:00.0,0.0
5122,22,2,2025-04-01T00:00:00.0,0.0
5123,23,2,2025-04-01T00:00:00.0,0.0
5124,24,2,2025-04-01T00:00:00.0,0.0
5125,25,2,2025-04-01T00:00:00.0,0.0
5126,21,2,2026-04-01T00:00:00.0,0.0
5127,22,2,2026-04-01T00:00:00.0,0.0
5128,23,2,2026-04-01T00:00:00.0,0.0
5129,24,2,2026-04-01T00:00:00.0,0.0
5130,25,2,2026-04-01T00:00:00.0,0.0
5131,21,2,2027-04-01T00:00:00.0,0.0
5132,22,2,2027-04-01T00:00:00.0,0.0
5133,23,2,2027-04-01T00:00:00.0,0.0
5134,24,2,2027-04-01T00:00:00.0,0.0
5135,25,2,2027-04-01T00:00:00.0,0.0
5136,21,2,2028-04-01T00:00:00.0,0.0
5137,22,2,2028-04-01T00:00:00.0,0.0
5138,23,2,2028-04-01T00:00:00.0,0.0
5139,24,2,2028-04-01T00:00:00.0,0.0
5140,25,2,2028-04-01T00:00:00.0,0.0
5141,21,2,2029-04-01T00:00:00.0,0.0
5142,22,2,2029-04-01T00:00:00.0,0.0
5143,23,2,2029-04-01T00:00:00.0,0.0
5144,24,2,2029-04-01T00:00:00.0,0.0
5145,25,2,2029-04-01T00:00:00.0,0.0
5146,21,2,2030-04-01T00:00:00.0,0.0
5147,22,2,2030-04-01T00:00:00.0,0.0
5148,23,2,2030-04-01T00:00:00.0,0.0
5149,24,2,2030-04-01T00:00:00.0,0.0
5150,25,2,2030-04-01T00:00:00.0,0.0
5151,21,2,2031-04-01T00:00:00.0,0.0
5152,22,2,2031-04-01T00:00:00.0,0.0
5153,23,2,2031-04-01T00:00:00.0,0.0
5154,24,2,2031-04-01T00:00:00.0,0.0
5155,25,2,2031-04-01T00:00:00.0,0.0
5156,21,2,2032-04-01T00:00:00.0,0.0
5157,22,2,2032-04-01T00:00:00.0,0.0
5158,23,2,2032-04-01T00:00:00.0,0.0
5159,24,2,2032-04-01T00:00:00.0,0.0
5160,25,2,2032-04-01T00:00:00.0,0.0
5161,21,2,2033-04-01T00:00:00.0,0.0
5162,22,2,2033-04-01T00:00:00.0,0.0
5163,23,2,2033-04-01T00:00:00.0,0.0
5164,24,2,2033-04-01T00:00:00.0,0.0
5165,25,2,2033-04-01T00:00:00.0,0.0
5166,21,2,2034-04-01T00:00:00.0,0.0
5167,22,2,2034-04-01T00:00:00.0,0.0
5168,23,2,2034-04-01T00:00:00.0,0.0
5169,24,2,2034-04-01T00:00:00.0,0.0
5170,25,2,2034-04-01T00:00:00.0,0.0
5171,21,2,2035-04-01T00:00:00.0,0.0
5172,22,2,2035-04-01T00:00:00.0,0.0
5173,23,2,2035-04-01T00:00:00.0,0.0
5174,24,2,2035-04-01T00:00:00.0,0.0
5175,25,2,2035-04-01T00:00:00.0,0.0
5176,21,2,2036-04-01T00:00:00.0,0.0
5177,22,2,2036-04-01T00:00:00.0,0.0
5178,23,2,2036-04-01T00:00:00.0,0.0
5179,24,2,2036-04-01T00:00:00.0,0.0
5180,25,2,2036-04-01T00:00:00.0,0.0
5181,21,2,2037-04-01T00:00:00.0,0.0
5182,22,2,2037-04-01T00:00:00.0,0.0
5183,23,2,2037-04-01T00:00:00.0,0.0
5184,24,2,2037-04-01T00:00:00.0,0.0
5185,25,2,2037-04-01T00:00:00.0,0.0
5186,21,2,2038-04-01T00:00:00.0,0.0
5187,22,2,2038-04-01T00:00:00.0,0.0
5188,23,2,2038-04-01T00:00:00.0,0.0
5189,24,2,2038-04-01T00:00:00.0,0.0
5190,25,2,2038-04-01T00:00:00.0,0.0
5191,21,2,2039-04-01T00:00:00.0,0.0
5192,22,2,2039-04-01T00:00:00.0,0.0
5193,23,2,2039-04-01T00:00:00.0,0.0
5194,24,2,2039-04-01T00:00:00.0,0.0
5195,25,2,2039-04-01T00:00:00.0,0.0
5196,21,2,2040-04-01T00:00:00.0,0.0
5197,22,2,2040-04-01T00:00:00.0,0.0
5198,23,2,2040-04-01T00:00:00.0,0.0
5199,24,2,2040-04-01T00:00:00.0,0.0
5200,25,2,2040-04-01T00:00:00.0,0.0
5201,21,2,2041-04-01T00:00:00.0,0.0
5202,22,2,2041-04-01T00:00:00.0,0.0
5203,23,2,2041-04-01T00:00:00.0,0.0
5204,24,2,2041-04-01T00:00:00.0,0.0
5205,25,2,2041-04-01T00:00:00.0,0.0
5206,21,2,2042-04-01T00:00:00.0,0.0
5207,22,2,2042-04-01T00:00:00.0,0.0
5208,23,2,2042-04-01T00:00:00.0,0.0
5209,24,2,2042-04-01T00:00:00.0,0.0
5210,25,2,2042-04-01T00:00:00.0,0.0
5211,21,2,2043-04-01T00:00:00.0,0.0
5212,22,2,2043-04-01T00:00:00.0,0.0
5213,23,2,2043-04-01T00:00:00.0,0.0
5214,24,2,2043-04-01T00:00:00.0,0.0
5215,25,2,2043-04-01T00:00:00.0,0.0
5216,21,2,2044-04-01T00:00:00.0,0.0
5217,22,2,2044-04-01T00:00:00.0,0.0
5218,23,2,2044-04-01T00:00:00.0,0.0
5219,24,2,2044-04-01T00:00:00.0,0.0
5220,25,2,2044-04-01T00:00:00.0,0.0
5221,21,2,2045-04-01T00:00:00.0,0.0
5222,22,2,2045-04-01T00:00:00.0,0.0
5223,23,2,2045-04-01T00:00:00.0,0.0
5224,24,2,2045-04-01T00:00:00.0,0.0
5225,25,2,2045-04-01T00:00:00.0,0.0
5226,21,2,2046-04-01T00:00:00.0,0.0
5227,22,2,2046-04-01T00:00:00.0,0.0
5228,23,2,2046-04-01T00:00:00.0,0.0
5229,24,2,2046-04-01T00:00:00.0,0.0
5230,25,2,2046-04-01T00:00:00.0,0.0
5231,21,2,2047-04-01T00:00:00.0,0.0
5232,22,2,2047-04-01T00:00:00.0,0.0
5233,23,2,2047-04-01T00:00:00.0,0.0
5234,24,2,2047-04-01T00:00:00.0,0.0
5235,25,2,2047-04-01T00:00:00.0,0.0
5236,21,2,2048-04-01T00:00:00.0,0.0
5237,22,2,2048-04-01T00:00:00.0,0.0
5238,23,2,2048-04-01T00:00:00.0,0.0
5239,24,2,2048-04-01T00:00:00.0,0.0
5240,25,2,2048-04-01T00:00:00.0,0.0
5241,21,2,2049-04-01T00:00:00.0,0.0
5242,22,2,2049-04-01T00:00:00.0,0.0
5243,23,2,2049-04-01T00:00:00.0,0.0
5244,24,2,2049-04-01T00:00:00.0,0.0
5245,25,2,2049-04-01T00:00:00.0,0.0
5246,21,2,2050-04-01T00:00:00.0,0.0
5247,22,2,2050-04-01T00:00:00.0,0.0
5248,23,2,2050-04-01T00:00:00.0,0.0
5249,24,2,2050-04-01T00:00:00.0,0.0
5250,25,2,2050-04-01T00:00:00.0,0.0
5251,21,2,2051-04-01T00:00:00.0,0.0
5252,22,2,2051-04-01T00:00:00.0,0.0
5253,23,2,2051-04-01T00:00:00.0,0.0
5254,24,2,2051-04-01T00:00:00.0,0.0
5255,25,2,2051-04-01T00:00:00.0,0.0
5256,21,2,2052-04-01T00:00:00.0,0.0
5257,22,2,2052-04-01T00:00:00.0,0.0
5258,23,2,2052-04-01T00:00:00.0,0.0
5259,24,2,2052-04-01T00:00:00.0,0.0
5260,25,2,2052-04-01T00:00:00.0,0.0
5261,21,2,2053-04-01T00:00:00.0,0.0
5262,22,2,2053-04-01T00:00:00.0,0.0
5263,23,2,2053-04-01T00:00:00.0,0.0
5264,24,2,2053-04-01T00:00:00.0,0.0
5265,25,2,2053-04-01T00:00:00.0,0.0
5266,21,2,2054-04-01T00:00:00.0,0.0
5267,22,2,2054-04-01T00:00:00.0,0.0
5268,23,2,2054-04-01T00:00:00.0,0.0
5269,24,2,2054-04-01T00:00:00.0,0.0
5270,25,2,2054-04-01T00:00:00.0,0.0
5271,26,2,2023-11-01T00:00:00.0,0.0
5272,27,2,2023-11-01T00:00:00.0,0.0
5273,28,2,2023-11-01T00:00:00.0,0.0
5274,29,2,2023-11-01T00:00:00.0,0.0
5275,30,2,2023-11-01T00:00:00.0,0.0
5276,26,2,2024-11-01T00:00:00.0,0.0
5277,27,2,2024-11-01T00:00:00.0,0.0
5278,28,2,2024-11-01T00:00:00.0,0.0
5279,29,2,2024-11-01T00:00:00.0,0.0
5280,30,2,2024-11-01T00:00:00.0,0.0
5281,26,2,2025-11-01T00:00:00.0,0.0
5282,27,2,2025-11-01T00:00:00.0,0.0
5283,28,2,2025-11-01T00:00:00.0,0.0
5284,29,2,2025-11-01T00:00:00.0,0.0
5285,30,2,2025-11-01T00:00:00.0,0.0
5286,26,2,2026-11-01T00:00:00.0,0.0
5287,27,2,2026-11-01T00:00:00.0,0.0
5288,28,2,2026-11-01T00:00:00.0,0.0
5289,29,2,2026-11-01T00:00:00.0,0.0
5290,30,2,2026-11-01T00:00:00.0,0.0
5291,26,2,2027-11-01T00:00:00.0,0.0
5292,27,2,2027-11-01T00:00:00.0,0.0
5293,28,2,2027-11-01T00:00:00.0,0.0
5294,29,2,2027-11-01T00:00:00.0,0.0
5295,30,2,2027-11-01T00:00:00.0,0.0
5296,26,2,2028-11-01T00:00:00.0,0.0
5297,27,2,2028-11-01T00:00:00.0,0.0
5298,28,2,2028-11-01T00:00:00.0,0.0
5299,29,2,2028-11-01T00:00:00.0,0.0
5300,30,2,2028-11-01T00:00:00.0,0.0
5301,26,2,2029-11-01T00:00:00.0,0.0
5302,27,2,2029-11-01T00:00:00.0,0.0
5303,28,2,2029-11-01T00:00:00.0,0.0
5304,29,2,2029-11-01T00:00:00.0,0.0
5305,30,2,2029-11-01T00:00:00.0,0.0
5306,26,2,2030-11-01T00:00:00.0,0.0
5307,27,2,2030-11-01T00:00:00.0,0.0
5308,28,2,2030-11-01T00:00:00.0,0.0
5309,29,2,2030-11-01T00:00:00.0,0.0
5310,30,2,2030-11-01T00:00:00.0,0.0
5311,26,2,2031-11-01T00:00:00.0,0.0
5312,27,2,2031-11-01T00:00:00.0,0.0
5313,28,2,2031-11-01T00:00:00.0,0.0
5314,29,2,2031-11-01T00:00:00.0,0.0
5315,30,2,2031-11-01T00:00:00.0,0.0
5316,26,2,2032-11-01T00:00:00.0,0.0
5317,27,2,2032-11-01T00:00:00.0,0.0
5318,28,2,2032-11-01T00:00:00.0,0.0
5319,29,2,2032-11-01T00:00:00.0,0.0
5320,30,2,2032-11-01T00:00:00.0,0.0
5321,26,2,2033-11-01T00:00:00.0,0.0
5322,27,2,2033-11-01T00:00:00.0,0.0
5323,28,2,2033-11-01T00:00:00.0,0.0
5324,29,2,2033-11-01T00:00:00.0,0.0
5325,30,2,2033-11-01T00:00:00.0,0.0
5326,26,2,2034-11-01T00:00:00.0,0.0
5327,27,2,2034-11-01T00:00:00.0,0.0
5328,28,2,2034-11-01T00:00:00.0,0.0
5329,29,2,2034-11-01T00:00:00.0,0.0
5330,30,2,2034-11-01T00:00:00.0,0.0
5331,26,2,2035-11-01T00:00:00.0,0.0
5332,27,2,2035-11-01T00:00:00.0,0.0
5333,28,2,2035-11-01T00:00:00.0,0.0
5334,29,2,2035-11-01T00:00:00.0,0.0
5335,30,2,2035-11-01T00:00:00.0,0.0
5336,26,2,2036-11-01T00:00:00.0,0.0
5337,27,2,2036-11-01T00:00:00.0,0.0
5338,28,2,2036-11-01T00:00:00.0,0.0
5339,29,2,2036-11-01T00:00:00.0,0.0
5340,30,2,2036-11-01T00:00:00.0,0.0
5341,26,2,2037-11-01T00:00:00.0,0.0
5342,27,2,2037-11-01T00:00:00.0,0.0
5343,28,2,2037-11-01T00:00:00.0,0.0
5344,29,2,2037-11-01T00:00:00.0,0.0
5345,30,2,2037-11-01T00:00:00.0,0.0
5346,26,2,2038-11-01T00:00:00.0,0.0
5347,27,2,2038-11-01T00:00:00.0,0.0
5348,28,2,2038-11-01T00:00:00.0,0.0
5349,29,2,2038-11-01T00:00:00.0,0.0
5350,30,2,2038-11-01T00:00:00.0,0.0
5351,26,2,2039-11-01T00:00:00.0,0.0
5352,27,2,2039-11-01T00:00:00.0,0.0
5353,28,2,2039-11-01T00:00:00.0,0.0
5354,29,2,2039-11-01T00:00:00.0,0.0
5355,30,2,2039-11-01T00:00:00.0,0.0
5356,26,2,2040-11-01T00:00:00.0,0.0
5357,27,2,2040-11-01T00:00:00.0,0.0
5358,28,2,2040-11-01T00:00:00.0,0.0
5359,29,2,2040-11-01T00:00:00.0,0.0
5360,30,2,2040-11-01T00:00:00.0,0.0
5361,26,2,2041-11-01T00:00:00.0,0.0
5362,27,2,2041-11-01T00:00:00.0,0.0
5363,28,2,2041-11-01T00:00:00.0,0.0
5364,29,2,2041-11-01T00:00:00.0,0.0
5365,30,2,2041-11-01T00:00:00.0,0.0
5366,26,2,2042-11-01T00:00:00.0,0.0
5367,27,2,2042-11-01T00:00:00.0,0.0
5368,28,2,2042-11-01T00:00:00.0,0.0
5369,29,2,2042-11-01T00:00:00.0,0.0
5370,30,2,2042-11-01T00:00:00.0,0.0
5371,26,2,2043-11-01T00:00:00.0,0.0
5372,27,2,2043-11-01T00:00:00.0,0.0
5373,28,2,2043-11-01T00:00:00.0,0.0
5374,29,2,2043-11-01T00:00:00.0,0.0
5375,30,2,2043-11-01T00:00:00.0,0.0
5376,26,2,2044-11-01T00:00:00.0,0.0
5377,27,2,2044-11-01T00:00:00.0,0.0
5378,28,2,2044-11-01T00:00:00.0,0.0
5379,29,2,2044-11-01T00:00:00.0,0.0
5380,30,2,2044-11-01T00:00:00.0,0.0
5381,26,2,2045-11-01T00:00:00.0,0.0
5382,27,2,2045-11-01T00:00:00.0,0.0
5383,28,2,2045-11-01T00:00:00.0,0.0
5384,29,2,2045-11-01T00:00:00.0,0.0
5385,30,2,2045-11-01T00:00:00.0,0.0
5386,26,2,2046-11-01T00:00:00.0,0.0
5387,27,2,2046-11-01T00:00:00.0,0.0
5388,28,2,2046-11-01T00:00:00.0,0.0
5389,29,2,2046-11-01T00:00:00.0,0.0
5390,30,2,2046-11-01T00:00:00.0,0.0
5391,26,2,2047-11-01T00:00:00.0,0.0
5392,27,2,2047-11-01T00:00:00.0,0.0
5393,28,2,2047-11-01T00:00:00.0,0.0
5394,29,2,2047-11-01T00:00:00.0,0.0
5395,30,2,2047-11-01T00:00:00.0,0.0
5396,26,2,2048-11-01T00:00:00.0,0.0
5397,27,2,2048-11-01T00:00:00.0,0.0
5398,28,2,2048-11-01T00:00:00.0,0.0
5399,29,2,2048-11-01T00:00:00.0,0.0
5400,30,2,2048-11-01T00:00:00.0,0.0
5401,26,2,2049-11-01T00:00:00.0,0.0
5402,27,2,2049-11-01T00:00:00.0,0.0
5403,28,2,2049-11-01T00:00:00.0,0.0
5404,29,2,2049-11-01T00:00:00.0,0.0
5405,30,2,2049-11-01T00:00:00.0,0.0
5406,26,2,2050-11-01T00:00:00.0,0.0
5407,27,2,2050-11-01T00:00:00.0,0.0
5408,28,2,2050-11-01T00:00:00.0,0.0
5409,29,2,2050-11-01T00:00:00.0,0.0
5410,30,2,2050-11-01T00:00:00.0,0.0
5411,26,2,2051-11-01T00:00:00.0,0.0
5412,27,2,2051-11-01T00:00:00.0,0.0
5413,28,2,2051-11-01T00:00:00.0,0.0
5414,29,2,2051-11-01T00:00:00.0,0.0
5415,30,2,2051-11-01T00:00:00.0,0.0
5416,26,2,2052-11-01T00:00:00.0,0.0
5417,27,2,2052-11-01T00:00:00.0,0.0
5418,28,2,2052-11-01T00:00:00.0,0.0
5419,29,2,2052-11-01T00:00:00.0,0.0
5420,30,2,2052-11-01T00:00:00.0,0.0
5421,26,2,2053-11-01T00:00:00.0,0.0
5422,27,2,2053-11-01T00:00:00.0,0.0
5423,28,2,2053-11-01T00:00:00.0,0.0
5424,29,2,2053-11-01T00:00:00.0,0.0
5425,30,2,2053-11-01T00:00:00.0,0.0
5426,26,2,2024-04-01T00:00:00.0,0.0
5427,27,2,2024-04-01T00:00:00.0,0.0
5428,28,2,2024-04-01T00:00:00.0,0.0
5429,29,2,2024-04-01T00:00:00.0,0.0
5430,30,2,2024-04-01T00:00:00.0,0.0
5431,26,2,2025-04-01T00:00:00.0,0.0
5432,27,2,2025-04-01T00:00:00.0,0.0
5433,28,2,2025-04-01T00:00:00.0,0.0
5434,29,2,2025-04-01T00:00:00.0,0.0
5435,30,2,2025-04-01T00:00:00.0,0.0
5436,26,2,2026-04-01T00:00:00.0,0.0
5437,27,2,2026-04-01T00:00:00.0,0.0
5438,28,2,2026-04-01T00:00:00.0,0.0
5439,29,2,2026-04-01T00:00:00.0,0.0
5440,30,2,2026-04-01T00:00:00.0,0.0
5441,26,2,2027-04-01T00:00:00.0,0.0
5442,27,2,2027-04-01T00:00:00.0,0.0
5443,28,2,2027-04-01T00:00:00.0,0.0
5444,29,2,2027-04-01T00:00:00.0,0.0
5445,30,2,2027-04-01T00:00:00.0,0.0
5446,26,2,2028-04-01T00:00:00.0,0.0
5447,27,2,2028-04-01T00:00:00.0,0.0
5448,28,2,2028-04-01T00:00:00.0,0.0
5449,29,2,2028-04-01T00:00:00.0,0.0
5450,30,2,2028-04-01T00:00:00.0,0.0
5451,26,2,2029-04-01T00:00:00.0,0.0
5452,27,2,2029-04-01T00:00:00.0,0.0
5453,28,2,2029-04-01T00:00:00.0,0.0
5454,29,2,2029-04-01T00:00:00.0,0.0
5455,30,2,2029-04-01T00:00:00.0,0.0
5456,26,2,2030-04-01T00:00:00.0,0.0
5457,27,2,2030-04-01T00:00:00.0,0.0
5458,28,2,2030-04-01T00:00:00.0,0.0
5459,29,2,2030-04-01T00:00:00.0,0.0
5460,30,2,2030-04-01T00:00:00.0,0.0
5461,26,2,2031-04-01T00:00:00.0,0.0
5462,27,2,2031-04-01T00:00:00.0,0.0
5463,28,2,2031-04-01T00:00:00.0,0.0
5464,29,2,2031-04-01T00:00:00.0,0.0
5465,30,2,2031-04-01T00:00:00.0,0.0
5466,26,2,2032-04-01T00:00:00.0,0.0
5467,27,2,2032-04-01T00:00:00.0,0.0
5468,28,2,2032-04-01T00:00:00.0,0.0
5469,29,2,2032-04-01T00:00:00.0,0.0
5470,30,2,2032-04-01T00:00:00.0,0.0
5471,26,2,2033-04-01T00:00:00.0,0.0
5472,27,2,2033-04-01T00:00:00.0,0.0
5473,28,2,2033-04-01T00:00:00.0,0.0
5474,29,2,2033-04-01T00:00:00.0,0.0
5475,30,2,2033-04-01T00:00:00.0,0.0
5476,26,2,2034-04-01T00:00:00.0,0.0
5477,27,2,2034-04-01T00:00:00.0,0.0
5478,28,2,2034-04-01T00:00:00.0,0.0
5479,29,2,2034-04-01T00:00:00.0,0.0
5480,30,2,2034-04-01T00:00:00.0,0.0
5481,26,2,2035-04-01T00:00:00.0,0.0
5482,27,2,2035-04-01T00:00:00.0,0.0
5483,28,2,2035-04-01T00:00:00.0,0.0
5484,29,2,2035-04-01T00:00:00.0,0.0
5485,30,2,2035-04-01T00:00:00.0,0.0
5486,26,2,2036-04-01T00:00:00.0,0.0
5487,27,2,2036-04-01T00:00:00.0,0.0
5488,28,2,2036-04-01T00:00:00.0,0.0
5489,29,2,2036-04-01T00:00:00.0,0.0
5490,30,2,2036-04-01T00:00:00.0,0.0
5491,26,2,2037-04-01T00:00:00.0,0.0
5492,27,2,2037-04-01T00:00:00.0,0.0
5493,28,2,2037-04-01T00:00:00.0,0.0
5494,29,2,2037-04-01T00:00:00.0,0.0
5495,30,2,2037-04-01T00:00:00.0,0.0
5496,26,2,2038-04-01T00:00:00.0,0.0
5497,27,2,2038-04-01T00:00:00.0,0.0
5498,28,2,2038-04-01T00:00:00.0,0.0
5499,29,2,2038-04-01T00:00:00.0,0.0
5500,30,2,2038-04-01T00:00:00.0,0.0
5501,26,2,2039-04-01T00:00:00.0,0.0
5502,27,2,2039-04-01T00:00:00.0,0.0
5503,28,2,2039-04-01T00:00:00.0,0.0
5504,29,2,2039-04-01T00:00:00.0,0.0
5505,30,2,2039-04-01T00:00:00.0,0.0
5506,26,2,2040-04-01T00:00:00.0,0.0
5507,27,2,2040-04-01T00:00:00.0,0.0
5508,28,2,2040-04-01T00:00:00.0,0.0
5509,29,2,2040-04-01T00:00:00.0,0.0
5510,30,2,2040-04-01T00:00:00.0,0.0
5511,26,2,2041-04-01T00:00:00.0,0.0
5512,27,2,2041-04-01T00:00:00.0,0.0
5513,28,2,2041-04-01T00:00:00.0,0.0
5514,29,2,2041-04-01T00:00:00.0,0.0
5515,30,2,2041-04-01T00:00:00.0,0.0
5516,26,2,2042-04-01T00:00:00.0,0.0
5517,27,2,2042-04-01T00:00:00.0,0.0
5518,28,2,2042-04-01T00:00:00.0,0.0
5519,29,2,2042-04-01T00:00:00.0,0.0
5520,30,2,2042-04-01T00:00:00.0,0.0
5521,26,2,2043-04-01T00:00:00.0,0.0
5522,27,2,2043-04-01T00:00:00.0,0.0
5523,28,2,2043-04-01T00:00:00.0,0.0
5524,29,2,2043-04-01T00:00:00.0,0.0
5525,30,2,2043-04-01T00:00:00.0,0.0
5526,26,2,2044-04-01T00:00:00.0,0.0
5527,27,2,2044-04-01T00:00:00.0,0.0
5528,28,2,2044-04-01T00:00:00.0,0.0
5529,29,2,2044-04-01T00:00:00.0,0.0
5530,30,2,2044-04-01T00:00:00.0,0.0
5531,26,2,2045-04-01T00:00:00.0,0.0
5532,27,2,2045-04-01T00:00:00.0,0.0
5533,28,2,2045-04-01T00:00:00.0,0.0
5534,29,2,2045-04-01T00:00:00.0,0.0
5535,30,2,2045-04-01T00:00:00.0,0.0
5536,26,2,2046-04-01T00:00:00.0,0.0
5537,27,2,2046-04-01T00:00:00.0,0.0
5538,28,2,2046-04-01T00:00:00.0,0.0
5539,29,2,2046-04-01T00:00:00.0,0.0
5540,30,2,2046-04-01T00:00:00.0,0.0
5541,26,2,2047-04-01T00:00:00.0,0.0
5542,27,2,2047-04-01T00:00:00.0,0.0
5543,28,2,2047-04-01T00:00:00.0,0.0
5544,29,2,2047-04-01T00:00:00.0,0.0
5545,30,2,2047-04-01T00:00:00.0,0.0
5546,26,2,2048-04-01T00:00:00.0,0.0
5547,27,2,2048-04-01T00:00:00.0,0.0
5548,28,2,2048-04-01T00:00:00.0,0.0
5549,29,2,2048-04-01T00:00:00.0,0.0
5550,30,2,2048-04-01T00:00:00.0,0.0
5551,26,2,2049-04-01T00:00:00.0,0.0
5552,27,2,2049-04-01T00:00:00.0,0.0
5553,28,2,2049-04-01T00:00:00.0,0.0
5554,29,2,2049-04-01T00:00:00.0,0.0
5555,30,2,2049-04-01T00:00:00.0,0.0
5556,26,2,2050-04-01T00:00:00.0,0.0
5557,27,2,2050-04-01T00:00:00.0,0.0
5558,28,2,2050-04-01T00:00:00.0,0.0
5559,29,2,2050-04-01T00:00:00.0,0.0
5560,30,2,2050-04-01T00:00:00.0,0.0
5561,26,2,2051-04-01T00:00:00.0,0.0
5562,27,2,2051-04-01T00:00:00.0,0.0
5563,28,2,2051-04-01T00:00:00.0,0.0
5564,29,2,2051-04-01T00:00:00.0,0.0
5565,30,2,2051-04-01T00:00:00.0,0.0
5566,26,2,2052-04-01T00:00:00.0,0.0
5567,27,2,2052-04-01T00:00:00.0,0.0
5568,28,2,2052-04-01T00:00:00.0,0.0
5569,29,2,2052-04-01T00:00:00.0,0.0
5570,30,2,2052-04-01T00:00:00.0,0.0
5571,26,2,2053-04-01T00:00:00.0,0.0
5572,27,2,2053-04-01T00:00:00.0,0.0
5573,28,2,2053-04-01T00:00:00.0,0.0
5574,29,2,2053-04-01T00:00:00.0,0.0
5575,30,2,2053-04-01T00:00:00.0,0.0
5576,26,2,2054-04-01T00:00:00.0,0.0
5577,27,2,2054-04-01T00:00:00.0,0.0
5578,28,2,2054-04-01T00:00:00.0,0.0
5579,29,2,2054-04-01T00:00:00.0,0.0
5580,30,2,2054-04-01T00:00:00.0,0.0
5581,31,2,2023-11-01T00:00:00.0,0.0
5582,32,2,2023-11-01T00:00:00.0,0.0
5583,33,2,2023-11-01T00:00:00.0,93.74
5584,34,2,2023-11-01T00:00:00.0,1.0
5585,35,2,2023-11-01T00:00:00.0,242.0
5586,31,2,2024-11-01T00:00:00.0,0.0
5587,32,2,2024-11-01T00:00:00.0,0.0
5588,33,2,2024-11-01T00:00:00.0,97.89
5589,34,2,2024-11-01T00:00:00.0,1.0400000000000063
5590,35,2,2024-11-01T00:00:00.0,252.70999999999998
5591,31,2,2025-11-01T00:00:00.0,0.0
5592,32,2,2025-11-01T00:00:00.0,0.0
5593,33,2,2025-11-01T00:00:00.0,102.41
5594,34,2,2025-11-01T00:00:00.0,1.0900000000000034
5595,35,2,2025-11-01T00:00:00.0,264.38
5596,31,2,2026-11-01T00:00:00.0,0.0
5597,32,2,2026-11-01T00:00:00.0,0.0
5598,33,2,2026-11-01T00:00:00.0,107.81
5599,34,2,2026-11-01T00:00:00.0,1.1499999999999915
5600,35,2,2026-11-01T00:00:00.0,278.33000000000004
5601,31,2,2027-11-01T00:00:00.0,0.0
5602,32,2,2027-11-01T00:00:00.0,0.0
5603,33,2,2027-11-01T00:00:00.0,139.49
5604,34,2,2027-11-01T00:00:00.0,1.4899999999999807
5605,35,2,2027-11-01T00:00:00.0,360.11
5606,31,2,2028-11-01T00:00:00.0,0.0
5607,32,2,2028-11-01T00:00:00.0,0.0
5608,33,2,2028-11-01T00:00:00.0,191.54
5609,34,2,2028-11-01T00:00:00.0,2.0400000000000205
5610,35,2,2028-11-01T00:00:00.0,494.5
5611,31,2,2029-11-01T00:00:00.0,0.0
5612,32,2,2029-11-01T00:00:00.0,0.0
5613,33,2,2029-11-01T00:00:00.0,238.02
5614,34,2,2029-11-01T00:00:00.0,2.539999999999992
5615,35,2,2029-11-01T00:00:00.0,614.47
5616,31,2,2030-11-01T00:00:00.0,0.0
5617,32,2,2030-11-01T00:00:00.0,0.0
5618,33,2,2030-11-01T00:00:00.0,269.9
5619,34,2,2030-11-01T00:00:00.0,2.8799999999999955
5620,35,2,2030-11-01T00:00:00.0,696.78
5621,31,2,2031-11-01T00:00:00.0,0.0
5622,32,2,2031-11-01T00:00:00.0,0.0
5623,33,2,2031-11-01T00:00:00.0,301.77
5624,34,2,2031-11-01T00:00:00.0,3.2200000000000273
5625,35,2,2031-11-01T00:00:00.0,779.0699999999999
5626,31,2,2032-11-01T00:00:00.0,0.0
5627,32,2,2032-11-01T00:00:00.0,0.0
5628,33,2,2032-11-01T00:00:00.0,333.63
5629,34,2,2032-11-01T00:00:00.0,3.5600000000000023
5630,35,2,2032-11-01T00:00:00.0,861.3299999999999
5631,31,2,2033-11-01T00:00:00.0,0.0
5632,32,2,2033-11-01T00:00:00.0,0.0
5633,33,2,2033-11-01T00:00:00.0,337.34
5634,34,2,2033-11-01T00:00:00.0,3.6000000000000227
5635,35,2,2033-11-01T00:00:00.0,870.8799999999999
5636,31,2,2034-11-01T00:00:00.0,0.0
5637,32,2,2034-11-01T00:00:00.0,0.0
5638,33,2,2034-11-01T00:00:00.0,341.2
5639,34,2,2034-11-01T00:00:00.0,3.6399999999999864
5640,35,2,2034-11-01T00:00:00.0,880.8500000000001
5641,31,2,2035-11-01T00:00:00.0,0.0
5642,32,2,2035-11-01T00:00:00.0,0.0
5643,33,2,2035-11-01T00:00:00.0,344.8
5644,34,2,2035-11-01T00:00:00.0,3.680000000000007
5645,35,2,2035-11-01T00:00:00.0,890.1700000000001
5646,31,2,2036-11-01T00:00:00.0,0.0
5647,32,2,2036-11-01T00:00:00.0,0.0
5648,33,2,2036-11-01T00:00:00.0,349.69
5649,34,2,2036-11-01T00:00:00.0,3.730000000000018
5650,35,2,2036-11-01T00:00:00.0,902.79
5651,31,2,2037-11-01T00:00:00.0,0.0
5652,32,2,2037-11-01T00:00:00.0,0.0
5653,33,2,2037-11-01T00:00:00.0,354.2
5654,34,2,2037-11-01T00:00:00.0,3.7800000000000296
5655,35,2,2037-11-01T00:00:00.0,914.4200000000001
5656,31,2,2038-11-01T00:00:00.0,0.0
5657,32,2,2038-11-01T00:00:00.0,0.0
5658,33,2,2038-11-01T00:00:00.0,357.1
5659,34,2,2038-11-01T00:00:00.0,3.7999999999999545
5660,35,2,2038-11-01T00:00:00.0,921.9
5661,31,2,2039-11-01T00:00:00.0,0.0
5662,32,2,2039-11-01T00:00:00.0,0.0
5663,33,2,2039-11-01T00:00:00.0,359.18
5664,34,2,2039-11-01T00:00:00.0,3.839999999999975
5665,35,2,2039-11-01T00:00:00.0,927.28
5666,31,2,2040-11-01T00:00:00.0,0.0
5667,32,2,2040-11-01T00:00:00.0,0.0
5668,33,2,2040-11-01T00:00:00.0,362.75
5669,34,2,2040-11-01T00:00:00.0,3.8700000000000045
5670,35,2,2040-11-01T00:00:00.0,936.4799999999999
5671,31,2,2041-11-01T00:00:00.0,0.0
5672,32,2,2041-11-01T00:00:00.0,0.0
5673,33,2,2041-11-01T00:00:00.0,364.7
5674,34,2,2041-11-01T00:00:00.0,3.8899999999999864
5675,35,2,2041-11-01T00:00:00.0,941.52
5676,31,2,2042-11-01T00:00:00.0,0.0
5677,32,2,2042-11-01T00:00:00.0,0.0
5678,33,2,2042-11-01T00:00:00.0,367.81
5679,34,2,2042-11-01T00:00:00.0,3.920000000000016
5680,35,2,2042-11-01T00:00:00.0,949.5699999999999
5681,31,2,2043-11-01T00:00:00.0,0.0
5682,32,2,2043-11-01T00:00:00.0,0.0
5683,33,2,2043-11-01T00:00:00.0,370.35
5684,34,2,2043-11-01T00:00:00.0,3.9499999999999886
5685,35,2,2043-11-01T00:00:00.0,956.1300000000001
5686,31,2,2044-11-01T00:00:00.0,0.0
5687,32,2,2044-11-01T00:00:00.0,0.0
5688,33,2,2044-11-01T00:00:00.0,369.59
5689,34,2,2044-11-01T00:00:00.0,3.9399999999999977
5690,35,2,2044-11-01T00:00:00.0,954.1500000000001
5691,31,2,2045-11-01T00:00:00.0,0.0
5692,32,2,2045-11-01T00:00:00.0,0.0
5693,33,2,2045-11-01T00:00:00.0,370.2
5694,34,2,2045-11-01T00:00:00.0,3.9499999999999886
5695,35,2,2045-11-01T00:00:00.0,955.7199999999999
5696,31,2,2046-11-01T00:00:00.0,0.0
5697,32,2,2046-11-01T00:00:00.0,0.0
5698,33,2,2046-11-01T00:00:00.0,369.71
5699,34,2,2046-11-01T00:00:00.0,3.9399999999999977
5700,35,2,2046-11-01T00:00:00.0,954.4499999999999
5701,31,2,2047-11-01T00:00:00.0,0.0
5702,32,2,2047-11-01T00:00:00.0,0.0
5703,33,2,2047-11-01T00:00:00.0,369.75
5704,34,2,2047-11-01T00:00:00.0,3.9499999999999886
5705,35,2,2047-11-01T00:00:00.0,954.5699999999999
5706,31,2,2048-11-01T00:00:00.0,0.0
5707,32,2,2048-11-01T00:00:00.0,0.0
5708,33,2,2048-11-01T00:00:00.0,371.8
5709,34,2,2048-11-01T00:00:00.0,3.9699999999999704
5710,35,2,2048-11-01T00:00:00.0,959.8700000000001
5711,31,2,2049-11-01T00:00:00.0,0.0
5712,32,2,2049-11-01T00:00:00.0,0.0
5713,33,2,2049-11-01T00:00:00.0,372.61
5714,34,2,2049-11-01T00:00:00.0,3.9699999999999704
5715,35,2,2049-11-01T00:00:00.0,961.95
5716,31,2,2050-11-01T00:00:00.0,0.0
5717,32,2,2050-11-01T00:00:00.0,0.0
5718,33,2,2050-11-01T00:00:00.0,375.69
5719,34,2,2050-11-01T00:00:00.0,4.009999999999991
5720,35,2,2050-11-01T00:00:00.0,969.8899999999999
5721,31,2,2051-11-01T00:00:00.0,0.0
5722,32,2,2051-11-01T00:00:00.0,0.0
5723,33,2,2051-11-01T00:00:00.0,382.35
5724,34,2,2051-11-01T00:00:00.0,4.079999999999984
5725,35,2,2051-11-01T00:00:00.0,987.0999999999999
5726,31,2,2052-11-01T00:00:00.0,0.0
5727,32,2,2052-11-01T00:00:00.0,0.0
5728,33,2,2052-11-01T00:00:00.0,387.88
5729,34,2,2052-11-01T00:00:00.0,4.139999999999986
5730,35,2,2052-11-01T00:00:00.0,1001.3900000000001
5731,31,2,2053-11-01T00:00:00.0,0.0
5732,32,2,2053-11-01T00:00:00.0,0.0
5733,33,2,2053-11-01T00:00:00.0,393.98
5734,34,2,2053-11-01T00:00:00.0,4.199999999999989
5735,35,2,2053-11-01T00:00:00.0,1017.1099999999999
5736,31,2,2024-04-01T00:00:00.0,0.0
5737,32,2,2024-04-01T00:00:00.0,0.0
5738,33,2,2024-04-01T00:00:00.0,93.74
5739,34,2,2024-04-01T00:00:00.0,1.0
5740,35,2,2024-04-01T00:00:00.0,242.0
5741,31,2,2025-04-01T00:00:00.0,0.0
5742,32,2,2025-04-01T00:00:00.0,0.0
5743,33,2,2025-04-01T00:00:00.0,97.44
5744,34,2,2025-04-01T00:00:00.0,1.0400000000000063
5745,35,2,2025-04-01T00:00:00.0,251.53999999999996
5746,31,2,2026-04-01T00:00:00.0,0.0
5747,32,2,2026-04-01T00:00:00.0,0.0
5748,33,2,2026-04-01T00:00:00.0,102.14
5749,34,2,2026-04-01T00:00:00.0,1.0900000000000034
5750,35,2,2026-04-01T00:00:00.0,263.69
5751,31,2,2027-04-01T00:00:00.0,0.0
5752,32,2,2027-04-01T00:00:00.0,0.0
5753,33,2,2027-04-01T00:00:00.0,107.37
5754,34,2,2027-04-01T00:00:00.0,1.1400000000000006
5755,35,2,2027-04-01T00:00:00.0,277.18
5756,31,2,2028-04-01T00:00:00.0,0.0
5757,32,2,2028-04-01T00:00:00.0,0.0
5758,33,2,2028-04-01T00:00:00.0,112.7
5759,34,2,2028-04-01T00:00:00.0,1.2000000000000028
5760,35,2,2028-04-01T00:00:00.0,290.95000000000005
5761,31,2,2029-04-01T00:00:00.0,0.0
5762,32,2,2029-04-01T00:00:00.0,0.0
5763,33,2,2029-04-01T00:00:00.0,118.09
5764,34,2,2029-04-01T00:00:00.0,1.259999999999991
5765,35,2,2029-04-01T00:00:00.0,304.85
5766,31,2,2030-04-01T00:00:00.0,0.0
5767,32,2,2030-04-01T00:00:00.0,0.0
5768,33,2,2030-04-01T00:00:00.0,123.23
5769,34,2,2030-04-01T00:00:00.0,1.3100000000000023
5770,35,2,2030-04-01T00:00:00.0,318.14
5771,31,2,2031-04-01T00:00:00.0,0.0
5772,32,2,2031-04-01T00:00:00.0,0.0
5773,33,2,2031-04-01T00:00:00.0,128.14
5774,34,2,2031-04-01T00:00:00.0,1.3700000000000045
5775,35,2,2031-04-01T00:00:00.0,330.82
5776,31,2,2032-04-01T00:00:00.0,0.0
5777,32,2,2032-04-01T00:00:00.0,0.0
5778,33,2,2032-04-01T00:00:00.0,132.64
5779,34,2,2032-04-01T00:00:00.0,1.410000000000025
5780,35,2,2032-04-01T00:00:00.0,342.43
5781,31,2,2033-04-01T00:00:00.0,0.0
5782,32,2,2033-04-01T00:00:00.0,0.0
5783,33,2,2033-04-01T00:00:00.0,136.73
5784,34,2,2033-04-01T00:00:00.0,1.450000000000017
5785,35,2,2033-04-01T00:00:00.0,352.98
5786,31,2,2034-04-01T00:00:00.0,0.0
5787,32,2,2034-04-01T00:00:00.0,0.0
5788,33,2,2034-04-01T00:00:00.0,140.79
5789,34,2,2034-04-01T00:00:00.0,1.5100000000000193
5790,35,2,2034-04-01T00:00:00.0,363.46999999999997
5791,31,2,2035-04-01T00:00:00.0,0.0
5792,32,2,2035-04-01T00:00:00.0,0.0
5793,33,2,2035-04-01T00:00:00.0,145.07
5794,34,2,2035-04-01T00:00:00.0,1.5400000000000205
5795,35,2,2035-04-01T00:00:00.0,374.52
5796,31,2,2036-04-01T00:00:00.0,0.0
5797,32,2,2036-04-01T00:00:00.0,0.0
5798,33,2,2036-04-01T00:00:00.0,150.01
5799,34,2,2036-04-01T00:00:00.0,1.6000000000000227
5800,35,2,2036-04-01T00:00:00.0,387.27
5801,31,2,2037-04-01T00:00:00.0,0.0
5802,32,2,2037-04-01T00:00:00.0,0.0
5803,33,2,2037-04-01T00:00:00.0,154.63
5804,34,2,2037-04-01T00:00:00.0,1.6500000000000057
5805,35,2,2037-04-01T00:00:00.0,399.20000000000005
5806,31,2,2038-04-01T00:00:00.0,0.0
5807,32,2,2038-04-01T00:00:00.0,0.0
5808,33,2,2038-04-01T00:00:00.0,158.99
5809,34,2,2038-04-01T00:00:00.0,1.6999999999999886
5810,35,2,2038-04-01T00:00:00.0,410.46
5811,31,2,2039-04-01T00:00:00.0,0.0
5812,32,2,2039-04-01T00:00:00.0,0.0
5813,33,2,2039-04-01T00:00:00.0,162.58
5814,34,2,2039-04-01T00:00:00.0,1.7299999999999898
5815,35,2,2039-04-01T00:00:00.0,419.71999999999997
5816,31,2,2040-04-01T00:00:00.0,0.0
5817,32,2,2040-04-01T00:00:00.0,0.0
5818,33,2,2040-04-01T00:00:00.0,166.47
5819,34,2,2040-04-01T00:00:00.0,1.7700000000000102
5820,35,2,2040-04-01T00:00:00.0,429.76
5821,31,2,2041-04-01T00:00:00.0,0.0
5822,32,2,2041-04-01T00:00:00.0,0.0
5823,33,2,2041-04-01T00:00:00.0,171.04
5824,34,2,2041-04-01T00:00:00.0,1.8300000000000125
5825,35,2,2041-04-01T00:00:00.0,441.57000000000005
5826,31,2,2042-04-01T00:00:00.0,0.0
5827,32,2,2042-04-01T00:00:00.0,0.0
5828,33,2,2042-04-01T00:00:00.0,175.92
5829,34,2,2042-04-01T00:00:00.0,1.8800000000000239
5830,35,2,2042-04-01T00:00:00.0,454.16
5831,31,2,2043-04-01T00:00:00.0,0.0
5832,32,2,2043-04-01T00:00:00.0,0.0
5833,33,2,2043-04-01T00:00:00.0,180.11
5834,34,2,2043-04-01T00:00:00.0,1.9199999999999875
5835,35,2,2043-04-01T00:00:00.0,464.98
5836,31,2,2044-04-01T00:00:00.0,0.0
5837,32,2,2044-04-01T00:00:00.0,0.0
5838,33,2,2044-04-01T00:00:00.0,183.13
5839,34,2,2044-04-01T00:00:00.0,1.950000000000017
5840,35,2,2044-04-01T00:00:00.0,472.78
5841,31,2,2045-04-01T00:00:00.0,0.0
5842,32,2,2045-04-01T00:00:00.0,0.0
5843,33,2,2045-04-01T00:00:00.0,185.71
5844,34,2,2045-04-01T00:00:00.0,1.9799999999999898
5845,35,2,2045-04-01T00:00:00.0,479.44
5846,31,2,2046-04-01T00:00:00.0,0.0
5847,32,2,2046-04-01T00:00:00.0,0.0
5848,33,2,2046-04-01T00:00:00.0,188.84
5849,34,2,2046-04-01T00:00:00.0,2.0200000000000102
5850,35,2,2046-04-01T00:00:00.0,487.52
5851,31,2,2047-04-01T00:00:00.0,0.0
5852,32,2,2047-04-01T00:00:00.0,0.0
5853,33,2,2047-04-01T00:00:00.0,192.47
5854,34,2,2047-04-01T00:00:00.0,2.0600000000000023
5855,35,2,2047-04-01T00:00:00.0,496.89
5856,31,2,2048-04-01T00:00:00.0,0.0
5857,32,2,2048-04-01T00:00:00.0,0.0
5858,33,2,2048-04-01T00:00:00.0,196.12
5859,34,2,2048-04-01T00:00:00.0,2.0900000000000034
5860,35,2,2048-04-01T00:00:00.0,506.31999999999994
5861,31,2,2049-04-01T00:00:00.0,0.0
5862,32,2,2049-04-01T00:00:00.0,0.0
5863,33,2,2049-04-01T00:00:00.0,199.19
5864,34,2,2049-04-01T00:00:00.0,2.1299999999999955
5865,35,2,2049-04-01T00:00:00.0,514.25
5866,31,2,2050-04-01T00:00:00.0,0.0
5867,32,2,2050-04-01T00:00:00.0,0.0
5868,33,2,2050-04-01T00:00:00.0,202.74
5869,34,2,2050-04-01T00:00:00.0,2.1599999999999966
5870,35,2,2050-04-01T00:00:00.0,523.4
5871,31,2,2051-04-01T00:00:00.0,0.0
5872,32,2,2051-04-01T00:00:00.0,0.0
5873,33,2,2051-04-01T00:00:00.0,204.3
5874,34,2,2051-04-01T00:00:00.0,2.1799999999999784
5875,35,2,2051-04-01T00:00:00.0,527.42
5876,31,2,2052-04-01T00:00:00.0,0.0
5877,32,2,2052-04-01T00:00:00.0,0.0
5878,33,2,2052-04-01T00:00:00.0,207.31
5879,34,2,2052-04-01T00:00:00.0,2.210000000000008
5880,35,2,2052-04-01T00:00:00.0,535.19
5881,31,2,2053-04-01T00:00:00.0,0.0
5882,32,2,2053-04-01T00:00:00.0,0.0
5883,33,2,2053-04-01T00:00:00.0,209.93
5884,34,2,2053-04-01T00:00:00.0,2.2399999999999807
5885,35,2,2053-04-01T00:00:00.0,541.97
5886,31,2,2054-04-01T00:00:00.0,0.0
5887,32,2,2054-04-01T00:00:00.0,0.0
5888,33,2,2054-04-01T00:00:00.0,212.55
5889,34,2,2054-04-01T00:00:00.0,2.259999999999991
5890,35,2,2054-04-01T00:00:00.0,548.72
5891,36,2,2023-11-01T00:00:00.0,0.0
5892,37,2,2023-11-01T00:00:00.0,0.0
5893,38,2,2023-11-01T00:00:00.0,0.0
5894,39,2,2023-11-01T00:00:00.0,0.0
5895,40,2,2023-11-01T00:00:00.0,0.0
5896,36,2,2024-11-01T00:00:00.0,0.0
5897,37,2,2024-11-01T00:00:00.0,0.0
5898,38,2,2024-11-01T00:00:00.0,0.0
5899,39,2,2024-11-01T00:00:00.0,0.0
5900,40,2,2024-11-01T00:00:00.0,0.0
5901,36,2,2025-11-01T00:00:00.0,0.0
5902,37,2,2025-11-01T00:00:00.0,0.0
5903,38,2,2025-11-01T00:00:00.0,0.0
5904,39,2,2025-11-01T00:00:00.0,0.0
5905,40,2,2025-11-01T00:00:00.0,0.0
5906,36,2,2026-11-01T00:00:00.0,0.0
5907,37,2,2026-11-01T00:00:00.0,0.0
5908,38,2,2026-11-01T00:00:00.0,0.0
5909,39,2,2026-11-01T00:00:00.0,0.0
5910,40,2,2026-11-01T00:00:00.0,0.0
5911,36,2,2027-11-01T00:00:00.0,0.0
5912,37,2,2027-11-01T00:00:00.0,0.0
5913,38,2,2027-11-01T00:00:00.0,0.0
5914,39,2,2027-11-01T00:00:00.0,0.0
5915,40,2,2027-11-01T00:00:00.0,0.0
5916,36,2,2028-11-01T00:00:00.0,0.0
5917,37,2,2028-11-01T00:00:00.0,0.0
5918,38,2,2028-11-01T00:00:00.0,0.0
5919,39,2,2028-11-01T00:00:00.0,0.0
5920,40,2,2028-11-01T00:00:00.0,0.0
5921,36,2,2029-11-01T00:00:00.0,0.0
5922,37,2,2029-11-01T00:00:00.0,0.0
5923,38,2,2029-11-01T00:00:00.0,0.0
5924,39,2,2029-11-01T00:00:00.0,0.0
5925,40,2,2029-11-01T00:00:00.0,0.0
5926,36,2,2030-11-01T00:00:00.0,0.0
5927,37,2,2030-11-01T00:00:00.0,0.0
5928,38,2,2030-11-01T00:00:00.0,0.0
5929,39,2,2030-11-01T00:00:00.0,0.0
5930,40,2,2030-11-01T00:00:00.0,0.0
5931,36,2,2031-11-01T00:00:00.0,0.0
5932,37,2,2031-11-01T00:00:00.0,0.0
5933,38,2,2031-11-01T00:00:00.0,0.0
5934,39,2,2031-11-01T00:00:00.0,0.0
5935,40,2,2031-11-01T00:00:00.0,0.0
5936,36,2,2032-11-01T00:00:00.0,0.0
5937,37,2,2032-11-01T00:00:00.0,0.0
5938,38,2,2032-11-01T00:00:00.0,0.0
5939,39,2,2032-11-01T00:00:00.0,0.0
5940,40,2,2032-11-01T00:00:00.0,0.0
5941,36,2,2033-11-01T00:00:00.0,0.0
5942,37,2,2033-11-01T00:00:00.0,0.0
5943,38,2,2033-11-01T00:00:00.0,0.0
5944,39,2,2033-11-01T00:00:00.0,0.0
5945,40,2,2033-11-01T00:00:00.0,0.0
5946,36,2,2034-11-01T00:00:00.0,0.0
5947,37,2,2034-11-01T00:00:00.0,0.0
5948,38,2,2034-11-01T00:00:00.0,0.0
5949,39,2,2034-11-01T00:00:00.0,0.0
5950,40,2,2034-11-01T00:00:00.0,0.0
5951,36,2,2035-11-01T00:00:00.0,0.0
5952,37,2,2035-11-01T00:00:00.0,0.0
5953,38,2,2035-11-01T00:00:00.0,0.0
5954,39,2,2035-11-01T00:00:00.0,0.0
5955,40,2,2035-11-01T00:00:00.0,0.0
5956,36,2,2036-11-01T00:00:00.0,0.0
5957,37,2,2036-11-01T00:00:00.0,0.0
5958,38,2,2036-11-01T00:00:00.0,0.0
5959,39,2,2036-11-01T00:00:00.0,0.0
5960,40,2,2036-11-01T00:00:00.0,0.0
5961,36,2,2037-11-01T00:00:00.0,0.0
5962,37,2,2037-11-01T00:00:00.0,0.0
5963,38,2,2037-11-01T00:00:00.0,0.0
5964,39,2,2037-11-01T00:00:00.0,0.0
5965,40,2,2037-11-01T00:00:00.0,0.0
5966,36,2,2038-11-01T00:00:00.0,0.0
5967,37,2,2038-11-01T00:00:00.0,0.0
5968,38,2,2038-11-01T00:00:00.0,0.0
5969,39,2,2038-11-01T00:00:00.0,0.0
5970,40,2,2038-11-01T00:00:00.0,0.0
5971,36,2,2039-11-01T00:00:00.0,0.0
5972,37,2,2039-11-01T00:00:00.0,0.0
5973,38,2,2039-11-01T00:00:00.0,0.0
5974,39,2,2039-11-01T00:00:00.0,0.0
5975,40,2,2039-11-01T00:00:00.0,0.0
5976,36,2,2040-11-01T00:00:00.0,0.0
5977,37,2,2040-11-01T00:00:00.0,0.0
5978,38,2,2040-11-01T00:00:00.0,0.0
5979,39,2,2040-11-01T00:00:00.0,0.0
5980,40,2,2040-11-01T00:00:00.0,0.0
5981,36,2,2041-11-01T00:00:00.0,0.0
5982,37,2,2041-11-01T00:00:00.0,0.0
5983,38,2,2041-11-01T00:00:00.0,0.0
5984,39,2,2041-11-01T00:00:00.0,0.0
5985,40,2,2041-11-01T00:00:00.0,0.0
5986,36,2,2042-11-01T00:00:00.0,0.0
5987,37,2,2042-11-01T00:00:00.0,0.0
5988,38,2,2042-11-01T00:00:00.0,0.0
5989,39,2,2042-11-01T00:00:00.0,0.0
5990,40,2,2042-11-01T00:00:00.0,0.0
5991,36,2,2043-11-01T00:00:00.0,0.0
5992,37,2,2043-11-01T00:00:00.0,0.0
5993,38,2,2043-11-01T00:00:00.0,0.0
5994,39,2,2043-11-01T00:00:00.0,0.0
5995,40,2,2043-11-01T00:00:00.0,0.0
5996,36,2,2044-11-01T00:00:00.0,0.0
5997,37,2,2044-11-01T00:00:00.0,0.0
5998,38,2,2044-11-01T00:00:00.0,0.0
5999,39,2,2044-11-01T00:00:00.0,0.0
6000,40,2,2044-11-01T00:00:00.0,0.0
6001,36,2,2045-11-01T00:00:00.0,0.0
6002,37,2,2045-11-01T00:00:00.0,0.0
6003,38,2,2045-11-01T00:00:00.0,0.0
6004,39,2,2045-11-01T00:00:00.0,0.0
6005,40,2,2045-11-01T00:00:00.0,0.0
6006,36,2,2046-11-01T00:00:00.0,0.0
6007,37,2,2046-11-01T00:00:00.0,0.0
6008,38,2,2046-11-01T00:00:00.0,0.0
6009,39,2,2046-11-01T00:00:00.0,0.0
6010,40,2,2046-11-01T00:00:00.0,0.0
6011,36,2,2047-11-01T00:00:00.0,0.0
6012,37,2,2047-11-01T00:00:00.0,0.0
6013,38,2,2047-11-01T00:00:00.0,0.0
6014,39,2,2047-11-01T00:00:00.0,0.0
6015,40,2,2047-11-01T00:00:00.0,0.0
6016,36,2,2048-11-01T00:00:00.0,0.0
6017,37,2,2048-11-01T00:00:00.0,0.0
6018,38,2,2048-11-01T00:00:00.0,0.0
6019,39,2,2048-11-01T00:00:00.0,0.0
6020,40,2,2048-11-01T00:00:00.0,0.0
6021,36,2,2049-11-01T00:00:00.0,0.0
6022,37,2,2049-11-01T00:00:00.0,0.0
6023,38,2,2049-11-01T00:00:00.0,0.0
6024,39,2,2049-11-01T00:00:00.0,0.0
6025,40,2,2049-11-01T00:00:00.0,0.0
6026,36,2,2050-11-01T00:00:00.0,0.0
6027,37,2,2050-11-01T00:00:00.0,0.0
6028,38,2,2050-11-01T00:00:00.0,0.0
6029,39,2,2050-11-01T00:00:00.0,0.0
6030,40,2,2050-11-01T00:00:00.0,0.0
6031,36,2,2051-11-01T00:00:00.0,0.0
6032,37,2,2051-11-01T00:00:00.0,0.0
6033,38,2,2051-11-01T00:00:00.0,0.0
6034,39,2,2051-11-01T00:00:00.0,0.0
6035,40,2,2051-11-01T00:00:00.0,0.0
6036,36,2,2052-11-01T00:00:00.0,0.0
6037,37,2,2052-11-01T00:00:00.0,0.0
6038,38,2,2052-11-01T00:00:00.0,0.0
6039,39,2,2052-11-01T00:00:00.0,0.0
6040,40,2,2052-11-01T00:00:00.0,0.0
6041,36,2,2053-11-01T00:00:00.0,0.0
6042,37,2,2053-11-01T00:00:00.0,0.0
6043,38,2,2053-11-01T00:00:00.0,0.0
6044,39,2,2053-11-01T00:00:00.0,0.0
6045,40,2,2053-11-01T00:00:00.0,0.0
6046,36,2,2024-04-01T00:00:00.0,0.0
6047,37,2,2024-04-01T00:00:00.0,0.0
6048,38,2,2024-04-01T00:00:00.0,0.0
6049,39,2,2024-04-01T00:00:00.0,0.0
6050,40,2,2024-04-01T00:00:00.0,0.0
6051,36,2,2025-04-01T00:00:00.0,0.0
6052,37,2,2025-04-01T00:00:00.0,0.0
6053,38,2,2025-04-01T00:00:00.0,0.0
6054,39,2,2025-04-01T00:00:00.0,0.0
6055,40,2,2025-04-01T00:00:00.0,0.0
6056,36,2,2026-04-01T00:00:00.0,0.0
6057,37,2,2026-04-01T00:00:00.0,0.0
6058,38,2,2026-04-01T00:00:00.0,0.0
6059,39,2,2026-04-01T00:00:00.0,0.0
6060,40,2,2026-04-01T00:00:00.0,0.0
6061,36,2,2027-04-01T00:00:00.0,0.0
6062,37,2,2027-04-01T00:00:00.0,0.0
6063,38,2,2027-04-01T00:00:00.0,0.0
6064,39,2,2027-04-01T00:00:00.0,0.0
6065,40,2,2027-04-01T00:00:00.0,0.0
6066,36,2,2028-04-01T00:00:00.0,0.0
6067,37,2,2028-04-01T00:00:00.0,0.0
6068,38,2,2028-04-01T00:00:00.0,0.0
6069,39,2,2028-04-01T00:00:00.0,0.0
6070,40,2,2028-04-01T00:00:00.0,0.0
6071,36,2,2029-04-01T00:00:00.0,0.0
6072,37,2,2029-04-01T00:00:00.0,0.0
6073,38,2,2029-04-01T00:00:00.0,0.0
6074,39,2,2029-04-01T00:00:00.0,0.0
6075,40,2,2029-04-01T00:00:00.0,0.0
6076,36,2,2030-04-01T00:00:00.0,0.0
6077,37,2,2030-04-01T00:00:00.0,0.0
6078,38,2,2030-04-01T00:00:00.0,0.0
6079,39,2,2030-04-01T00:00:00.0,0.0
6080,40,2,2030-04-01T00:00:00.0,0.0
6081,36,2,2031-04-01T00:00:00.0,0.0
6082,37,2,2031-04-01T00:00:00.0,0.0
6083,38,2,2031-04-01T00:00:00.0,0.0
6084,39,2,2031-04-01T00:00:00.0,0.0
6085,40,2,2031-04-01T00:00:00.0,0.0
6086,36,2,2032-04-01T00:00:00.0,0.0
6087,37,2,2032-04-01T00:00:00.0,0.0
6088,38,2,2032-04-01T00:00:00.0,0.0
6089,39,2,2032-04-01T00:00:00.0,0.0
6090,40,2,2032-04-01T00:00:00.0,0.0
6091,36,2,2033-04-01T00:00:00.0,0.0
6092,37,2,2033-04-01T00:00:00.0,0.0
6093,38,2,2033-04-01T00:00:00.0,0.0
6094,39,2,2033-04-01T00:00:00.0,0.0
6095,40,2,2033-04-01T00:00:00.0,0.0
6096,36,2,2034-04-01T00:00:00.0,0.0
6097,37,2,2034-04-01T00:00:00.0,0.0
6098,38,2,2034-04-01T00:00:00.0,0.0
6099,39,2,2034-04-01T00:00:00.0,0.0
6100,40,2,2034-04-01T00:00:00.0,0.0
6101,36,2,2035-04-01T00:00:00.0,0.0
6102,37,2,2035-04-01T00:00:00.0,0.0
6103,38,2,2035-04-01T00:00:00.0,0.0
6104,39,2,2035-04-01T00:00:00.0,0.0
6105,40,2,2035-04-01T00:00:00.0,0.0
6106,36,2,2036-04-01T00:00:00.0,0.0
6107,37,2,2036-04-01T00:00:00.0,0.0
6108,38,2,2036-04-01T00:00:00.0,0.0
6109,39,2,2036-04-01T00:00:00.0,0.0
6110,40,2,2036-04-01T00:00:00.0,0.0
6111,36,2,2037-04-01T00:00:00.0,0.0
6112,37,2,2037-04-01T00:00:00.0,0.0
6113,38,2,2037-04-01T00:00:00.0,0.0
6114,39,2,2037-04-01T00:00:00.0,0.0
6115,40,2,2037-04-01T00:00:00.0,0.0
6116,36,2,2038-04-01T00:00:00.0,0.0
6117,37,2,2038-04-01T00:00:00.0,0.0
6118,38,2,2038-04-01T00:00:00.0,0.0
6119,39,2,2038-04-01T00:00:00.0,0.0
6120,40,2,2038-04-01T00:00:00.0,0.0
6121,36,2,2039-04-01T00:00:00.0,0.0
6122,37,2,2039-04-01T00:00:00.0,0.0
6123,38,2,2039-04-01T00:00:00.0,0.0
6124,39,2,2039-04-01T00:00:00.0,0.0
6125,40,2,2039-04-01T00:00:00.0,0.0
6126,36,2,2040-04-01T00:00:00.0,0.0
6127,37,2,2040-04-01T00:00:00.0,0.0
6128,38,2,2040-04-01T00:00:00.0,0.0
6129,39,2,2040-04-01T00:00:00.0,0.0
6130,40,2,2040-04-01T00:00:00.0,0.0
6131,36,2,2041-04-01T00:00:00.0,0.0
6132,37,2,2041-04-01T00:00:00.0,0.0
6133,38,2,2041-04-01T00:00:00.0,0.0
6134,39,2,2041-04-01T00:00:00.0,0.0
6135,40,2,2041-04-01T00:00:00.0,0.0
6136,36,2,2042-04-01T00:00:00.0,0.0
6137,37,2,2042-04-01T00:00:00.0,0.0
6138,38,2,2042-04-01T00:00:00.0,0.0
6139,39,2,2042-04-01T00:00:00.0,0.0
6140,40,2,2042-04-01T00:00:00.0,0.0
6141,36,2,2043-04-01T00:00:00.0,0.0
6142,37,2,2043-04-01T00:00:00.0,0.0
6143,38,2,2043-04-01T00:00:00.0,0.0
6144,39,2,2043-04-01T00:00:00.0,0.0
6145,40,2,2043-04-01T00:00:00.0,0.0
6146,36,2,2044-04-01T00:00:00.0,0.0
6147,37,2,2044-04-01T00:00:00.0,0.0
6148,38,2,2044-04-01T00:00:00.0,0.0
6149,39,2,2044-04-01T00:00:00.0,0.0
6150,40,2,2044-04-01T00:00:00.0,0.0
6151,36,2,2045-04-01T00:00:00.0,0.0
6152,37,2,2045-04-01T00:00:00.0,0.0
6153,38,2,2045-04-01T00:00:00.0,0.0
6154,39,2,2045-04-01T00:00:00.0,0.0
6155,40,2,2045-04-01T00:00:00.0,0.0
6156,36,2,2046-04-01T00:00:00.0,0.0
6157,37,2,2046-04-01T00:00:00.0,0.0
6158,38,2,2046-04-01T00:00:00.0,0.0
6159,39,2,2046-04-01T00:00:00.0,0.0
6160,40,2,2046-04-01T00:00:00.0,0.0
6161,36,2,2047-04-01T00:00:00.0,0.0
6162,37,2,2047-04-01T00:00:00.0,0.0
6163,38,2,2047-04-01T00:00:00.0,0.0
6164,39,2,2047-04-01T00:00:00.0,0.0
6165,40,2,2047-04-01T00:00:00.0,0.0
6166,36,2,2048-04-01T00:00:00.0,0.0
6167,37,2,2048-04-01T00:00:00.0,0.0
6168,38,2,2048-04-01T00:00:00.0,0.0
6169,39,2,2048-04-01T00:00:00.0,0.0
6170,40,2,2048-04-01T00:00:00.0,0.0
6171,36,2,2049-04-01T00:00:00.0,0.0
6172,37,2,2049-04-01T00:00:00.0,0.0
6173,38,2,2049-04-01T00:00:00.0,0.0
6174,39,2,2049-04-01T00:00:00.0,0.0
6175,40,2,2049-04-01T00:00:00.0,0.0
6176,36,2,2050-04-01T00:00:00.0,0.0
6177,37,2,2050-04-01T00:00:00.0,0.0
6178,38,2,2050-04-01T00:00:00.0,0.0
6179,39,2,2050-04-01T00:00:00.0,0.0
6180,40,2,2050-04-01T00:00:00.0,0.0
6181,36,2,2051-04-01T00:00:00.0,0.0
6182,37,2,2051-04-01T00:00:00.0,0.0
6183,38,2,2051-04-01T00:00:00.0,0.0
6184,39,2,2051-04-01T00:00:00.0,0.0
6185,40,2,2051-04-01T00:00:00.0,0.0
6186,36,2,2052-04-01T00:00:00.0,0.0
6187,37,2,2052-04-01T00:00:00.0,0.0
6188,38,2,2052-04-01T00:00:00.0,0.0
6189,39,2,2052-04-01T00:00:00.0,0.0
6190,40,2,2052-04-01T00:00:00.0,0.0
6191,36,2,2053-04-01T00:00:00.0,0.0
6192,37,2,2053-04-01T00:00:00.0,0.0
6193,38,2,2053-04-01T00:00:00.0,0.0
6194,39,2,2053-04-01T00:00:00.0,0.0
6195,40,2,2053-04-01T00:00:00.0,0.0
6196,36,2,2054-04-01T00:00:00.0,0.0
6197,37,2,2054-04-01T00:00:00.0,0.0
6198,38,2,2054-04-01T00:00:00.0,0.0
6199,39,2,2054-04-01T00:00:00.0,0.0
6200,40,2,2054-04-01T00:00:00.0,0.0
6201,41,2,2023-11-01T00:00:00.0,0.0
6202,42,2,2023-11-01T00:00:00.0,0.0
6203,43,2,2023-11-01T00:00:00.0,63.18
6204,44,2,2023-11-01T00:00:00.0,0.0
6205,45,2,2023-11-01T00:00:00.0,194.0
6206,41,2,2024-11-01T00:00:00.0,0.0
6207,42,2,2024-11-01T00:00:00.0,0.0
6208,43,2,2024-11-01T00:00:00.0,65.32
6209,44,2,2024-11-01T00:00:00.0,0.0
6210,45,2,2024-11-01T00:00:00.0,200.55
6211,41,2,2025-11-01T00:00:00.0,0.0
6212,42,2,2025-11-01T00:00:00.0,0.0
6213,43,2,2025-11-01T00:00:00.0,67.98
6214,44,2,2025-11-01T00:00:00.0,0.0
6215,45,2,2025-11-01T00:00:00.0,208.74
6216,41,2,2026-11-01T00:00:00.0,0.0
6217,42,2,2026-11-01T00:00:00.0,0.0
6218,43,2,2026-11-01T00:00:00.0,71.25
6219,44,2,2026-11-01T00:00:00.0,0.0
6220,45,2,2026-11-01T00:00:00.0,218.76
6221,41,2,2027-11-01T00:00:00.0,0.0
6222,42,2,2027-11-01T00:00:00.0,0.0
6223,43,2,2027-11-01T00:00:00.0,74.37
6224,44,2,2027-11-01T00:00:00.0,0.0
6225,45,2,2027-11-01T00:00:00.0,228.33999999999997
6226,41,2,2028-11-01T00:00:00.0,0.0
6227,42,2,2028-11-01T00:00:00.0,0.0
6228,43,2,2028-11-01T00:00:00.0,78.17
6229,44,2,2028-11-01T00:00:00.0,0.0
6230,45,2,2028-11-01T00:00:00.0,240.01999999999998
6231,41,2,2029-11-01T00:00:00.0,0.0
6232,42,2,2029-11-01T00:00:00.0,0.0
6233,43,2,2029-11-01T00:00:00.0,81.93
6234,44,2,2029-11-01T00:00:00.0,0.0
6235,45,2,2029-11-01T00:00:00.0,251.56
6236,41,2,2030-11-01T00:00:00.0,0.0
6237,42,2,2030-11-01T00:00:00.0,0.0
6238,43,2,2030-11-01T00:00:00.0,85.73
6239,44,2,2030-11-01T00:00:00.0,0.0
6240,45,2,2030-11-01T00:00:00.0,263.25
6241,41,2,2031-11-01T00:00:00.0,0.0
6242,42,2,2031-11-01T00:00:00.0,0.0
6243,43,2,2031-11-01T00:00:00.0,90.01
6244,44,2,2031-11-01T00:00:00.0,0.0
6245,45,2,2031-11-01T00:00:00.0,276.37
6246,41,2,2032-11-01T00:00:00.0,0.0
6247,42,2,2032-11-01T00:00:00.0,0.0
6248,43,2,2032-11-01T00:00:00.0,94.0
6249,44,2,2032-11-01T00:00:00.0,0.0
6250,45,2,2032-11-01T00:00:00.0,288.62
6251,41,2,2033-11-01T00:00:00.0,0.0
6252,42,2,2033-11-01T00:00:00.0,0.0
6253,43,2,2033-11-01T00:00:00.0,98.52
6254,44,2,2033-11-01T00:00:00.0,0.0
6255,45,2,2033-11-01T00:00:00.0,302.54
6256,41,2,2034-11-01T00:00:00.0,0.0
6257,42,2,2034-11-01T00:00:00.0,0.0
6258,43,2,2034-11-01T00:00:00.0,102.49
6259,44,2,2034-11-01T00:00:00.0,0.0
6260,45,2,2034-11-01T00:00:00.0,314.71
6261,41,2,2035-11-01T00:00:00.0,0.0
6262,42,2,2035-11-01T00:00:00.0,0.0
6263,43,2,2035-11-01T00:00:00.0,106.3
6264,44,2,2035-11-01T00:00:00.0,0.0
6265,45,2,2035-11-01T00:00:00.0,326.42
6266,41,2,2036-11-01T00:00:00.0,0.0
6267,42,2,2036-11-01T00:00:00.0,0.0
6268,43,2,2036-11-01T00:00:00.0,110.14
6269,44,2,2036-11-01T00:00:00.0,0.0
6270,45,2,2036-11-01T00:00:00.0,338.21000000000004
6271,41,2,2037-11-01T00:00:00.0,0.0
6272,42,2,2037-11-01T00:00:00.0,0.0
6273,43,2,2037-11-01T00:00:00.0,113.84
6274,44,2,2037-11-01T00:00:00.0,0.0
6275,45,2,2037-11-01T00:00:00.0,349.55999999999995
6276,41,2,2038-11-01T00:00:00.0,0.0
6277,42,2,2038-11-01T00:00:00.0,0.0
6278,43,2,2038-11-01T00:00:00.0,117.3
6279,44,2,2038-11-01T00:00:00.0,0.0
6280,45,2,2038-11-01T00:00:00.0,360.19
6281,41,2,2039-11-01T00:00:00.0,0.0
6282,42,2,2039-11-01T00:00:00.0,0.0
6283,43,2,2039-11-01T00:00:00.0,120.59
6284,44,2,2039-11-01T00:00:00.0,0.0
6285,45,2,2039-11-01T00:00:00.0,370.29999999999995
6286,41,2,2040-11-01T00:00:00.0,0.0
6287,42,2,2040-11-01T00:00:00.0,0.0
6288,43,2,2040-11-01T00:00:00.0,124.11
6289,44,2,2040-11-01T00:00:00.0,0.0
6290,45,2,2040-11-01T00:00:00.0,381.09
6291,41,2,2041-11-01T00:00:00.0,0.0
6292,42,2,2041-11-01T00:00:00.0,0.0
6293,43,2,2041-11-01T00:00:00.0,127.1
6294,44,2,2041-11-01T00:00:00.0,0.0
6295,45,2,2041-11-01T00:00:00.0,390.27
6296,41,2,2042-11-01T00:00:00.0,0.0
6297,42,2,2042-11-01T00:00:00.0,0.0
6298,43,2,2042-11-01T00:00:00.0,130.08
6299,44,2,2042-11-01T00:00:00.0,0.0
6300,45,2,2042-11-01T00:00:00.0,399.43999999999994
6301,41,2,2043-11-01T00:00:00.0,0.0
6302,42,2,2043-11-01T00:00:00.0,0.0
6303,43,2,2043-11-01T00:00:00.0,133.03
6304,44,2,2043-11-01T00:00:00.0,0.0
6305,45,2,2043-11-01T00:00:00.0,408.49
6306,41,2,2044-11-01T00:00:00.0,0.0
6307,42,2,2044-11-01T00:00:00.0,0.0
6308,43,2,2044-11-01T00:00:00.0,135.55
6309,44,2,2044-11-01T00:00:00.0,0.0
6310,45,2,2044-11-01T00:00:00.0,416.22999999999996
6311,41,2,2045-11-01T00:00:00.0,0.0
6312,42,2,2045-11-01T00:00:00.0,0.0
6313,43,2,2045-11-01T00:00:00.0,138.21
6314,44,2,2045-11-01T00:00:00.0,0.0
6315,45,2,2045-11-01T00:00:00.0,424.39
6316,41,2,2046-11-01T00:00:00.0,0.0
6317,42,2,2046-11-01T00:00:00.0,0.0
6318,43,2,2046-11-01T00:00:00.0,140.37
6319,44,2,2046-11-01T00:00:00.0,0.0
6320,45,2,2046-11-01T00:00:00.0,431.03999999999996
6321,41,2,2047-11-01T00:00:00.0,0.0
6322,42,2,2047-11-01T00:00:00.0,0.0
6323,43,2,2047-11-01T00:00:00.0,142.87
6324,44,2,2047-11-01T00:00:00.0,0.0
6325,45,2,2047-11-01T00:00:00.0,438.68999999999994
6326,41,2,2048-11-01T00:00:00.0,0.0
6327,42,2,2048-11-01T00:00:00.0,0.0
6328,43,2,2048-11-01T00:00:00.0,145.0
6329,44,2,2048-11-01T00:00:00.0,0.0
6330,45,2,2048-11-01T00:00:00.0,445.23
6331,41,2,2049-11-01T00:00:00.0,0.0
6332,42,2,2049-11-01T00:00:00.0,0.0
6333,43,2,2049-11-01T00:00:00.0,147.09
6334,44,2,2049-11-01T00:00:00.0,0.0
6335,45,2,2049-11-01T00:00:00.0,451.65999999999997
6336,41,2,2050-11-01T00:00:00.0,0.0
6337,42,2,2050-11-01T00:00:00.0,0.0
6338,43,2,2050-11-01T00:00:00.0,148.08
6339,44,2,2050-11-01T00:00:00.0,0.0
6340,45,2,2050-11-01T00:00:00.0,454.68999999999994
6341,41,2,2051-11-01T00:00:00.0,0.0
6342,42,2,2051-11-01T00:00:00.0,0.0
6343,43,2,2051-11-01T00:00:00.0,149.07
6344,44,2,2051-11-01T00:00:00.0,0.0
6345,45,2,2051-11-01T00:00:00.0,457.73999999999995
6346,41,2,2052-11-01T00:00:00.0,0.0
6347,42,2,2052-11-01T00:00:00.0,0.0
6348,43,2,2052-11-01T00:00:00.0,150.13
6349,44,2,2052-11-01T00:00:00.0,0.0
6350,45,2,2052-11-01T00:00:00.0,460.99
6351,41,2,2053-11-01T00:00:00.0,0.0
6352,42,2,2053-11-01T00:00:00.0,0.0
6353,43,2,2053-11-01T00:00:00.0,150.76
6354,44,2,2053-11-01T00:00:00.0,0.0
6355,45,2,2053-11-01T00:00:00.0,462.90999999999997
6356,41,2,2024-04-01T00:00:00.0,0.0
6357,42,2,2024-04-01T00:00:00.0,0.0
6358,43,2,2024-04-01T00:00:00.0,63.18
6359,44,2,2024-04-01T00:00:00.0,0.0
6360,45,2,2024-04-01T00:00:00.0,149.0
6361,41,2,2025-04-01T00:00:00.0,0.0
6362,42,2,2025-04-01T00:00:00.0,0.0
6363,43,2,2025-04-01T00:00:00.0,65.62
6364,44,2,2025-04-01T00:00:00.0,0.0
6365,45,2,2025-04-01T00:00:00.0,154.74
6366,41,2,2026-04-01T00:00:00.0,0.0
6367,42,2,2026-04-01T00:00:00.0,0.0
6368,43,2,2026-04-01T00:00:00.0,69.29
6369,44,2,2026-04-01T00:00:00.0,0.0
6370,45,2,2026-04-01T00:00:00.0,163.39999999999998
6371,41,2,2027-04-01T00:00:00.0,0.0
6372,42,2,2027-04-01T00:00:00.0,0.0
6373,43,2,2027-04-01T00:00:00.0,73.26
6374,44,2,2027-04-01T00:00:00.0,0.0
6375,45,2,2027-04-01T00:00:00.0,172.76
6376,41,2,2028-04-01T00:00:00.0,0.0
6377,42,2,2028-04-01T00:00:00.0,0.0
6378,43,2,2028-04-01T00:00:00.0,77.87
6379,44,2,2028-04-01T00:00:00.0,0.0
6380,45,2,2028-04-01T00:00:00.0,183.64999999999998
6381,41,2,2029-04-01T00:00:00.0,0.0
6382,42,2,2029-04-01T00:00:00.0,0.0
6383,43,2,2029-04-01T00:00:00.0,82.73
6384,44,2,2029-04-01T00:00:00.0,0.0
6385,45,2,2029-04-01T00:00:00.0,195.12
6386,41,2,2030-04-01T00:00:00.0,0.0
6387,42,2,2030-04-01T00:00:00.0,0.0
6388,43,2,2030-04-01T00:00:00.0,87.52
6389,44,2,2030-04-01T00:00:00.0,0.0
6390,45,2,2030-04-01T00:00:00.0,206.40000000000003
6391,41,2,2031-04-01T00:00:00.0,0.0
6392,42,2,2031-04-01T00:00:00.0,0.0
6393,43,2,2031-04-01T00:00:00.0,92.43
6394,44,2,2031-04-01T00:00:00.0,0.0
6395,45,2,2031-04-01T00:00:00.0,217.96999999999997
6396,41,2,2032-04-01T00:00:00.0,0.0
6397,42,2,2032-04-01T00:00:00.0,0.0
6398,43,2,2032-04-01T00:00:00.0,97.69
6399,44,2,2032-04-01T00:00:00.0,0.0
6400,45,2,2032-04-01T00:00:00.0,230.38
6401,41,2,2033-04-01T00:00:00.0,0.0
6402,42,2,2033-04-01T00:00:00.0,0.0
6403,43,2,2033-04-01T00:00:00.0,102.5
6404,44,2,2033-04-01T00:00:00.0,0.0
6405,45,2,2033-04-01T00:00:00.0,241.72000000000003
6406,41,2,2034-04-01T00:00:00.0,0.0
6407,42,2,2034-04-01T00:00:00.0,0.0
6408,43,2,2034-04-01T00:00:00.0,107.28
6409,44,2,2034-04-01T00:00:00.0,0.0
6410,45,2,2034-04-01T00:00:00.0,252.98999999999998
6411,41,2,2035-04-01T00:00:00.0,0.0
6412,42,2,2035-04-01T00:00:00.0,0.0
6413,43,2,2035-04-01T00:00:00.0,111.96
6414,44,2,2035-04-01T00:00:00.0,0.0
6415,45,2,2035-04-01T00:00:00.0,264.04
6416,41,2,2036-04-01T00:00:00.0,0.0
6417,42,2,2036-04-01T00:00:00.0,0.0
6418,43,2,2036-04-01T00:00:00.0,117.49
6419,44,2,2036-04-01T00:00:00.0,0.0
6420,45,2,2036-04-01T00:00:00.0,277.08
6421,41,2,2037-04-01T00:00:00.0,0.0
6422,42,2,2037-04-01T00:00:00.0,0.0
6423,43,2,2037-04-01T00:00:00.0,122.58
6424,44,2,2037-04-01T00:00:00.0,0.0
6425,45,2,2037-04-01T00:00:00.0,289.09000000000003
6426,41,2,2038-04-01T00:00:00.0,0.0
6427,42,2,2038-04-01T00:00:00.0,0.0
6428,43,2,2038-04-01T00:00:00.0,127.45
6429,44,2,2038-04-01T00:00:00.0,0.0
6430,45,2,2038-04-01T00:00:00.0,300.58
6431,41,2,2039-04-01T00:00:00.0,0.0
6432,42,2,2039-04-01T00:00:00.0,0.0
6433,43,2,2039-04-01T00:00:00.0,131.63
6434,44,2,2039-04-01T00:00:00.0,0.0
6435,45,2,2039-04-01T00:00:00.0,310.43
6436,41,2,2040-04-01T00:00:00.0,0.0
6437,42,2,2040-04-01T00:00:00.0,0.0
6438,43,2,2040-04-01T00:00:00.0,135.4
6439,44,2,2040-04-01T00:00:00.0,0.0
6440,45,2,2040-04-01T00:00:00.0,319.32000000000005
6441,41,2,2041-04-01T00:00:00.0,0.0
6442,42,2,2041-04-01T00:00:00.0,0.0
6443,43,2,2041-04-01T00:00:00.0,139.94
6444,44,2,2041-04-01T00:00:00.0,0.0
6445,45,2,2041-04-01T00:00:00.0,330.04
6446,41,2,2042-04-01T00:00:00.0,0.0
6447,42,2,2042-04-01T00:00:00.0,0.0
6448,43,2,2042-04-01T00:00:00.0,144.63
6449,44,2,2042-04-01T00:00:00.0,0.0
6450,45,2,2042-04-01T00:00:00.0,341.08
6451,41,2,2043-04-01T00:00:00.0,0.0
6452,42,2,2043-04-01T00:00:00.0,0.0
6453,43,2,2043-04-01T00:00:00.0,149.23
6454,44,2,2043-04-01T00:00:00.0,0.0
6455,45,2,2043-04-01T00:00:00.0,351.94000000000005
6456,41,2,2044-04-01T00:00:00.0,0.0
6457,42,2,2044-04-01T00:00:00.0,0.0
6458,43,2,2044-04-01T00:00:00.0,152.69
6459,44,2,2044-04-01T00:00:00.0,0.0
6460,45,2,2044-04-01T00:00:00.0,360.09999999999997
6461,41,2,2045-04-01T00:00:00.0,0.0
6462,42,2,2045-04-01T00:00:00.0,0.0
6463,43,2,2045-04-01T00:00:00.0,155.54
6464,44,2,2045-04-01T00:00:00.0,0.0
6465,45,2,2045-04-01T00:00:00.0,366.80000000000007
6466,41,2,2046-04-01T00:00:00.0,0.0
6467,42,2,2046-04-01T00:00:00.0,0.0
6468,43,2,2046-04-01T00:00:00.0,159.1
6469,44,2,2046-04-01T00:00:00.0,0.0
6470,45,2,2046-04-01T00:00:00.0,375.2099999999999
6471,41,2,2047-04-01T00:00:00.0,0.0
6472,42,2,2047-04-01T00:00:00.0,0.0
6473,43,2,2047-04-01T00:00:00.0,163.06
6474,44,2,2047-04-01T00:00:00.0,0.0
6475,45,2,2047-04-01T00:00:00.0,384.56
6476,41,2,2048-04-01T00:00:00.0,0.0
6477,42,2,2048-04-01T00:00:00.0,0.0
6478,43,2,2048-04-01T00:00:00.0,166.82
6479,44,2,2048-04-01T00:00:00.0,0.0
6480,45,2,2048-04-01T00:00:00.0,393.43
6481,41,2,2049-04-01T00:00:00.0,0.0
6482,42,2,2049-04-01T00:00:00.0,0.0
6483,43,2,2049-04-01T00:00:00.0,170.11
6484,44,2,2049-04-01T00:00:00.0,0.0
6485,45,2,2049-04-01T00:00:00.0,401.17999999999995
6486,41,2,2050-04-01T00:00:00.0,0.0
6487,42,2,2050-04-01T00:00:00.0,0.0
6488,43,2,2050-04-01T00:00:00.0,172.86
6489,44,2,2050-04-01T00:00:00.0,0.0
6490,45,2,2050-04-01T00:00:00.0,407.66999999999996
6491,41,2,2051-04-01T00:00:00.0,0.0
6492,42,2,2051-04-01T00:00:00.0,0.0
6493,43,2,2051-04-01T00:00:00.0,172.18
6494,44,2,2051-04-01T00:00:00.0,0.0
6495,45,2,2051-04-01T00:00:00.0,406.06
6496,41,2,2052-04-01T00:00:00.0,0.0
6497,42,2,2052-04-01T00:00:00.0,0.0
6498,43,2,2052-04-01T00:00:00.0,172.79
6499,44,2,2052-04-01T00:00:00.0,0.0
6500,45,2,2052-04-01T00:00:00.0,407.48
6501,41,2,2053-04-01T00:00:00.0,0.0
6502,42,2,2053-04-01T00:00:00.0,0.0
6503,43,2,2053-04-01T00:00:00.0,173.05
6504,44,2,2053-04-01T00:00:00.0,0.0
6505,45,2,2053-04-01T00:00:00.0,408.10999999999996
6506,41,2,2054-04-01T00:00:00.0,0.0
6507,42,2,2054-04-01T00:00:00.0,0.0
6508,43,2,2054-04-01T00:00:00.0,172.97
6509,44,2,2054-04-01T00:00:00.0,0.0
6510,45,2,2054-04-01T00:00:00.0,407.91999999999996
6511,46,2,2023-11-01T00:00:00.0,0.36
6512,47,2,2023-11-01T00:00:00.0,5.59
6513,48,2,2023-11-01T00:00:00.0,0.0
6514,49,2,2023-11-01T00:00:00.0,0.0
6515,50,2,2023-11-01T00:00:00.0,0.0
6516,46,2,2024-11-01T00:00:00.0,0.5
6517,47,2,2024-11-01T00:00:00.0,7.6899999999999995
6518,48,2,2024-11-01T00:00:00.0,0.0
6519,49,2,2024-11-01T00:00:00.0,0.0
6520,50,2,2024-11-01T00:00:00.0,0.0
6521,46,2,2025-11-01T00:00:00.0,0.63
6522,47,2,2025-11-01T00:00:00.0,9.77
6523,48,2,2025-11-01T00:00:00.0,0.0
6524,49,2,2025-11-01T00:00:00.0,0.0
6525,50,2,2025-11-01T00:00:00.0,0.0
6526,46,2,2026-11-01T00:00:00.0,0.78
6527,47,2,2026-11-01T00:00:00.0,12.030000000000001
6528,48,2,2026-11-01T00:00:00.0,0.0
6529,49,2,2026-11-01T00:00:00.0,0.0
6530,50,2,2026-11-01T00:00:00.0,0.0
6531,46,2,2027-11-01T00:00:00.0,0.91
6532,47,2,2027-11-01T00:00:00.0,14.16
6533,48,2,2027-11-01T00:00:00.0,0.0
6534,49,2,2027-11-01T00:00:00.0,0.0
6535,50,2,2027-11-01T00:00:00.0,0.0
6536,46,2,2028-11-01T00:00:00.0,1.05
6537,47,2,2028-11-01T00:00:00.0,16.27
6538,48,2,2028-11-01T00:00:00.0,0.0
6539,49,2,2028-11-01T00:00:00.0,0.0
6540,50,2,2028-11-01T00:00:00.0,0.0
6541,46,2,2029-11-01T00:00:00.0,1.18
6542,47,2,2029-11-01T00:00:00.0,18.37
6543,48,2,2029-11-01T00:00:00.0,0.0
6544,49,2,2029-11-01T00:00:00.0,0.0
6545,50,2,2029-11-01T00:00:00.0,0.0
6546,46,2,2030-11-01T00:00:00.0,1.34
6547,47,2,2030-11-01T00:00:00.0,20.73
6548,48,2,2030-11-01T00:00:00.0,0.0
6549,49,2,2030-11-01T00:00:00.0,0.0
6550,50,2,2030-11-01T00:00:00.0,0.0
6551,46,2,2031-11-01T00:00:00.0,1.52
6552,47,2,2031-11-01T00:00:00.0,23.57
6553,48,2,2031-11-01T00:00:00.0,0.0
6554,49,2,2031-11-01T00:00:00.0,0.0
6555,50,2,2031-11-01T00:00:00.0,0.0
6556,46,2,2032-11-01T00:00:00.0,1.71
6557,47,2,2032-11-01T00:00:00.0,26.509999999999998
6558,48,2,2032-11-01T00:00:00.0,0.0
6559,49,2,2032-11-01T00:00:00.0,0.0
6560,50,2,2032-11-01T00:00:00.0,0.0
6561,46,2,2033-11-01T00:00:00.0,1.88
6562,47,2,2033-11-01T00:00:00.0,29.27
6563,48,2,2033-11-01T00:00:00.0,0.0
6564,49,2,2033-11-01T00:00:00.0,0.0
6565,50,2,2033-11-01T00:00:00.0,0.0
6566,46,2,2034-11-01T00:00:00.0,2.05
6567,47,2,2034-11-01T00:00:00.0,31.8
6568,48,2,2034-11-01T00:00:00.0,0.0
6569,49,2,2034-11-01T00:00:00.0,0.0
6570,50,2,2034-11-01T00:00:00.0,0.0
6571,46,2,2035-11-01T00:00:00.0,2.21
6572,47,2,2035-11-01T00:00:00.0,34.28
6573,48,2,2035-11-01T00:00:00.0,0.0
6574,49,2,2035-11-01T00:00:00.0,0.0
6575,50,2,2035-11-01T00:00:00.0,-0.010000000000005116
6576,46,2,2036-11-01T00:00:00.0,2.38
6577,47,2,2036-11-01T00:00:00.0,36.9
6578,48,2,2036-11-01T00:00:00.0,0.0
6579,49,2,2036-11-01T00:00:00.0,0.0
6580,50,2,2036-11-01T00:00:00.0,0.0
6581,46,2,2037-11-01T00:00:00.0,2.55
6582,47,2,2037-11-01T00:00:00.0,39.540000000000006
6583,48,2,2037-11-01T00:00:00.0,0.0
6584,49,2,2037-11-01T00:00:00.0,0.0
6585,50,2,2037-11-01T00:00:00.0,0.0
6586,46,2,2038-11-01T00:00:00.0,2.7
6587,47,2,2038-11-01T00:00:00.0,41.849999999999994
6588,48,2,2038-11-01T00:00:00.0,0.0
6589,49,2,2038-11-01T00:00:00.0,0.0
6590,50,2,2038-11-01T00:00:00.0,0.0
6591,46,2,2039-11-01T00:00:00.0,2.83
6592,47,2,2039-11-01T00:00:00.0,44.0
6593,48,2,2039-11-01T00:00:00.0,0.0
6594,49,2,2039-11-01T00:00:00.0,0.0
6595,50,2,2039-11-01T00:00:00.0,0.0
6596,46,2,2040-11-01T00:00:00.0,2.98
6597,47,2,2040-11-01T00:00:00.0,46.260000000000005
6598,48,2,2040-11-01T00:00:00.0,0.0
6599,49,2,2040-11-01T00:00:00.0,0.0
6600,50,2,2040-11-01T00:00:00.0,-0.010000000000005116
6601,46,2,2041-11-01T00:00:00.0,3.14
6602,47,2,2041-11-01T00:00:00.0,48.8
6603,48,2,2041-11-01T00:00:00.0,0.0
6604,49,2,2041-11-01T00:00:00.0,0.0
6605,50,2,2041-11-01T00:00:00.0,0.0
6606,46,2,2042-11-01T00:00:00.0,3.32
6607,47,2,2042-11-01T00:00:00.0,51.58
6608,48,2,2042-11-01T00:00:00.0,0.0
6609,49,2,2042-11-01T00:00:00.0,0.0
6610,50,2,2042-11-01T00:00:00.0,0.0
6611,46,2,2043-11-01T00:00:00.0,3.49
6612,47,2,2043-11-01T00:00:00.0,54.269999999999996
6613,48,2,2043-11-01T00:00:00.0,0.0
6614,49,2,2043-11-01T00:00:00.0,0.0
6615,50,2,2043-11-01T00:00:00.0,-0.00999999999999801
6616,46,2,2044-11-01T00:00:00.0,3.64
6617,47,2,2044-11-01T00:00:00.0,56.56
6618,48,2,2044-11-01T00:00:00.0,0.0
6619,49,2,2044-11-01T00:00:00.0,0.0
6620,50,2,2044-11-01T00:00:00.0,0.0
6621,46,2,2045-11-01T00:00:00.0,3.79
6622,47,2,2045-11-01T00:00:00.0,58.82
6623,48,2,2045-11-01T00:00:00.0,0.0
6624,49,2,2045-11-01T00:00:00.0,0.0
6625,50,2,2045-11-01T00:00:00.0,0.0
6626,46,2,2046-11-01T00:00:00.0,3.92
6627,47,2,2046-11-01T00:00:00.0,60.92999999999999
6628,48,2,2046-11-01T00:00:00.0,0.0
6629,49,2,2046-11-01T00:00:00.0,0.0
6630,50,2,2046-11-01T00:00:00.0,0.0
6631,46,2,2047-11-01T00:00:00.0,4.05
6632,47,2,2047-11-01T00:00:00.0,62.870000000000005
6633,48,2,2047-11-01T00:00:00.0,0.0
6634,49,2,2047-11-01T00:00:00.0,0.0
6635,50,2,2047-11-01T00:00:00.0,0.0
6636,46,2,2048-11-01T00:00:00.0,4.2
6637,47,2,2048-11-01T00:00:00.0,65.17999999999999
6638,48,2,2048-11-01T00:00:00.0,0.0
6639,49,2,2048-11-01T00:00:00.0,0.0
6640,50,2,2048-11-01T00:00:00.0,0.0
6641,46,2,2049-11-01T00:00:00.0,4.31
6642,47,2,2049-11-01T00:00:00.0,66.96
6643,48,2,2049-11-01T00:00:00.0,0.0
6644,49,2,2049-11-01T00:00:00.0,0.0
6645,50,2,2049-11-01T00:00:00.0,0.0
6646,46,2,2050-11-01T00:00:00.0,4.25
6647,47,2,2050-11-01T00:00:00.0,65.92
6648,48,2,2050-11-01T00:00:00.0,0.0
6649,49,2,2050-11-01T00:00:00.0,0.0
6650,50,2,2050-11-01T00:00:00.0,-0.010000000000005116
6651,46,2,2051-11-01T00:00:00.0,4.16
6652,47,2,2051-11-01T00:00:00.0,64.66
6653,48,2,2051-11-01T00:00:00.0,0.0
6654,49,2,2051-11-01T00:00:00.0,0.0
6655,50,2,2051-11-01T00:00:00.0,0.0
6656,46,2,2052-11-01T00:00:00.0,4.09
6657,47,2,2052-11-01T00:00:00.0,63.58
6658,48,2,2052-11-01T00:00:00.0,0.0
6659,49,2,2052-11-01T00:00:00.0,0.0
6660,50,2,2052-11-01T00:00:00.0,-0.010000000000005116
6661,46,2,2053-11-01T00:00:00.0,4.07
6662,47,2,2053-11-01T00:00:00.0,63.26
6663,48,2,2053-11-01T00:00:00.0,0.0
6664,49,2,2053-11-01T00:00:00.0,0.0
6665,50,2,2053-11-01T00:00:00.0,0.0
6666,46,2,2024-04-01T00:00:00.0,0.36
6667,47,2,2024-04-01T00:00:00.0,5.59
6668,48,2,2024-04-01T00:00:00.0,0.0
6669,49,2,2024-04-01T00:00:00.0,0.0
6670,50,2,2024-04-01T00:00:00.0,0.0
6671,46,2,2025-04-01T00:00:00.0,0.53
6672,47,2,2025-04-01T00:00:00.0,8.200000000000001
6673,48,2,2025-04-01T00:00:00.0,0.0
6674,49,2,2025-04-01T00:00:00.0,0.0
6675,50,2,2025-04-01T00:00:00.0,0.0
6676,46,2,2026-04-01T00:00:00.0,0.7
6677,47,2,2026-04-01T00:00:00.0,10.940000000000001
6678,48,2,2026-04-01T00:00:00.0,0.0
6679,49,2,2026-04-01T00:00:00.0,0.0
6680,50,2,2026-04-01T00:00:00.0,0.0
6681,46,2,2027-04-01T00:00:00.0,0.88
6682,47,2,2027-04-01T00:00:00.0,13.68
6683,48,2,2027-04-01T00:00:00.0,0.0
6684,49,2,2027-04-01T00:00:00.0,0.0
6685,50,2,2027-04-01T00:00:00.0,0.0
6686,46,2,2028-04-01T00:00:00.0,1.05
6687,47,2,2028-04-01T00:00:00.0,16.38
6688,48,2,2028-04-01T00:00:00.0,0.0
6689,49,2,2028-04-01T00:00:00.0,0.0
6690,50,2,2028-04-01T00:00:00.0,0.0
6691,46,2,2029-04-01T00:00:00.0,1.23
6692,47,2,2029-04-01T00:00:00.0,19.06
6693,48,2,2029-04-01T00:00:00.0,0.0
6694,49,2,2029-04-01T00:00:00.0,0.0
6695,50,2,2029-04-01T00:00:00.0,0.0
6696,46,2,2030-04-01T00:00:00.0,1.4
6697,47,2,2030-04-01T00:00:00.0,21.770000000000003
6698,48,2,2030-04-01T00:00:00.0,0.0
6699,49,2,2030-04-01T00:00:00.0,0.0
6700,50,2,2030-04-01T00:00:00.0,0.0
6701,46,2,2031-04-01T00:00:00.0,1.59
6702,47,2,2031-04-01T00:00:00.0,24.69
6703,48,2,2031-04-01T00:00:00.0,0.0
6704,49,2,2031-04-01T00:00:00.0,0.0
6705,50,2,2031-04-01T00:00:00.0,0.0
6706,46,2,2032-04-01T00:00:00.0,1.81
6707,47,2,2032-04-01T00:00:00.0,28.110000000000003
6708,48,2,2032-04-01T00:00:00.0,0.0
6709,49,2,2032-04-01T00:00:00.0,0.0
6710,50,2,2032-04-01T00:00:00.0,0.0
6711,46,2,2033-04-01T00:00:00.0,2.04
6712,47,2,2033-04-01T00:00:00.0,31.61
6713,48,2,2033-04-01T00:00:00.0,0.0
6714,49,2,2033-04-01T00:00:00.0,0.0
6715,50,2,2033-04-01T00:00:00.0,0.0
6716,46,2,2034-04-01T00:00:00.0,2.26
6717,47,2,2034-04-01T00:00:00.0,35.09
6718,48,2,2034-04-01T00:00:00.0,0.0
6719,49,2,2034-04-01T00:00:00.0,0.0
6720,50,2,2034-04-01T00:00:00.0,0.0
6721,46,2,2035-04-01T00:00:00.0,2.46
6722,47,2,2035-04-01T00:00:00.0,38.14
6723,48,2,2035-04-01T00:00:00.0,0.0
6724,49,2,2035-04-01T00:00:00.0,0.0
6725,50,2,2035-04-01T00:00:00.0,0.0
6726,46,2,2036-04-01T00:00:00.0,2.66
6727,47,2,2036-04-01T00:00:00.0,41.31999999999999
6728,48,2,2036-04-01T00:00:00.0,0.0
6729,49,2,2036-04-01T00:00:00.0,0.0
6730,50,2,2036-04-01T00:00:00.0,0.010000000000005116
6731,46,2,2037-04-01T00:00:00.0,2.87
6732,47,2,2037-04-01T00:00:00.0,44.52
6733,48,2,2037-04-01T00:00:00.0,0.0
6734,49,2,2037-04-01T00:00:00.0,0.0
6735,50,2,2037-04-01T00:00:00.0,0.0
6736,46,2,2038-04-01T00:00:00.0,3.06
6737,47,2,2038-04-01T00:00:00.0,47.589999999999996
6738,48,2,2038-04-01T00:00:00.0,0.0
6739,49,2,2038-04-01T00:00:00.0,0.0
6740,50,2,2038-04-01T00:00:00.0,0.0
6741,46,2,2039-04-01T00:00:00.0,3.25
6742,47,2,2039-04-01T00:00:00.0,50.41
6743,48,2,2039-04-01T00:00:00.0,0.0
6744,49,2,2039-04-01T00:00:00.0,0.0
6745,50,2,2039-04-01T00:00:00.0,0.0
6746,46,2,2040-04-01T00:00:00.0,3.43
6747,47,2,2040-04-01T00:00:00.0,53.22
6748,48,2,2040-04-01T00:00:00.0,0.0
6749,49,2,2040-04-01T00:00:00.0,0.0
6750,50,2,2040-04-01T00:00:00.0,0.0
6751,46,2,2041-04-01T00:00:00.0,3.62
6752,47,2,2041-04-01T00:00:00.0,56.220000000000006
6753,48,2,2041-04-01T00:00:00.0,0.0
6754,49,2,2041-04-01T00:00:00.0,0.0
6755,50,2,2041-04-01T00:00:00.0,0.0
6756,46,2,2042-04-01T00:00:00.0,3.83
6757,47,2,2042-04-01T00:00:00.0,59.39
6758,48,2,2042-04-01T00:00:00.0,0.0
6759,49,2,2042-04-01T00:00:00.0,0.0
6760,50,2,2042-04-01T00:00:00.0,0.0
6761,46,2,2043-04-01T00:00:00.0,4.04
6762,47,2,2043-04-01T00:00:00.0,62.720000000000006
6763,48,2,2043-04-01T00:00:00.0,0.0
6764,49,2,2043-04-01T00:00:00.0,0.0
6765,50,2,2043-04-01T00:00:00.0,0.0
6766,46,2,2044-04-01T00:00:00.0,4.25
6767,47,2,2044-04-01T00:00:00.0,65.92
6768,48,2,2044-04-01T00:00:00.0,0.0
6769,49,2,2044-04-01T00:00:00.0,0.0
6770,50,2,2044-04-01T00:00:00.0,0.0
6771,46,2,2045-04-01T00:00:00.0,4.43
6772,47,2,2045-04-01T00:00:00.0,68.77000000000001
6773,48,2,2045-04-01T00:00:00.0,0.0
6774,49,2,2045-04-01T00:00:00.0,0.0
6775,50,2,2045-04-01T00:00:00.0,0.0
6776,46,2,2046-04-01T00:00:00.0,4.6
6777,47,2,2046-04-01T00:00:00.0,71.43
6778,48,2,2046-04-01T00:00:00.0,0.0
6779,49,2,2046-04-01T00:00:00.0,0.0
6780,50,2,2046-04-01T00:00:00.0,0.0
6781,46,2,2047-04-01T00:00:00.0,4.77
6782,47,2,2047-04-01T00:00:00.0,74.14
6783,48,2,2047-04-01T00:00:00.0,0.0
6784,49,2,2047-04-01T00:00:00.0,0.0
6785,50,2,2047-04-01T00:00:00.0,0.0
6786,46,2,2048-04-01T00:00:00.0,4.95
6787,47,2,2048-04-01T00:00:00.0,76.89
6788,48,2,2048-04-01T00:00:00.0,0.0
6789,49,2,2048-04-01T00:00:00.0,0.0
6790,50,2,2048-04-01T00:00:00.0,0.0
6791,46,2,2049-04-01T00:00:00.0,5.13
6792,47,2,2049-04-01T00:00:00.0,79.65
6793,48,2,2049-04-01T00:00:00.0,0.0
6794,49,2,2049-04-01T00:00:00.0,0.0
6795,50,2,2049-04-01T00:00:00.0,0.0
6796,46,2,2050-04-01T00:00:00.0,5.3
6797,47,2,2050-04-01T00:00:00.0,82.32000000000001
6798,48,2,2050-04-01T00:00:00.0,0.0
6799,49,2,2050-04-01T00:00:00.0,0.0
6800,50,2,2050-04-01T00:00:00.0,0.0
6801,46,2,2051-04-01T00:00:00.0,5.22
6802,47,2,2051-04-01T00:00:00.0,81.11
6803,48,2,2051-04-01T00:00:00.0,0.0
6804,49,2,2051-04-01T00:00:00.0,0.0
6805,50,2,2051-04-01T00:00:00.0,0.0
6806,46,2,2052-04-01T00:00:00.0,5.15
6807,47,2,2052-04-01T00:00:00.0,79.89999999999999
6808,48,2,2052-04-01T00:00:00.0,0.0
6809,49,2,2052-04-01T00:00:00.0,0.0
6810,50,2,2052-04-01T00:00:00.0,0.0
6811,46,2,2053-04-01T00:00:00.0,5.07
6812,47,2,2053-04-01T00:00:00.0,78.78999999999999
6813,48,2,2053-04-01T00:00:00.0,0.0
6814,49,2,2053-04-01T00:00:00.0,0.0
6815,50,2,2053-04-01T00:00:00.0,0.0
6816,46,2,2054-04-01T00:00:00.0,5.05
6817,47,2,2054-04-01T00:00:00.0,78.48
6818,48,2,2054-04-01T00:00:00.0,0.0
6819,49,2,2054-04-01T00:00:00.0,0.0
6820,50,2,2054-04-01T00:00:00.0,0.010000000000005116
6821,51,2,2023-11-01T00:00:00.0,25.57
6822,52,2,2023-11-01T00:00:00.0,14.43
6823,53,2,2023-11-01T00:00:00.0,3.6300000000000026
6824,54,2,2023-11-01T00:00:00.0,4.939999999999998
6825,55,2,2023-11-01T00:00:00.0,0.0
6826,51,2,2024-11-01T00:00:00.0,27.83
6827,52,2,2024-11-01T00:00:00.0,15.71
6828,53,2,2024-11-01T00:00:00.0,3.950000000000003
6829,54,2,2024-11-01T00:00:00.0,5.3799999999999955
6830,55,2,2024-11-01T00:00:00.0,0.0
6831,51,2,2025-11-01T00:00:00.0,30.34
6832,52,2,2025-11-01T00:00:00.0,17.12
6833,53,2,2025-11-01T00:00:00.0,4.310000000000002
6834,54,2,2025-11-01T00:00:00.0,5.859999999999999
6835,55,2,2025-11-01T00:00:00.0,0.0
6836,51,2,2026-11-01T00:00:00.0,33.09
6837,52,2,2026-11-01T00:00:00.0,18.68
6838,53,2,2026-11-01T00:00:00.0,4.699999999999996
6839,54,2,2026-11-01T00:00:00.0,6.390000000000001
6840,55,2,2026-11-01T00:00:00.0,0.0
6841,51,2,2027-11-01T00:00:00.0,36.08
6842,52,2,2027-11-01T00:00:00.0,20.36
6843,53,2,2027-11-01T00:00:00.0,5.1200000000000045
6844,54,2,2027-11-01T00:00:00.0,6.980000000000004
6845,55,2,2027-11-01T00:00:00.0,0.0
6846,51,2,2028-11-01T00:00:00.0,38.87
6847,52,2,2028-11-01T00:00:00.0,21.93
6848,53,2,2028-11-01T00:00:00.0,5.519999999999996
6849,54,2,2028-11-01T00:00:00.0,7.5
6850,55,2,2028-11-01T00:00:00.0,0.0
6851,51,2,2029-11-01T00:00:00.0,41.89
6852,52,2,2029-11-01T00:00:00.0,23.629999999999995
6853,53,2,2029-11-01T00:00:00.0,5.950000000000003
6854,54,2,2029-11-01T00:00:00.0,8.090000000000003
6855,55,2,2029-11-01T00:00:00.0,0.0
6856,51,2,2030-11-01T00:00:00.0,45.07
6857,52,2,2030-11-01T00:00:00.0,25.440000000000005
6858,53,2,2030-11-01T00:00:00.0,6.3999999999999915
6859,54,2,2030-11-01T00:00:00.0,8.700000000000003
6860,55,2,2030-11-01T00:00:00.0,0.0
6861,51,2,2031-11-01T00:00:00.0,48.18
6862,52,2,2031-11-01T00:00:00.0,27.190000000000005
6863,53,2,2031-11-01T00:00:00.0,6.839999999999989
6864,54,2,2031-11-01T00:00:00.0,9.300000000000011
6865,55,2,2031-11-01T00:00:00.0,0.009999999999990905
6866,51,2,2032-11-01T00:00:00.0,51.29
6867,52,2,2032-11-01T00:00:00.0,28.940000000000005
6868,53,2,2032-11-01T00:00:00.0,7.280000000000001
6869,54,2,2032-11-01T00:00:00.0,9.909999999999997
6870,55,2,2032-11-01T00:00:00.0,0.0
6871,51,2,2033-11-01T00:00:00.0,54.66
6872,52,2,2033-11-01T00:00:00.0,30.840000000000003
6873,53,2,2033-11-01T00:00:00.0,7.760000000000005
6874,54,2,2033-11-01T00:00:00.0,10.559999999999988
6875,55,2,2033-11-01T00:00:00.0,0.0
6876,51,2,2034-11-01T00:00:00.0,58.26
6877,52,2,2034-11-01T00:00:00.0,32.88
6878,53,2,2034-11-01T00:00:00.0,8.269999999999996
6879,54,2,2034-11-01T00:00:00.0,11.25
6880,55,2,2034-11-01T00:00:00.0,0.0
6881,51,2,2035-11-01T00:00:00.0,62.13
6882,52,2,2035-11-01T00:00:00.0,35.059999999999995
6883,53,2,2035-11-01T00:00:00.0,8.820000000000007
6884,54,2,2035-11-01T00:00:00.0,12.0
6885,55,2,2035-11-01T00:00:00.0,0.0
6886,51,2,2036-11-01T00:00:00.0,66.23
6887,52,2,2036-11-01T00:00:00.0,37.379999999999995
6888,53,2,2036-11-01T00:00:00.0,9.400000000000006
6889,54,2,2036-11-01T00:00:00.0,12.799999999999997
6890,55,2,2036-11-01T00:00:00.0,0.0
6891,51,2,2037-11-01T00:00:00.0,70.06
6892,52,2,2037-11-01T00:00:00.0,39.53999999999999
6893,53,2,2037-11-01T00:00:00.0,9.940000000000012
6894,54,2,2037-11-01T00:00:00.0,13.540000000000006
6895,55,2,2037-11-01T00:00:00.0,0.0
6896,51,2,2038-11-01T00:00:00.0,73.77
6897,52,2,2038-11-01T00:00:00.0,41.63000000000001
6898,53,2,2038-11-01T00:00:00.0,10.469999999999999
6899,54,2,2038-11-01T00:00:00.0,14.25
6900,55,2,2038-11-01T00:00:00.0,0.0
6901,51,2,2039-11-01T00:00:00.0,77.17
6902,52,2,2039-11-01T00:00:00.0,43.56
6903,53,2,2039-11-01T00:00:00.0,10.950000000000003
6904,54,2,2039-11-01T00:00:00.0,14.909999999999997
6905,55,2,2039-11-01T00:00:00.0,0.0
6906,51,2,2040-11-01T00:00:00.0,80.76
6907,52,2,2040-11-01T00:00:00.0,45.56999999999999
6908,53,2,2040-11-01T00:00:00.0,11.459999999999994
6909,54,2,2040-11-01T00:00:00.0,15.610000000000014
6910,55,2,2040-11-01T00:00:00.0,0.0
6911,51,2,2041-11-01T00:00:00.0,84.3
6912,52,2,2041-11-01T00:00:00.0,47.57000000000001
6913,53,2,2041-11-01T00:00:00.0,11.960000000000008
6914,54,2,2041-11-01T00:00:00.0,16.289999999999992
6915,55,2,2041-11-01T00:00:00.0,0.0
6916,51,2,2042-11-01T00:00:00.0,87.97
6917,52,2,2042-11-01T00:00:00.0,49.640000000000015
6918,53,2,2042-11-01T00:00:00.0,12.48999999999998
6919,54,2,2042-11-01T00:00:00.0,16.99000000000001
6920,55,2,2042-11-01T00:00:00.0,0.0
6921,51,2,2043-11-01T00:00:00.0,91.24
6922,52,2,2043-11-01T00:00:00.0,51.489999999999995
6923,53,2,2043-11-01T00:00:00.0,12.950000000000017
6924,54,2,2043-11-01T00:00:00.0,17.629999999999995
6925,55,2,2043-11-01T00:00:00.0,0.0
6926,51,2,2044-11-01T00:00:00.0,94.46
6927,52,2,2044-11-01T00:00:00.0,53.3
6928,53,2,2044-11-01T00:00:00.0,13.409999999999997
6929,54,2,2044-11-01T00:00:00.0,18.25
6930,55,2,2044-11-01T00:00:00.0,0.0
6931,51,2,2045-11-01T00:00:00.0,97.15
6932,52,2,2045-11-01T00:00:00.0,54.829999999999984
6933,53,2,2045-11-01T00:00:00.0,13.79000000000002
6934,54,2,2045-11-01T00:00:00.0,18.769999999999982
6935,55,2,2045-11-01T00:00:00.0,0.0
6936,51,2,2046-11-01T00:00:00.0,99.79
6937,52,2,2046-11-01T00:00:00.0,56.32000000000001
6938,53,2,2046-11-01T00:00:00.0,14.159999999999997
6939,54,2,2046-11-01T00:00:00.0,19.28
6940,55,2,2046-11-01T00:00:00.0,0.0
6941,51,2,2047-11-01T00:00:00.0,102.57
6942,52,2,2047-11-01T00:00:00.0,57.890000000000015
6943,53,2,2047-11-01T00:00:00.0,14.560000000000002
6944,54,2,2047-11-01T00:00:00.0,19.819999999999993
6945,55,2,2047-11-01T00:00:00.0,0.0
6946,51,2,2048-11-01T00:00:00.0,105.21
6947,52,2,2048-11-01T00:00:00.0,59.37000000000002
6948,53,2,2048-11-01T00:00:00.0,14.939999999999998
6949,54,2,2048-11-01T00:00:00.0,20.329999999999984
6950,55,2,2048-11-01T00:00:00.0,0.0
6951,51,2,2049-11-01T00:00:00.0,108.11
6952,52,2,2049-11-01T00:00:00.0,61.010000000000005
6953,53,2,2049-11-01T00:00:00.0,15.349999999999994
6954,54,2,2049-11-01T00:00:00.0,20.879999999999995
6955,55,2,2049-11-01T00:00:00.0,0.0
6956,51,2,2050-11-01T00:00:00.0,108.93
6957,52,2,2050-11-01T00:00:00.0,61.47
6958,53,2,2050-11-01T00:00:00.0,15.460000000000008
6959,54,2,2050-11-01T00:00:00.0,21.049999999999983
6960,55,2,2050-11-01T00:00:00.0,0.0
6961,51,2,2051-11-01T00:00:00.0,109.72
6962,52,2,2051-11-01T00:00:00.0,61.91999999999999
6963,53,2,2051-11-01T00:00:00.0,15.570000000000022
6964,54,2,2051-11-01T00:00:00.0,21.19999999999999
6965,55,2,2051-11-01T00:00:00.0,0.0
6966,51,2,2052-11-01T00:00:00.0,110.63
6967,52,2,2052-11-01T00:00:00.0,62.43000000000001
6968,53,2,2052-11-01T00:00:00.0,15.710000000000008
6969,54,2,2052-11-01T00:00:00.0,21.369999999999976
6970,55,2,2052-11-01T00:00:00.0,0.0
6971,51,2,2053-11-01T00:00:00.0,111.46
6972,52,2,2053-11-01T00:00:00.0,62.90000000000002
6973,53,2,2053-11-01T00:00:00.0,15.829999999999984
6974,54,2,2053-11-01T00:00:00.0,21.53
6975,55,2,2053-11-01T00:00:00.0,0.0
6976,51,2,2024-04-01T00:00:00.0,25.57
6977,52,2,2024-04-01T00:00:00.0,14.43
6978,53,2,2024-04-01T00:00:00.0,3.6300000000000026
6979,54,2,2024-04-01T00:00:00.0,4.939999999999998
6980,55,2,2024-04-01T00:00:00.0,0.0
6981,51,2,2025-04-01T00:00:00.0,27.33
6982,52,2,2025-04-01T00:00:00.0,15.420000000000002
6983,53,2,2025-04-01T00:00:00.0,3.8800000000000026
6984,54,2,2025-04-01T00:00:00.0,5.279999999999994
6985,55,2,2025-04-01T00:00:00.0,0.0
6986,51,2,2026-04-01T00:00:00.0,29.45
6987,52,2,2026-04-01T00:00:00.0,16.610000000000003
6988,53,2,2026-04-01T00:00:00.0,4.18
6989,54,2,2026-04-01T00:00:00.0,5.689999999999998
6990,55,2,2026-04-01T00:00:00.0,0.0
6991,51,2,2027-04-01T00:00:00.0,31.9
6992,52,2,2027-04-01T00:00:00.0,17.990000000000002
6993,53,2,2027-04-01T00:00:00.0,4.530000000000001
6994,54,2,2027-04-01T00:00:00.0,6.159999999999997
6995,55,2,2027-04-01T00:00:00.0,0.0
6996,51,2,2028-04-01T00:00:00.0,34.26
6997,52,2,2028-04-01T00:00:00.0,19.330000000000005
6998,53,2,2028-04-01T00:00:00.0,4.869999999999997
6999,54,2,2028-04-01T00:00:00.0,6.609999999999992
7000,55,2,2028-04-01T00:00:00.0,0.0
7001,51,2,2029-04-01T00:00:00.0,36.67
7002,52,2,2029-04-01T00:00:00.0,20.699999999999996
7003,53,2,2029-04-01T00:00:00.0,5.200000000000003
7004,54,2,2029-04-01T00:00:00.0,7.089999999999996
7005,55,2,2029-04-01T00:00:00.0,0.0
7006,51,2,2030-04-01T00:00:00.0,39.13
7007,52,2,2030-04-01T00:00:00.0,22.089999999999996
7008,53,2,2030-04-01T00:00:00.0,5.549999999999997
7009,54,2,2030-04-01T00:00:00.0,7.560000000000002
7010,55,2,2030-04-01T00:00:00.0,0.0
7011,51,2,2031-04-01T00:00:00.0,41.8
7012,52,2,2031-04-01T00:00:00.0,23.590000000000003
7013,53,2,2031-04-01T00:00:00.0,5.939999999999998
7014,54,2,2031-04-01T00:00:00.0,8.070000000000007
7015,55,2,2031-04-01T00:00:00.0,0.0
7016,51,2,2032-04-01T00:00:00.0,44.26
7017,52,2,2032-04-01T00:00:00.0,24.979999999999997
7018,53,2,2032-04-01T00:00:00.0,6.280000000000001
7019,54,2,2032-04-01T00:00:00.0,8.549999999999997
7020,55,2,2032-04-01T00:00:00.0,0.0
7021,51,2,2033-04-01T00:00:00.0,46.76
7022,52,2,2033-04-01T00:00:00.0,26.380000000000003
7023,53,2,2033-04-01T00:00:00.0,6.640000000000001
7024,54,2,2033-04-01T00:00:00.0,9.030000000000001
7025,55,2,2033-04-01T00:00:00.0,0.0
7026,51,2,2034-04-01T00:00:00.0,49.35
7027,52,2,2034-04-01T00:00:00.0,27.85
7028,53,2,2034-04-01T00:00:00.0,7.0
7029,54,2,2034-04-01T00:00:00.0,9.539999999999992
7030,55,2,2034-04-01T00:00:00.0,0.0
7031,51,2,2035-04-01T00:00:00.0,52.51
7032,52,2,2035-04-01T00:00:00.0,29.630000000000003
7033,53,2,2035-04-01T00:00:00.0,7.459999999999994
7034,54,2,2035-04-01T00:00:00.0,10.14
7035,55,2,2035-04-01T00:00:00.0,0.0
7036,51,2,2036-04-01T00:00:00.0,55.84
7037,52,2,2036-04-01T00:00:00.0,31.519999999999996
7038,53,2,2036-04-01T00:00:00.0,7.920000000000002
7039,54,2,2036-04-01T00:00:00.0,10.789999999999992
7040,55,2,2036-04-01T00:00:00.0,0.0
7041,51,2,2037-04-01T00:00:00.0,59.17
7042,52,2,2037-04-01T00:00:00.0,33.39
7043,53,2,2037-04-01T00:00:00.0,8.399999999999991
7044,54,2,2037-04-01T00:00:00.0,11.430000000000007
7045,55,2,2037-04-01T00:00:00.0,0.0
7046,51,2,2038-04-01T00:00:00.0,62.1
7047,52,2,2038-04-01T00:00:00.0,35.04
7048,53,2,2038-04-01T00:00:00.0,8.819999999999993
7049,54,2,2038-04-01T00:00:00.0,11.990000000000009
7050,55,2,2038-04-01T00:00:00.0,0.0
7051,51,2,2039-04-01T00:00:00.0,64.86
7052,52,2,2039-04-01T00:00:00.0,36.61
7053,53,2,2039-04-01T00:00:00.0,9.210000000000008
7054,54,2,2039-04-01T00:00:00.0,12.529999999999987
7055,55,2,2039-04-01T00:00:00.0,0.0
7056,51,2,2040-04-01T00:00:00.0,67.61
7057,52,2,2040-04-01T00:00:00.0,38.150000000000006
7058,53,2,2040-04-01T00:00:00.0,9.599999999999994
7059,54,2,2040-04-01T00:00:00.0,13.059999999999988
7060,55,2,2040-04-01T00:00:00.0,0.0
7061,51,2,2041-04-01T00:00:00.0,70.62
7062,52,2,2041-04-01T00:00:00.0,39.86
7063,53,2,2041-04-01T00:00:00.0,10.019999999999996
7064,54,2,2041-04-01T00:00:00.0,13.639999999999986
7065,55,2,2041-04-01T00:00:00.0,0.010000000000019327
7066,51,2,2042-04-01T00:00:00.0,73.51
7067,52,2,2042-04-01T00:00:00.0,41.47999999999999
7068,53,2,2042-04-01T00:00:00.0,10.430000000000007
7069,54,2,2042-04-01T00:00:00.0,14.200000000000003
7070,55,2,2042-04-01T00:00:00.0,0.0
7071,51,2,2043-04-01T00:00:00.0,76.27
7072,52,2,2043-04-01T00:00:00.0,43.040000000000006
7073,53,2,2043-04-01T00:00:00.0,10.829999999999984
7074,54,2,2043-04-01T00:00:00.0,14.730000000000018
7075,55,2,2043-04-01T00:00:00.0,0.0
7076,51,2,2044-04-01T00:00:00.0,78.68
7077,52,2,2044-04-01T00:00:00.0,44.41
7078,53,2,2044-04-01T00:00:00.0,11.169999999999987
7079,54,2,2044-04-01T00:00:00.0,15.200000000000017
7080,55,2,2044-04-01T00:00:00.0,0.0
7081,51,2,2045-04-01T00:00:00.0,80.97
7082,52,2,2045-04-01T00:00:00.0,45.7
7083,53,2,2045-04-01T00:00:00.0,11.489999999999995
7084,54,2,2045-04-01T00:00:00.0,15.640000000000015
7085,55,2,2045-04-01T00:00:00.0,0.0
7086,51,2,2046-04-01T00:00:00.0,83.39
7087,52,2,2046-04-01T00:00:00.0,47.05999999999999
7088,53,2,2046-04-01T00:00:00.0,11.840000000000003
7089,54,2,2046-04-01T00:00:00.0,16.110000000000014
7090,55,2,2046-04-01T00:00:00.0,0.009999999999990905
7091,51,2,2047-04-01T00:00:00.0,85.58
7092,52,2,2047-04-01T00:00:00.0,48.3
7093,53,2,2047-04-01T00:00:00.0,12.150000000000006
7094,54,2,2047-04-01T00:00:00.0,16.539999999999992
7095,55,2,2047-04-01T00:00:00.0,0.0
7096,51,2,2048-04-01T00:00:00.0,87.41
7097,52,2,2048-04-01T00:00:00.0,49.31999999999999
7098,53,2,2048-04-01T00:00:00.0,12.409999999999997
7099,54,2,2048-04-01T00:00:00.0,16.890000000000015
7100,55,2,2048-04-01T00:00:00.0,0.0
7101,51,2,2049-04-01T00:00:00.0,89.43
7102,52,2,2049-04-01T00:00:00.0,50.47
7103,53,2,2049-04-01T00:00:00.0,12.699999999999989
7104,54,2,2049-04-01T00:00:00.0,17.27000000000001
7105,55,2,2049-04-01T00:00:00.0,0.0
7106,51,2,2050-04-01T00:00:00.0,91.62
7107,52,2,2050-04-01T00:00:00.0,51.69999999999999
7108,53,2,2050-04-01T00:00:00.0,13.0
7109,54,2,2050-04-01T00:00:00.0,17.700000000000017
7110,55,2,2050-04-01T00:00:00.0,0.0
7111,51,2,2051-04-01T00:00:00.0,91.8
7112,52,2,2051-04-01T00:00:00.0,51.8
7113,53,2,2051-04-01T00:00:00.0,13.039999999999992
7114,54,2,2051-04-01T00:00:00.0,17.730000000000018
7115,55,2,2051-04-01T00:00:00.0,0.0
7116,51,2,2052-04-01T00:00:00.0,92.43
7117,52,2,2052-04-01T00:00:00.0,52.16
7118,53,2,2052-04-01T00:00:00.0,13.120000000000005
7119,54,2,2052-04-01T00:00:00.0,17.849999999999994
7120,55,2,2052-04-01T00:00:00.0,0.009999999999990905
7121,51,2,2053-04-01T00:00:00.0,92.64
7122,52,2,2053-04-01T00:00:00.0,52.27999999999999
7123,53,2,2053-04-01T00:00:00.0,13.150000000000006
7124,54,2,2053-04-01T00:00:00.0,17.900000000000006
7125,55,2,2053-04-01T00:00:00.0,0.0
7126,51,2,2054-04-01T00:00:00.0,93.25
7127,52,2,2054-04-01T00:00:00.0,52.629999999999995
7128,53,2,2054-04-01T00:00:00.0,13.230000000000018
7129,54,2,2054-04-01T00:00:00.0,18.019999999999982
7130,55,2,2054-04-01T00:00:00.0,0.0
7131,56,2,2023-11-01T00:00:00.0,0.0
7132,57,2,2023-11-01T00:00:00.0,0.0
7133,58,2,2023-11-01T00:00:00.0,0.0
7134,59,2,2023-11-01T00:00:00.0,0.0
7135,60,2,2023-11-01T00:00:00.0,0.0
7136,56,2,2024-11-01T00:00:00.0,0.0
7137,57,2,2024-11-01T00:00:00.0,0.0
7138,58,2,2024-11-01T00:00:00.0,0.0
7139,59,2,2024-11-01T00:00:00.0,0.0
7140,60,2,2024-11-01T00:00:00.0,0.0
7141,56,2,2025-11-01T00:00:00.0,0.0
7142,57,2,2025-11-01T00:00:00.0,0.0
7143,58,2,2025-11-01T00:00:00.0,0.0
7144,59,2,2025-11-01T00:00:00.0,0.0
7145,60,2,2025-11-01T00:00:00.0,0.0
7146,56,2,2026-11-01T00:00:00.0,0.0
7147,57,2,2026-11-01T00:00:00.0,0.0
7148,58,2,2026-11-01T00:00:00.0,0.0
7149,59,2,2026-11-01T00:00:00.0,0.0
7150,60,2,2026-11-01T00:00:00.0,0.0
7151,56,2,2027-11-01T00:00:00.0,0.0
7152,57,2,2027-11-01T00:00:00.0,0.0
7153,58,2,2027-11-01T00:00:00.0,0.0
7154,59,2,2027-11-01T00:00:00.0,0.0
7155,60,2,2027-11-01T00:00:00.0,0.0
7156,56,2,2028-11-01T00:00:00.0,0.0
7157,57,2,2028-11-01T00:00:00.0,0.0
7158,58,2,2028-11-01T00:00:00.0,0.0
7159,59,2,2028-11-01T00:00:00.0,0.0
7160,60,2,2028-11-01T00:00:00.0,0.0
7161,56,2,2029-11-01T00:00:00.0,0.0
7162,57,2,2029-11-01T00:00:00.0,0.0
7163,58,2,2029-11-01T00:00:00.0,0.0
7164,59,2,2029-11-01T00:00:00.0,0.0
7165,60,2,2029-11-01T00:00:00.0,0.0
7166,56,2,2030-11-01T00:00:00.0,0.0
7167,57,2,2030-11-01T00:00:00.0,0.0
7168,58,2,2030-11-01T00:00:00.0,0.0
7169,59,2,2030-11-01T00:00:00.0,0.0
7170,60,2,2030-11-01T00:00:00.0,0.0
7171,56,2,2031-11-01T00:00:00.0,0.0
7172,57,2,2031-11-01T00:00:00.0,0.0
7173,58,2,2031-11-01T00:00:00.0,0.0
7174,59,2,2031-11-01T00:00:00.0,0.0
7175,60,2,2031-11-01T00:00:00.0,0.0
7176,56,2,2032-11-01T00:00:00.0,0.0
7177,57,2,2032-11-01T00:00:00.0,0.0
7178,58,2,2032-11-01T00:00:00.0,0.0
7179,59,2,2032-11-01T00:00:00.0,0.0
7180,60,2,2032-11-01T00:00:00.0,0.0
7181,56,2,2033-11-01T00:00:00.0,0.0
7182,57,2,2033-11-01T00:00:00.0,0.0
7183,58,2,2033-11-01T00:00:00.0,0.0
7184,59,2,2033-11-01T00:00:00.0,0.0
7185,60,2,2033-11-01T00:00:00.0,0.0
7186,56,2,2034-11-01T00:00:00.0,0.0
7187,57,2,2034-11-01T00:00:00.0,0.0
7188,58,2,2034-11-01T00:00:00.0,0.0
7189,59,2,2034-11-01T00:00:00.0,0.0
7190,60,2,2034-11-01T00:00:00.0,0.0
7191,56,2,2035-11-01T00:00:00.0,0.0
7192,57,2,2035-11-01T00:00:00.0,0.0
7193,58,2,2035-11-01T00:00:00.0,0.0
7194,59,2,2035-11-01T00:00:00.0,0.0
7195,60,2,2035-11-01T00:00:00.0,0.0
7196,56,2,2036-11-01T00:00:00.0,0.0
7197,57,2,2036-11-01T00:00:00.0,0.0
7198,58,2,2036-11-01T00:00:00.0,0.0
7199,59,2,2036-11-01T00:00:00.0,0.0
7200,60,2,2036-11-01T00:00:00.0,0.0
7201,56,2,2037-11-01T00:00:00.0,0.0
7202,57,2,2037-11-01T00:00:00.0,0.0
7203,58,2,2037-11-01T00:00:00.0,0.0
7204,59,2,2037-11-01T00:00:00.0,0.0
7205,60,2,2037-11-01T00:00:00.0,0.0
7206,56,2,2038-11-01T00:00:00.0,0.0
7207,57,2,2038-11-01T00:00:00.0,0.0
7208,58,2,2038-11-01T00:00:00.0,0.0
7209,59,2,2038-11-01T00:00:00.0,0.0
7210,60,2,2038-11-01T00:00:00.0,0.0
7211,56,2,2039-11-01T00:00:00.0,0.0
7212,57,2,2039-11-01T00:00:00.0,0.0
7213,58,2,2039-11-01T00:00:00.0,0.0
7214,59,2,2039-11-01T00:00:00.0,0.0
7215,60,2,2039-11-01T00:00:00.0,0.0
7216,56,2,2040-11-01T00:00:00.0,0.0
7217,57,2,2040-11-01T00:00:00.0,0.0
7218,58,2,2040-11-01T00:00:00.0,0.0
7219,59,2,2040-11-01T00:00:00.0,0.0
7220,60,2,2040-11-01T00:00:00.0,0.0
7221,56,2,2041-11-01T00:00:00.0,0.0
7222,57,2,2041-11-01T00:00:00.0,0.0
7223,58,2,2041-11-01T00:00:00.0,0.0
7224,59,2,2041-11-01T00:00:00.0,0.0
7225,60,2,2041-11-01T00:00:00.0,0.0
7226,56,2,2042-11-01T00:00:00.0,0.0
7227,57,2,2042-11-01T00:00:00.0,0.0
7228,58,2,2042-11-01T00:00:00.0,0.0
7229,59,2,2042-11-01T00:00:00.0,0.0
7230,60,2,2042-11-01T00:00:00.0,0.0
7231,56,2,2043-11-01T00:00:00.0,0.0
7232,57,2,2043-11-01T00:00:00.0,0.0
7233,58,2,2043-11-01T00:00:00.0,0.0
7234,59,2,2043-11-01T00:00:00.0,0.0
7235,60,2,2043-11-01T00:00:00.0,0.0
7236,56,2,2044-11-01T00:00:00.0,0.0
7237,57,2,2044-11-01T00:00:00.0,0.0
7238,58,2,2044-11-01T00:00:00.0,0.0
7239,59,2,2044-11-01T00:00:00.0,0.0
7240,60,2,2044-11-01T00:00:00.0,0.0
7241,56,2,2045-11-01T00:00:00.0,0.0
7242,57,2,2045-11-01T00:00:00.0,0.0
7243,58,2,2045-11-01T00:00:00.0,0.0
7244,59,2,2045-11-01T00:00:00.0,0.0
7245,60,2,2045-11-01T00:00:00.0,0.0
7246,56,2,2046-11-01T00:00:00.0,0.0
7247,57,2,2046-11-01T00:00:00.0,0.0
7248,58,2,2046-11-01T00:00:00.0,0.0
7249,59,2,2046-11-01T00:00:00.0,0.0
7250,60,2,2046-11-01T00:00:00.0,0.0
7251,56,2,2047-11-01T00:00:00.0,0.0
7252,57,2,2047-11-01T00:00:00.0,0.0
7253,58,2,2047-11-01T00:00:00.0,0.0
7254,59,2,2047-11-01T00:00:00.0,0.0
7255,60,2,2047-11-01T00:00:00.0,0.0
7256,56,2,2048-11-01T00:00:00.0,0.0
7257,57,2,2048-11-01T00:00:00.0,0.0
7258,58,2,2048-11-01T00:00:00.0,0.0
7259,59,2,2048-11-01T00:00:00.0,0.0
7260,60,2,2048-11-01T00:00:00.0,0.0
7261,56,2,2049-11-01T00:00:00.0,0.0
7262,57,2,2049-11-01T00:00:00.0,0.0
7263,58,2,2049-11-01T00:00:00.0,0.0
7264,59,2,2049-11-01T00:00:00.0,0.0
7265,60,2,2049-11-01T00:00:00.0,0.0
7266,56,2,2050-11-01T00:00:00.0,0.0
7267,57,2,2050-11-01T00:00:00.0,0.0
7268,58,2,2050-11-01T00:00:00.0,0.0
7269,59,2,2050-11-01T00:00:00.0,0.0
7270,60,2,2050-11-01T00:00:00.0,0.0
7271,56,2,2051-11-01T00:00:00.0,0.0
7272,57,2,2051-11-01T00:00:00.0,0.0
7273,58,2,2051-11-01T00:00:00.0,0.0
7274,59,2,2051-11-01T00:00:00.0,0.0
7275,60,2,2051-11-01T00:00:00.0,0.0
7276,56,2,2052-11-01T00:00:00.0,0.0
7277,57,2,2052-11-01T00:00:00.0,0.0
7278,58,2,2052-11-01T00:00:00.0,0.0
7279,59,2,2052-11-01T00:00:00.0,0.0
7280,60,2,2052-11-01T00:00:00.0,0.0
7281,56,2,2053-11-01T00:00:00.0,0.0
7282,57,2,2053-11-01T00:00:00.0,0.0
7283,58,2,2053-11-01T00:00:00.0,0.0
7284,59,2,2053-11-01T00:00:00.0,0.0
7285,60,2,2053-11-01T00:00:00.0,0.0
7286,56,2,2024-04-01T00:00:00.0,0.0
7287,57,2,2024-04-01T00:00:00.0,0.0
7288,58,2,2024-04-01T00:00:00.0,0.0
7289,59,2,2024-04-01T00:00:00.0,0.0
7290,60,2,2024-04-01T00:00:00.0,0.0
7291,56,2,2025-04-01T00:00:00.0,0.0
7292,57,2,2025-04-01T00:00:00.0,0.0
7293,58,2,2025-04-01T00:00:00.0,0.0
7294,59,2,2025-04-01T00:00:00.0,0.0
7295,60,2,2025-04-01T00:00:00.0,0.0
7296,56,2,2026-04-01T00:00:00.0,0.0
7297,57,2,2026-04-01T00:00:00.0,0.0
7298,58,2,2026-04-01T00:00:00.0,0.0
7299,59,2,2026-04-01T00:00:00.0,0.0
7300,60,2,2026-04-01T00:00:00.0,0.0
7301,56,2,2027-04-01T00:00:00.0,0.0
7302,57,2,2027-04-01T00:00:00.0,0.0
7303,58,2,2027-04-01T00:00:00.0,0.0
7304,59,2,2027-04-01T00:00:00.0,0.0
7305,60,2,2027-04-01T00:00:00.0,0.0
7306,56,2,2028-04-01T00:00:00.0,0.0
7307,57,2,2028-04-01T00:00:00.0,0.0
7308,58,2,2028-04-01T00:00:00.0,0.0
7309,59,2,2028-04-01T00:00:00.0,0.0
7310,60,2,2028-04-01T00:00:00.0,0.0
7311,56,2,2029-04-01T00:00:00.0,0.0
7312,57,2,2029-04-01T00:00:00.0,0.0
7313,58,2,2029-04-01T00:00:00.0,0.0
7314,59,2,2029-04-01T00:00:00.0,0.0
7315,60,2,2029-04-01T00:00:00.0,0.0
7316,56,2,2030-04-01T00:00:00.0,0.0
7317,57,2,2030-04-01T00:00:00.0,0.0
7318,58,2,2030-04-01T00:00:00.0,0.0
7319,59,2,2030-04-01T00:00:00.0,0.0
7320,60,2,2030-04-01T00:00:00.0,0.0
7321,56,2,2031-04-01T00:00:00.0,0.0
7322,57,2,2031-04-01T00:00:00.0,0.0
7323,58,2,2031-04-01T00:00:00.0,0.0
7324,59,2,2031-04-01T00:00:00.0,0.0
7325,60,2,2031-04-01T00:00:00.0,0.0
7326,56,2,2032-04-01T00:00:00.0,0.0
7327,57,2,2032-04-01T00:00:00.0,0.0
7328,58,2,2032-04-01T00:00:00.0,0.0
7329,59,2,2032-04-01T00:00:00.0,0.0
7330,60,2,2032-04-01T00:00:00.0,0.0
7331,56,2,2033-04-01T00:00:00.0,0.0
7332,57,2,2033-04-01T00:00:00.0,0.0
7333,58,2,2033-04-01T00:00:00.0,0.0
7334,59,2,2033-04-01T00:00:00.0,0.0
7335,60,2,2033-04-01T00:00:00.0,0.0
7336,56,2,2034-04-01T00:00:00.0,0.0
7337,57,2,2034-04-01T00:00:00.0,0.0
7338,58,2,2034-04-01T00:00:00.0,0.0
7339,59,2,2034-04-01T00:00:00.0,0.0
7340,60,2,2034-04-01T00:00:00.0,0.0
7341,56,2,2035-04-01T00:00:00.0,0.0
7342,57,2,2035-04-01T00:00:00.0,0.0
7343,58,2,2035-04-01T00:00:00.0,0.0
7344,59,2,2035-04-01T00:00:00.0,0.0
7345,60,2,2035-04-01T00:00:00.0,0.0
7346,56,2,2036-04-01T00:00:00.0,0.0
7347,57,2,2036-04-01T00:00:00.0,0.0
7348,58,2,2036-04-01T00:00:00.0,0.0
7349,59,2,2036-04-01T00:00:00.0,0.0
7350,60,2,2036-04-01T00:00:00.0,0.0
7351,56,2,2037-04-01T00:00:00.0,0.0
7352,57,2,2037-04-01T00:00:00.0,0.0
7353,58,2,2037-04-01T00:00:00.0,0.0
7354,59,2,2037-04-01T00:00:00.0,0.0
7355,60,2,2037-04-01T00:00:00.0,0.0
7356,56,2,2038-04-01T00:00:00.0,0.0
7357,57,2,2038-04-01T00:00:00.0,0.0
7358,58,2,2038-04-01T00:00:00.0,0.0
7359,59,2,2038-04-01T00:00:00.0,0.0
7360,60,2,2038-04-01T00:00:00.0,0.0
7361,56,2,2039-04-01T00:00:00.0,0.0
7362,57,2,2039-04-01T00:00:00.0,0.0
7363,58,2,2039-04-01T00:00:00.0,0.0
7364,59,2,2039-04-01T00:00:00.0,0.0
7365,60,2,2039-04-01T00:00:00.0,0.0
7366,56,2,2040-04-01T00:00:00.0,0.0
7367,57,2,2040-04-01T00:00:00.0,0.0
7368,58,2,2040-04-01T00:00:00.0,0.0
7369,59,2,2040-04-01T00:00:00.0,0.0
7370,60,2,2040-04-01T00:00:00.0,0.0
7371,56,2,2041-04-01T00:00:00.0,0.0
7372,57,2,2041-04-01T00:00:00.0,0.0
7373,58,2,2041-04-01T00:00:00.0,0.0
7374,59,2,2041-04-01T00:00:00.0,0.0
7375,60,2,2041-04-01T00:00:00.0,0.0
7376,56,2,2042-04-01T00:00:00.0,0.0
7377,57,2,2042-04-01T00:00:00.0,0.0
7378,58,2,2042-04-01T00:00:00.0,0.0
7379,59,2,2042-04-01T00:00:00.0,0.0
7380,60,2,2042-04-01T00:00:00.0,0.0
7381,56,2,2043-04-01T00:00:00.0,0.0
7382,57,2,2043-04-01T00:00:00.0,0.0
7383,58,2,2043-04-01T00:00:00.0,0.0
7384,59,2,2043-04-01T00:00:00.0,0.0
7385,60,2,2043-04-01T00:00:00.0,0.0
7386,56,2,2044-04-01T00:00:00.0,0.0
7387,57,2,2044-04-01T00:00:00.0,0.0
7388,58,2,2044-04-01T00:00:00.0,0.0
7389,59,2,2044-04-01T00:00:00.0,0.0
7390,60,2,2044-04-01T00:00:00.0,0.0
7391,56,2,2045-04-01T00:00:00.0,0.0
7392,57,2,2045-04-01T00:00:00.0,0.0
7393,58,2,2045-04-01T00:00:00.0,0.0
7394,59,2,2045-04-01T00:00:00.0,0.0
7395,60,2,2045-04-01T00:00:00.0,0.0
7396,56,2,2046-04-01T00:00:00.0,0.0
7397,57,2,2046-04-01T00:00:00.0,0.0
7398,58,2,2046-04-01T00:00:00.0,0.0
7399,59,2,2046-04-01T00:00:00.0,0.0
7400,60,2,2046-04-01T00:00:00.0,0.0
7401,56,2,2047-04-01T00:00:00.0,0.0
7402,57,2,2047-04-01T00:00:00.0,0.0
7403,58,2,2047-04-01T00:00:00.0,0.0
7404,59,2,2047-04-01T00:00:00.0,0.0
7405,60,2,2047-04-01T00:00:00.0,0.0
7406,56,2,2048-04-01T00:00:00.0,0.0
7407,57,2,2048-04-01T00:00:00.0,0.0
7408,58,2,2048-04-01T00:00:00.0,0.0
7409,59,2,2048-04-01T00:00:00.0,0.0
7410,60,2,2048-04-01T00:00:00.0,0.0
7411,56,2,2049-04-01T00:00:00.0,0.0
7412,57,2,2049-04-01T00:00:00.0,0.0
7413,58,2,2049-04-01T00:00:00.0,0.0
7414,59,2,2049-04-01T00:00:00.0,0.0
7415,60,2,2049-04-01T00:00:00.0,0.0
7416,56,2,2050-04-01T00:00:00.0,0.0
7417,57,2,2050-04-01T00:00:00.0,0.0
7418,58,2,2050-04-01T00:00:00.0,0.0
7419,59,2,2050-04-01T00:00:00.0,0.0
7420,60,2,2050-04-01T00:00:00.0,0.0
7421,56,2,2051-04-01T00:00:00.0,0.0
7422,57,2,2051-04-01T00:00:00.0,0.0
7423,58,2,2051-04-01T00:00:00.0,0.0
7424,59,2,2051-04-01T00:00:00.0,0.0
7425,60,2,2051-04-01T00:00:00.0,0.0
7426,56,2,2052-04-01T00:00:00.0,0.0
7427,57,2,2052-04-01T00:00:00.0,0.0
7428,58,2,2052-04-01T00:00:00.0,0.0
7429,59,2,2052-04-01T00:00:00.0,0.0
7430,60,2,2052-04-01T00:00:00.0,0.0
7431,56,2,2053-04-01T00:00:00.0,0.0
7432,57,2,2053-04-01T00:00:00.0,0.0
7433,58,2,2053-04-01T00:00:00.0,0.0
7434,59,2,2053-04-01T00:00:00.0,0.0
7435,60,2,2053-04-01T00:00:00.0,0.0
7436,56,2,2054-04-01T00:00:00.0,0.0
7437,57,2,2054-04-01T00:00:00.0,0.0
7438,58,2,2054-04-01T00:00:00.0,0.0
7439,59,2,2054-04-01T00:00:00.0,0.0
7440,60,2,2054-04-01T00:00:00.0,0.0
7441,1,3,2023-11-01T00:00:00.0,0.0
7442,2,3,2023-11-01T00:00:00.0,0.0
7443,3,3,2023-11-01T00:00:00.0,0.0
7444,4,3,2023-11-01T00:00:00.0,0.0
7445,5,3,2023-11-01T00:00:00.0,0.0
7446,1,3,2024-11-01T00:00:00.0,0.0
7447,2,3,2024-11-01T00:00:00.0,0.0
7448,3,3,2024-11-01T00:00:00.0,0.0
7449,4,3,2024-11-01T00:00:00.0,0.0
7450,5,3,2024-11-01T00:00:00.0,0.0
7451,1,3,2025-11-01T00:00:00.0,0.0
7452,2,3,2025-11-01T00:00:00.0,0.0
7453,3,3,2025-11-01T00:00:00.0,0.0
7454,4,3,2025-11-01T00:00:00.0,0.0
7455,5,3,2025-11-01T00:00:00.0,0.0
7456,1,3,2026-11-01T00:00:00.0,0.0
7457,2,3,2026-11-01T00:00:00.0,0.0
7458,3,3,2026-11-01T00:00:00.0,0.0
7459,4,3,2026-11-01T00:00:00.0,0.0
7460,5,3,2026-11-01T00:00:00.0,0.0
7461,1,3,2027-11-01T00:00:00.0,0.0
7462,2,3,2027-11-01T00:00:00.0,0.0
7463,3,3,2027-11-01T00:00:00.0,0.0
7464,4,3,2027-11-01T00:00:00.0,0.0
7465,5,3,2027-11-01T00:00:00.0,0.0
7466,1,3,2028-11-01T00:00:00.0,0.0
7467,2,3,2028-11-01T00:00:00.0,0.0
7468,3,3,2028-11-01T00:00:00.0,0.0
7469,4,3,2028-11-01T00:00:00.0,0.0
7470,5,3,2028-11-01T00:00:00.0,0.0
7471,1,3,2029-11-01T00:00:00.0,0.0
7472,2,3,2029-11-01T00:00:00.0,0.0
7473,3,3,2029-11-01T00:00:00.0,0.0
7474,4,3,2029-11-01T00:00:00.0,0.0
7475,5,3,2029-11-01T00:00:00.0,0.0
7476,1,3,2030-11-01T00:00:00.0,0.0
7477,2,3,2030-11-01T00:00:00.0,0.0
7478,3,3,2030-11-01T00:00:00.0,0.0
7479,4,3,2030-11-01T00:00:00.0,0.0
7480,5,3,2030-11-01T00:00:00.0,0.0
7481,1,3,2031-11-01T00:00:00.0,0.0
7482,2,3,2031-11-01T00:00:00.0,0.0
7483,3,3,2031-11-01T00:00:00.0,0.0
7484,4,3,2031-11-01T00:00:00.0,0.0
7485,5,3,2031-11-01T00:00:00.0,0.0
7486,1,3,2032-11-01T00:00:00.0,0.0
7487,2,3,2032-11-01T00:00:00.0,0.0
7488,3,3,2032-11-01T00:00:00.0,0.0
7489,4,3,2032-11-01T00:00:00.0,0.0
7490,5,3,2032-11-01T00:00:00.0,0.0
7491,1,3,2033-11-01T00:00:00.0,0.0
7492,2,3,2033-11-01T00:00:00.0,0.0
7493,3,3,2033-11-01T00:00:00.0,0.0
7494,4,3,2033-11-01T00:00:00.0,0.0
7495,5,3,2033-11-01T00:00:00.0,0.0
7496,1,3,2034-11-01T00:00:00.0,0.0
7497,2,3,2034-11-01T00:00:00.0,0.0
7498,3,3,2034-11-01T00:00:00.0,0.0
7499,4,3,2034-11-01T00:00:00.0,0.0
7500,5,3,2034-11-01T00:00:00.0,0.0
7501,1,3,2035-11-01T00:00:00.0,0.0
7502,2,3,2035-11-01T00:00:00.0,0.0
7503,3,3,2035-11-01T00:00:00.0,0.0
7504,4,3,2035-11-01T00:00:00.0,0.0
7505,5,3,2035-11-01T00:00:00.0,0.0
7506,1,3,2036-11-01T00:00:00.0,0.0
7507,2,3,2036-11-01T00:00:00.0,0.0
7508,3,3,2036-11-01T00:00:00.0,0.0
7509,4,3,2036-11-01T00:00:00.0,0.0
7510,5,3,2036-11-01T00:00:00.0,0.0
7511,1,3,2037-11-01T00:00:00.0,0.0
7512,2,3,2037-11-01T00:00:00.0,0.0
7513,3,3,2037-11-01T00:00:00.0,0.0
7514,4,3,2037-11-01T00:00:00.0,0.0
7515,5,3,2037-11-01T00:00:00.0,0.0
7516,1,3,2038-11-01T00:00:00.0,0.0
7517,2,3,2038-11-01T00:00:00.0,0.0
7518,3,3,2038-11-01T00:00:00.0,0.0
7519,4,3,2038-11-01T00:00:00.0,0.0
7520,5,3,2038-11-01T00:00:00.0,0.0
7521,1,3,2039-11-01T00:00:00.0,0.0
7522,2,3,2039-11-01T00:00:00.0,0.0
7523,3,3,2039-11-01T00:00:00.0,0.0
7524,4,3,2039-11-01T00:00:00.0,0.0
7525,5,3,2039-11-01T00:00:00.0,0.0
7526,1,3,2040-11-01T00:00:00.0,0.0
7527,2,3,2040-11-01T00:00:00.0,0.0
7528,3,3,2040-11-01T00:00:00.0,0.0
7529,4,3,2040-11-01T00:00:00.0,0.0
7530,5,3,2040-11-01T00:00:00.0,0.0
7531,1,3,2041-11-01T00:00:00.0,0.0
7532,2,3,2041-11-01T00:00:00.0,0.0
7533,3,3,2041-11-01T00:00:00.0,0.0
7534,4,3,2041-11-01T00:00:00.0,0.0
7535,5,3,2041-11-01T00:00:00.0,0.0
7536,1,3,2042-11-01T00:00:00.0,0.0
7537,2,3,2042-11-01T00:00:00.0,0.0
7538,3,3,2042-11-01T00:00:00.0,0.0
7539,4,3,2042-11-01T00:00:00.0,0.0
7540,5,3,2042-11-01T00:00:00.0,0.0
7541,1,3,2043-11-01T00:00:00.0,0.0
7542,2,3,2043-11-01T00:00:00.0,0.0
7543,3,3,2043-11-01T00:00:00.0,0.0
7544,4,3,2043-11-01T00:00:00.0,0.0
7545,5,3,2043-11-01T00:00:00.0,0.0
7546,1,3,2044-11-01T00:00:00.0,0.0
7547,2,3,2044-11-01T00:00:00.0,0.0
7548,3,3,2044-11-01T00:00:00.0,0.0
7549,4,3,2044-11-01T00:00:00.0,0.0
7550,5,3,2044-11-01T00:00:00.0,0.0
7551,1,3,2045-11-01T00:00:00.0,0.0
7552,2,3,2045-11-01T00:00:00.0,0.0
7553,3,3,2045-11-01T00:00:00.0,0.0
7554,4,3,2045-11-01T00:00:00.0,0.0
7555,5,3,2045-11-01T00:00:00.0,0.0
7556,1,3,2046-11-01T00:00:00.0,0.0
7557,2,3,2046-11-01T00:00:00.0,0.0
7558,3,3,2046-11-01T00:00:00.0,0.0
7559,4,3,2046-11-01T00:00:00.0,0.0
7560,5,3,2046-11-01T00:00:00.0,0.0
7561,1,3,2047-11-01T00:00:00.0,0.0
7562,2,3,2047-11-01T00:00:00.0,0.0
7563,3,3,2047-11-01T00:00:00.0,0.0
7564,4,3,2047-11-01T00:00:00.0,0.0
7565,5,3,2047-11-01T00:00:00.0,0.0
7566,1,3,2048-11-01T00:00:00.0,0.0
7567,2,3,2048-11-01T00:00:00.0,0.0
7568,3,3,2048-11-01T00:00:00.0,0.0
7569,4,3,2048-11-01T00:00:00.0,0.0
7570,5,3,2048-11-01T00:00:00.0,0.0
7571,1,3,2049-11-01T00:00:00.0,0.0
7572,2,3,2049-11-01T00:00:00.0,0.0
7573,3,3,2049-11-01T00:00:00.0,0.0
7574,4,3,2049-11-01T00:00:00.0,0.0
7575,5,3,2049-11-01T00:00:00.0,0.0
7576,1,3,2050-11-01T00:00:00.0,0.0
7577,2,3,2050-11-01T00:00:00.0,0.0
7578,3,3,2050-11-01T00:00:00.0,0.0
7579,4,3,2050-11-01T00:00:00.0,0.0
7580,5,3,2050-11-01T00:00:00.0,0.0
7581,1,3,2051-11-01T00:00:00.0,0.0
7582,2,3,2051-11-01T00:00:00.0,0.0
7583,3,3,2051-11-01T00:00:00.0,0.0
7584,4,3,2051-11-01T00:00:00.0,0.0
7585,5,3,2051-11-01T00:00:00.0,0.0
7586,1,3,2052-11-01T00:00:00.0,0.0
7587,2,3,2052-11-01T00:00:00.0,0.0
7588,3,3,2052-11-01T00:00:00.0,0.0
7589,4,3,2052-11-01T00:00:00.0,0.0
7590,5,3,2052-11-01T00:00:00.0,0.0
7591,1,3,2053-11-01T00:00:00.0,0.0
7592,2,3,2053-11-01T00:00:00.0,0.0
7593,3,3,2053-11-01T00:00:00.0,0.0
7594,4,3,2053-11-01T00:00:00.0,0.0
7595,5,3,2053-11-01T00:00:00.0,0.0
7596,1,3,2024-04-01T00:00:00.0,0.0
7597,2,3,2024-04-01T00:00:00.0,0.0
7598,3,3,2024-04-01T00:00:00.0,0.0
7599,4,3,2024-04-01T00:00:00.0,0.0
7600,5,3,2024-04-01T00:00:00.0,0.0
7601,1,3,2025-04-01T00:00:00.0,0.0
7602,2,3,2025-04-01T00:00:00.0,0.0
7603,3,3,2025-04-01T00:00:00.0,0.0
7604,4,3,2025-04-01T00:00:00.0,0.0
7605,5,3,2025-04-01T00:00:00.0,0.0
7606,1,3,2026-04-01T00:00:00.0,0.0
7607,2,3,2026-04-01T00:00:00.0,0.0
7608,3,3,2026-04-01T00:00:00.0,0.0
7609,4,3,2026-04-01T00:00:00.0,0.0
7610,5,3,2026-04-01T00:00:00.0,-0.0
7611,1,3,2027-04-01T00:00:00.0,0.0
7612,2,3,2027-04-01T00:00:00.0,0.0
7613,3,3,2027-04-01T00:00:00.0,0.0
7614,4,3,2027-04-01T00:00:00.0,0.0
7615,5,3,2027-04-01T00:00:00.0,0.0
7616,1,3,2028-04-01T00:00:00.0,0.0
7617,2,3,2028-04-01T00:00:00.0,0.0
7618,3,3,2028-04-01T00:00:00.0,0.0
7619,4,3,2028-04-01T00:00:00.0,0.0
7620,5,3,2028-04-01T00:00:00.0,0.0
7621,1,3,2029-04-01T00:00:00.0,0.0
7622,2,3,2029-04-01T00:00:00.0,0.0
7623,3,3,2029-04-01T00:00:00.0,0.0
7624,4,3,2029-04-01T00:00:00.0,0.0
7625,5,3,2029-04-01T00:00:00.0,-0.0
7626,1,3,2030-04-01T00:00:00.0,0.0
7627,2,3,2030-04-01T00:00:00.0,0.0
7628,3,3,2030-04-01T00:00:00.0,0.0
7629,4,3,2030-04-01T00:00:00.0,0.0
7630,5,3,2030-04-01T00:00:00.0,0.0
7631,1,3,2031-04-01T00:00:00.0,0.0
7632,2,3,2031-04-01T00:00:00.0,0.0
7633,3,3,2031-04-01T00:00:00.0,0.0
7634,4,3,2031-04-01T00:00:00.0,0.0
7635,5,3,2031-04-01T00:00:00.0,-0.0
7636,1,3,2032-04-01T00:00:00.0,0.0
7637,2,3,2032-04-01T00:00:00.0,0.0
7638,3,3,2032-04-01T00:00:00.0,0.0
7639,4,3,2032-04-01T00:00:00.0,0.0
7640,5,3,2032-04-01T00:00:00.0,-0.0
7641,1,3,2033-04-01T00:00:00.0,0.0
7642,2,3,2033-04-01T00:00:00.0,0.0
7643,3,3,2033-04-01T00:00:00.0,0.0
7644,4,3,2033-04-01T00:00:00.0,0.0
7645,5,3,2033-04-01T00:00:00.0,-0.0
7646,1,3,2034-04-01T00:00:00.0,0.0
7647,2,3,2034-04-01T00:00:00.0,0.0
7648,3,3,2034-04-01T00:00:00.0,0.0
7649,4,3,2034-04-01T00:00:00.0,0.0
7650,5,3,2034-04-01T00:00:00.0,-0.0
7651,1,3,2035-04-01T00:00:00.0,0.0
7652,2,3,2035-04-01T00:00:00.0,0.0
7653,3,3,2035-04-01T00:00:00.0,0.0
7654,4,3,2035-04-01T00:00:00.0,0.0
7655,5,3,2035-04-01T00:00:00.0,-0.0
7656,1,3,2036-04-01T00:00:00.0,0.0
7657,2,3,2036-04-01T00:00:00.0,0.0
7658,3,3,2036-04-01T00:00:00.0,0.0
7659,4,3,2036-04-01T00:00:00.0,0.0
7660,5,3,2036-04-01T00:00:00.0,-0.0
7661,1,3,2037-04-01T00:00:00.0,0.0
7662,2,3,2037-04-01T00:00:00.0,0.0
7663,3,3,2037-04-01T00:00:00.0,0.0
7664,4,3,2037-04-01T00:00:00.0,0.0
7665,5,3,2037-04-01T00:00:00.0,-0.0
7666,1,3,2038-04-01T00:00:00.0,0.0
7667,2,3,2038-04-01T00:00:00.0,0.0
7668,3,3,2038-04-01T00:00:00.0,0.0
7669,4,3,2038-04-01T00:00:00.0,0.0
7670,5,3,2038-04-01T00:00:00.0,-0.0
7671,1,3,2039-04-01T00:00:00.0,0.0
7672,2,3,2039-04-01T00:00:00.0,0.0
7673,3,3,2039-04-01T00:00:00.0,0.0
7674,4,3,2039-04-01T00:00:00.0,0.0
7675,5,3,2039-04-01T00:00:00.0,-0.0
7676,1,3,2040-04-01T00:00:00.0,0.0
7677,2,3,2040-04-01T00:00:00.0,0.0
7678,3,3,2040-04-01T00:00:00.0,0.0
7679,4,3,2040-04-01T00:00:00.0,0.0
7680,5,3,2040-04-01T00:00:00.0,-0.0
7681,1,3,2041-04-01T00:00:00.0,0.0
7682,2,3,2041-04-01T00:00:00.0,0.0
7683,3,3,2041-04-01T00:00:00.0,0.0
7684,4,3,2041-04-01T00:00:00.0,0.0
7685,5,3,2041-04-01T00:00:00.0,-0.0
7686,1,3,2042-04-01T00:00:00.0,0.0
7687,2,3,2042-04-01T00:00:00.0,0.0
7688,3,3,2042-04-01T00:00:00.0,0.0
7689,4,3,2042-04-01T00:00:00.0,0.0
7690,5,3,2042-04-01T00:00:00.0,-0.0
7691,1,3,2043-04-01T00:00:00.0,0.0
7692,2,3,2043-04-01T00:00:00.0,0.0
7693,3,3,2043-04-01T00:00:00.0,0.0
7694,4,3,2043-04-01T00:00:00.0,0.0
7695,5,3,2043-04-01T00:00:00.0,-0.0
7696,1,3,2044-04-01T00:00:00.0,0.0
7697,2,3,2044-04-01T00:00:00.0,0.0
7698,3,3,2044-04-01T00:00:00.0,0.0
7699,4,3,2044-04-01T00:00:00.0,0.0
7700,5,3,2044-04-01T00:00:00.0,-0.0
7701,1,3,2045-04-01T00:00:00.0,0.0
7702,2,3,2045-04-01T00:00:00.0,0.0
7703,3,3,2045-04-01T00:00:00.0,0.0
7704,4,3,2045-04-01T00:00:00.0,0.0
7705,5,3,2045-04-01T00:00:00.0,-0.0
7706,1,3,2046-04-01T00:00:00.0,0.0
7707,2,3,2046-04-01T00:00:00.0,0.0
7708,3,3,2046-04-01T00:00:00.0,0.0
7709,4,3,2046-04-01T00:00:00.0,0.0
7710,5,3,2046-04-01T00:00:00.0,-0.0
7711,1,3,2047-04-01T00:00:00.0,0.0
7712,2,3,2047-04-01T00:00:00.0,0.0
7713,3,3,2047-04-01T00:00:00.0,0.0
7714,4,3,2047-04-01T00:00:00.0,0.0
7715,5,3,2047-04-01T00:00:00.0,-0.0
7716,1,3,2048-04-01T00:00:00.0,0.0
7717,2,3,2048-04-01T00:00:00.0,0.0
7718,3,3,2048-04-01T00:00:00.0,0.0
7719,4,3,2048-04-01T00:00:00.0,0.0
7720,5,3,2048-04-01T00:00:00.0,-0.0
7721,1,3,2049-04-01T00:00:00.0,0.0
7722,2,3,2049-04-01T00:00:00.0,0.0
7723,3,3,2049-04-01T00:00:00.0,0.0
7724,4,3,2049-04-01T00:00:00.0,0.0
7725,5,3,2049-04-01T00:00:00.0,-0.0
7726,1,3,2050-04-01T00:00:00.0,0.0
7727,2,3,2050-04-01T00:00:00.0,0.0
7728,3,3,2050-04-01T00:00:00.0,0.0
7729,4,3,2050-04-01T00:00:00.0,0.0
7730,5,3,2050-04-01T00:00:00.0,-0.0
7731,1,3,2051-04-01T00:00:00.0,0.0
7732,2,3,2051-04-01T00:00:00.0,0.0
7733,3,3,2051-04-01T00:00:00.0,0.0
7734,4,3,2051-04-01T00:00:00.0,0.0
7735,5,3,2051-04-01T00:00:00.0,-0.0
7736,1,3,2052-04-01T00:00:00.0,0.0
7737,2,3,2052-04-01T00:00:00.0,0.0
7738,3,3,2052-04-01T00:00:00.0,0.0
7739,4,3,2052-04-01T00:00:00.0,0.0
7740,5,3,2052-04-01T00:00:00.0,-0.0
7741,1,3,2053-04-01T00:00:00.0,0.0
7742,2,3,2053-04-01T00:00:00.0,0.0
7743,3,3,2053-04-01T00:00:00.0,0.0
7744,4,3,2053-04-01T00:00:00.0,0.0
7745,5,3,2053-04-01T00:00:00.0,-0.0
7746,1,3,2054-04-01T00:00:00.0,0.0
7747,2,3,2054-04-01T00:00:00.0,0.0
7748,3,3,2054-04-01T00:00:00.0,0.0
7749,4,3,2054-04-01T00:00:00.0,0.0
7750,5,3,2054-04-01T00:00:00.0,-0.0
7751,6,3,2023-11-01T00:00:00.0,0.0
7752,7,3,2023-11-01T00:00:00.0,0.0
7753,8,3,2023-11-01T00:00:00.0,0.0
7754,9,3,2023-11-01T00:00:00.0,0.0
7755,10,3,2023-11-01T00:00:00.0,0.0
7756,6,3,2024-11-01T00:00:00.0,0.0
7757,7,3,2024-11-01T00:00:00.0,0.0
7758,8,3,2024-11-01T00:00:00.0,0.0
7759,9,3,2024-11-01T00:00:00.0,0.0
7760,10,3,2024-11-01T00:00:00.0,0.0
7761,6,3,2025-11-01T00:00:00.0,0.0
7762,7,3,2025-11-01T00:00:00.0,0.0
7763,8,3,2025-11-01T00:00:00.0,0.0
7764,9,3,2025-11-01T00:00:00.0,0.0
7765,10,3,2025-11-01T00:00:00.0,0.0
7766,6,3,2026-11-01T00:00:00.0,0.0
7767,7,3,2026-11-01T00:00:00.0,0.0
7768,8,3,2026-11-01T00:00:00.0,0.0
7769,9,3,2026-11-01T00:00:00.0,0.0
7770,10,3,2026-11-01T00:00:00.0,0.0
7771,6,3,2027-11-01T00:00:00.0,0.0
7772,7,3,2027-11-01T00:00:00.0,0.0
7773,8,3,2027-11-01T00:00:00.0,0.0
7774,9,3,2027-11-01T00:00:00.0,0.0
7775,10,3,2027-11-01T00:00:00.0,0.0
7776,6,3,2028-11-01T00:00:00.0,0.0
7777,7,3,2028-11-01T00:00:00.0,0.0
7778,8,3,2028-11-01T00:00:00.0,0.0
7779,9,3,2028-11-01T00:00:00.0,0.0
7780,10,3,2028-11-01T00:00:00.0,0.0
7781,6,3,2029-11-01T00:00:00.0,0.0
7782,7,3,2029-11-01T00:00:00.0,0.0
7783,8,3,2029-11-01T00:00:00.0,0.0
7784,9,3,2029-11-01T00:00:00.0,0.0
7785,10,3,2029-11-01T00:00:00.0,0.0
7786,6,3,2030-11-01T00:00:00.0,0.0
7787,7,3,2030-11-01T00:00:00.0,0.0
7788,8,3,2030-11-01T00:00:00.0,0.0
7789,9,3,2030-11-01T00:00:00.0,0.0
7790,10,3,2030-11-01T00:00:00.0,0.0
7791,6,3,2031-11-01T00:00:00.0,0.0
7792,7,3,2031-11-01T00:00:00.0,0.0
7793,8,3,2031-11-01T00:00:00.0,0.0
7794,9,3,2031-11-01T00:00:00.0,0.0
7795,10,3,2031-11-01T00:00:00.0,0.0
7796,6,3,2032-11-01T00:00:00.0,0.0
7797,7,3,2032-11-01T00:00:00.0,0.0
7798,8,3,2032-11-01T00:00:00.0,0.0
7799,9,3,2032-11-01T00:00:00.0,0.0
7800,10,3,2032-11-01T00:00:00.0,0.0
7801,6,3,2033-11-01T00:00:00.0,0.0
7802,7,3,2033-11-01T00:00:00.0,0.0
7803,8,3,2033-11-01T00:00:00.0,0.0
7804,9,3,2033-11-01T00:00:00.0,0.0
7805,10,3,2033-11-01T00:00:00.0,0.0
7806,6,3,2034-11-01T00:00:00.0,0.0
7807,7,3,2034-11-01T00:00:00.0,0.0
7808,8,3,2034-11-01T00:00:00.0,0.0
7809,9,3,2034-11-01T00:00:00.0,0.0
7810,10,3,2034-11-01T00:00:00.0,0.0
7811,6,3,2035-11-01T00:00:00.0,0.0
7812,7,3,2035-11-01T00:00:00.0,0.0
7813,8,3,2035-11-01T00:00:00.0,0.0
7814,9,3,2035-11-01T00:00:00.0,0.0
7815,10,3,2035-11-01T00:00:00.0,0.0
7816,6,3,2036-11-01T00:00:00.0,0.0
7817,7,3,2036-11-01T00:00:00.0,0.0
7818,8,3,2036-11-01T00:00:00.0,0.0
7819,9,3,2036-11-01T00:00:00.0,0.0
7820,10,3,2036-11-01T00:00:00.0,0.0
7821,6,3,2037-11-01T00:00:00.0,0.0
7822,7,3,2037-11-01T00:00:00.0,0.0
7823,8,3,2037-11-01T00:00:00.0,0.0
7824,9,3,2037-11-01T00:00:00.0,0.0
7825,10,3,2037-11-01T00:00:00.0,0.0
7826,6,3,2038-11-01T00:00:00.0,0.0
7827,7,3,2038-11-01T00:00:00.0,0.0
7828,8,3,2038-11-01T00:00:00.0,0.0
7829,9,3,2038-11-01T00:00:00.0,0.0
7830,10,3,2038-11-01T00:00:00.0,0.0
7831,6,3,2039-11-01T00:00:00.0,0.0
7832,7,3,2039-11-01T00:00:00.0,0.0
7833,8,3,2039-11-01T00:00:00.0,0.0
7834,9,3,2039-11-01T00:00:00.0,0.0
7835,10,3,2039-11-01T00:00:00.0,0.0
7836,6,3,2040-11-01T00:00:00.0,0.0
7837,7,3,2040-11-01T00:00:00.0,0.0
7838,8,3,2040-11-01T00:00:00.0,0.0
7839,9,3,2040-11-01T00:00:00.0,0.0
7840,10,3,2040-11-01T00:00:00.0,0.0
7841,6,3,2041-11-01T00:00:00.0,0.0
7842,7,3,2041-11-01T00:00:00.0,0.0
7843,8,3,2041-11-01T00:00:00.0,0.0
7844,9,3,2041-11-01T00:00:00.0,0.0
7845,10,3,2041-11-01T00:00:00.0,0.0
7846,6,3,2042-11-01T00:00:00.0,0.0
7847,7,3,2042-11-01T00:00:00.0,0.0
7848,8,3,2042-11-01T00:00:00.0,0.0
7849,9,3,2042-11-01T00:00:00.0,0.0
7850,10,3,2042-11-01T00:00:00.0,0.0
7851,6,3,2043-11-01T00:00:00.0,0.0
7852,7,3,2043-11-01T00:00:00.0,0.0
7853,8,3,2043-11-01T00:00:00.0,0.0
7854,9,3,2043-11-01T00:00:00.0,0.0
7855,10,3,2043-11-01T00:00:00.0,0.0
7856,6,3,2044-11-01T00:00:00.0,0.0
7857,7,3,2044-11-01T00:00:00.0,0.0
7858,8,3,2044-11-01T00:00:00.0,0.0
7859,9,3,2044-11-01T00:00:00.0,0.0
7860,10,3,2044-11-01T00:00:00.0,0.0
7861,6,3,2045-11-01T00:00:00.0,0.0
7862,7,3,2045-11-01T00:00:00.0,0.0
7863,8,3,2045-11-01T00:00:00.0,0.0
7864,9,3,2045-11-01T00:00:00.0,0.0
7865,10,3,2045-11-01T00:00:00.0,0.0
7866,6,3,2046-11-01T00:00:00.0,0.0
7867,7,3,2046-11-01T00:00:00.0,0.0
7868,8,3,2046-11-01T00:00:00.0,0.0
7869,9,3,2046-11-01T00:00:00.0,0.0
7870,10,3,2046-11-01T00:00:00.0,0.0
7871,6,3,2047-11-01T00:00:00.0,0.0
7872,7,3,2047-11-01T00:00:00.0,0.0
7873,8,3,2047-11-01T00:00:00.0,0.0
7874,9,3,2047-11-01T00:00:00.0,0.0
7875,10,3,2047-11-01T00:00:00.0,0.0
7876,6,3,2048-11-01T00:00:00.0,0.0
7877,7,3,2048-11-01T00:00:00.0,0.0
7878,8,3,2048-11-01T00:00:00.0,0.0
7879,9,3,2048-11-01T00:00:00.0,0.0
7880,10,3,2048-11-01T00:00:00.0,0.0
7881,6,3,2049-11-01T00:00:00.0,0.0
7882,7,3,2049-11-01T00:00:00.0,0.0
7883,8,3,2049-11-01T00:00:00.0,0.0
7884,9,3,2049-11-01T00:00:00.0,0.0
7885,10,3,2049-11-01T00:00:00.0,0.0
7886,6,3,2050-11-01T00:00:00.0,0.0
7887,7,3,2050-11-01T00:00:00.0,0.0
7888,8,3,2050-11-01T00:00:00.0,0.0
7889,9,3,2050-11-01T00:00:00.0,0.0
7890,10,3,2050-11-01T00:00:00.0,0.0
7891,6,3,2051-11-01T00:00:00.0,0.0
7892,7,3,2051-11-01T00:00:00.0,0.0
7893,8,3,2051-11-01T00:00:00.0,0.0
7894,9,3,2051-11-01T00:00:00.0,0.0
7895,10,3,2051-11-01T00:00:00.0,0.0
7896,6,3,2052-11-01T00:00:00.0,0.0
7897,7,3,2052-11-01T00:00:00.0,0.0
7898,8,3,2052-11-01T00:00:00.0,0.0
7899,9,3,2052-11-01T00:00:00.0,0.0
7900,10,3,2052-11-01T00:00:00.0,0.0
7901,6,3,2053-11-01T00:00:00.0,0.0
7902,7,3,2053-11-01T00:00:00.0,0.0
7903,8,3,2053-11-01T00:00:00.0,0.0
7904,9,3,2053-11-01T00:00:00.0,0.0
7905,10,3,2053-11-01T00:00:00.0,0.0
7906,6,3,2024-04-01T00:00:00.0,0.0
7907,7,3,2024-04-01T00:00:00.0,0.0
7908,8,3,2024-04-01T00:00:00.0,0.0
7909,9,3,2024-04-01T00:00:00.0,0.0
7910,10,3,2024-04-01T00:00:00.0,0.0
7911,6,3,2025-04-01T00:00:00.0,0.0
7912,7,3,2025-04-01T00:00:00.0,0.0
7913,8,3,2025-04-01T00:00:00.0,0.0
7914,9,3,2025-04-01T00:00:00.0,0.0
7915,10,3,2025-04-01T00:00:00.0,0.0
7916,6,3,2026-04-01T00:00:00.0,0.0
7917,7,3,2026-04-01T00:00:00.0,0.0
7918,8,3,2026-04-01T00:00:00.0,0.0
7919,9,3,2026-04-01T00:00:00.0,0.0
7920,10,3,2026-04-01T00:00:00.0,-0.0
7921,6,3,2027-04-01T00:00:00.0,0.0
7922,7,3,2027-04-01T00:00:00.0,0.0
7923,8,3,2027-04-01T00:00:00.0,0.0
7924,9,3,2027-04-01T00:00:00.0,0.0
7925,10,3,2027-04-01T00:00:00.0,0.0
7926,6,3,2028-04-01T00:00:00.0,0.0
7927,7,3,2028-04-01T00:00:00.0,0.0
7928,8,3,2028-04-01T00:00:00.0,0.0
7929,9,3,2028-04-01T00:00:00.0,0.0
7930,10,3,2028-04-01T00:00:00.0,0.0
7931,6,3,2029-04-01T00:00:00.0,0.0
7932,7,3,2029-04-01T00:00:00.0,0.0
7933,8,3,2029-04-01T00:00:00.0,0.0
7934,9,3,2029-04-01T00:00:00.0,0.0
7935,10,3,2029-04-01T00:00:00.0,-0.0
7936,6,3,2030-04-01T00:00:00.0,0.0
7937,7,3,2030-04-01T00:00:00.0,0.0
7938,8,3,2030-04-01T00:00:00.0,0.0
7939,9,3,2030-04-01T00:00:00.0,0.0
7940,10,3,2030-04-01T00:00:00.0,0.0
7941,6,3,2031-04-01T00:00:00.0,0.0
7942,7,3,2031-04-01T00:00:00.0,0.0
7943,8,3,2031-04-01T00:00:00.0,0.0
7944,9,3,2031-04-01T00:00:00.0,0.0
7945,10,3,2031-04-01T00:00:00.0,-0.0
7946,6,3,2032-04-01T00:00:00.0,0.0
7947,7,3,2032-04-01T00:00:00.0,0.0
7948,8,3,2032-04-01T00:00:00.0,0.0
7949,9,3,2032-04-01T00:00:00.0,0.0
7950,10,3,2032-04-01T00:00:00.0,-0.0
7951,6,3,2033-04-01T00:00:00.0,0.0
7952,7,3,2033-04-01T00:00:00.0,0.0
7953,8,3,2033-04-01T00:00:00.0,0.0
7954,9,3,2033-04-01T00:00:00.0,0.0
7955,10,3,2033-04-01T00:00:00.0,-0.0
7956,6,3,2034-04-01T00:00:00.0,0.0
7957,7,3,2034-04-01T00:00:00.0,0.0
7958,8,3,2034-04-01T00:00:00.0,0.0
7959,9,3,2034-04-01T00:00:00.0,0.0
7960,10,3,2034-04-01T00:00:00.0,-0.0
7961,6,3,2035-04-01T00:00:00.0,0.0
7962,7,3,2035-04-01T00:00:00.0,0.0
7963,8,3,2035-04-01T00:00:00.0,0.0
7964,9,3,2035-04-01T00:00:00.0,0.0
7965,10,3,2035-04-01T00:00:00.0,-0.0
7966,6,3,2036-04-01T00:00:00.0,0.0
7967,7,3,2036-04-01T00:00:00.0,0.0
7968,8,3,2036-04-01T00:00:00.0,0.0
7969,9,3,2036-04-01T00:00:00.0,0.0
7970,10,3,2036-04-01T00:00:00.0,-0.0
7971,6,3,2037-04-01T00:00:00.0,0.0
7972,7,3,2037-04-01T00:00:00.0,0.0
7973,8,3,2037-04-01T00:00:00.0,0.0
7974,9,3,2037-04-01T00:00:00.0,0.0
7975,10,3,2037-04-01T00:00:00.0,-0.0
7976,6,3,2038-04-01T00:00:00.0,0.0
7977,7,3,2038-04-01T00:00:00.0,0.0
7978,8,3,2038-04-01T00:00:00.0,0.0
7979,9,3,2038-04-01T00:00:00.0,0.0
7980,10,3,2038-04-01T00:00:00.0,-0.0
7981,6,3,2039-04-01T00:00:00.0,0.0
7982,7,3,2039-04-01T00:00:00.0,0.0
7983,8,3,2039-04-01T00:00:00.0,0.0
7984,9,3,2039-04-01T00:00:00.0,0.0
7985,10,3,2039-04-01T00:00:00.0,-0.0
7986,6,3,2040-04-01T00:00:00.0,0.0
7987,7,3,2040-04-01T00:00:00.0,0.0
7988,8,3,2040-04-01T00:00:00.0,0.0
7989,9,3,2040-04-01T00:00:00.0,0.0
7990,10,3,2040-04-01T00:00:00.0,-0.0
7991,6,3,2041-04-01T00:00:00.0,0.0
7992,7,3,2041-04-01T00:00:00.0,0.0
7993,8,3,2041-04-01T00:00:00.0,0.0
7994,9,3,2041-04-01T00:00:00.0,0.0
7995,10,3,2041-04-01T00:00:00.0,-0.0
7996,6,3,2042-04-01T00:00:00.0,0.0
7997,7,3,2042-04-01T00:00:00.0,0.0
7998,8,3,2042-04-01T00:00:00.0,0.0
7999,9,3,2042-04-01T00:00:00.0,0.0
8000,10,3,2042-04-01T00:00:00.0,-0.0
8001,6,3,2043-04-01T00:00:00.0,0.0
8002,7,3,2043-04-01T00:00:00.0,0.0
8003,8,3,2043-04-01T00:00:00.0,0.0
8004,9,3,2043-04-01T00:00:00.0,0.0
8005,10,3,2043-04-01T00:00:00.0,-0.0
8006,6,3,2044-04-01T00:00:00.0,0.0
8007,7,3,2044-04-01T00:00:00.0,0.0
8008,8,3,2044-04-01T00:00:00.0,0.0
8009,9,3,2044-04-01T00:00:00.0,0.0
8010,10,3,2044-04-01T00:00:00.0,-0.0
8011,6,3,2045-04-01T00:00:00.0,0.0
8012,7,3,2045-04-01T00:00:00.0,0.0
8013,8,3,2045-04-01T00:00:00.0,0.0
8014,9,3,2045-04-01T00:00:00.0,0.0
8015,10,3,2045-04-01T00:00:00.0,-0.0
8016,6,3,2046-04-01T00:00:00.0,0.0
8017,7,3,2046-04-01T00:00:00.0,0.0
8018,8,3,2046-04-01T00:00:00.0,0.0
8019,9,3,2046-04-01T00:00:00.0,0.0
8020,10,3,2046-04-01T00:00:00.0,-0.0
8021,6,3,2047-04-01T00:00:00.0,0.0
8022,7,3,2047-04-01T00:00:00.0,0.0
8023,8,3,2047-04-01T00:00:00.0,0.0
8024,9,3,2047-04-01T00:00:00.0,0.0
8025,10,3,2047-04-01T00:00:00.0,-0.0
8026,6,3,2048-04-01T00:00:00.0,0.0
8027,7,3,2048-04-01T00:00:00.0,0.0
8028,8,3,2048-04-01T00:00:00.0,0.0
8029,9,3,2048-04-01T00:00:00.0,0.0
8030,10,3,2048-04-01T00:00:00.0,-0.0
8031,6,3,2049-04-01T00:00:00.0,0.0
8032,7,3,2049-04-01T00:00:00.0,0.0
8033,8,3,2049-04-01T00:00:00.0,0.0
8034,9,3,2049-04-01T00:00:00.0,0.0
8035,10,3,2049-04-01T00:00:00.0,-0.0
8036,6,3,2050-04-01T00:00:00.0,0.0
8037,7,3,2050-04-01T00:00:00.0,0.0
8038,8,3,2050-04-01T00:00:00.0,0.0
8039,9,3,2050-04-01T00:00:00.0,0.0
8040,10,3,2050-04-01T00:00:00.0,-0.0
8041,6,3,2051-04-01T00:00:00.0,0.0
8042,7,3,2051-04-01T00:00:00.0,0.0
8043,8,3,2051-04-01T00:00:00.0,0.0
8044,9,3,2051-04-01T00:00:00.0,0.0
8045,10,3,2051-04-01T00:00:00.0,-0.0
8046,6,3,2052-04-01T00:00:00.0,0.0
8047,7,3,2052-04-01T00:00:00.0,0.0
8048,8,3,2052-04-01T00:00:00.0,0.0
8049,9,3,2052-04-01T00:00:00.0,0.0
8050,10,3,2052-04-01T00:00:00.0,-0.0
8051,6,3,2053-04-01T00:00:00.0,0.0
8052,7,3,2053-04-01T00:00:00.0,0.0
8053,8,3,2053-04-01T00:00:00.0,0.0
8054,9,3,2053-04-01T00:00:00.0,0.0
8055,10,3,2053-04-01T00:00:00.0,-0.0
8056,6,3,2054-04-01T00:00:00.0,0.0
8057,7,3,2054-04-01T00:00:00.0,0.0
8058,8,3,2054-04-01T00:00:00.0,0.0
8059,9,3,2054-04-01T00:00:00.0,0.0
8060,10,3,2054-04-01T00:00:00.0,-0.0
8061,11,3,2023-11-01T00:00:00.0,0.0
8062,12,3,2023-11-01T00:00:00.0,0.0
8063,13,3,2023-11-01T00:00:00.0,0.0
8064,14,3,2023-11-01T00:00:00.0,0.0
8065,15,3,2023-11-01T00:00:00.0,0.0
8066,11,3,2024-11-01T00:00:00.0,0.0
8067,12,3,2024-11-01T00:00:00.0,0.0
8068,13,3,2024-11-01T00:00:00.0,0.0
8069,14,3,2024-11-01T00:00:00.0,0.0
8070,15,3,2024-11-01T00:00:00.0,0.0
8071,11,3,2025-11-01T00:00:00.0,0.0
8072,12,3,2025-11-01T00:00:00.0,0.0
8073,13,3,2025-11-01T00:00:00.0,0.0
8074,14,3,2025-11-01T00:00:00.0,0.0
8075,15,3,2025-11-01T00:00:00.0,0.0
8076,11,3,2026-11-01T00:00:00.0,0.0
8077,12,3,2026-11-01T00:00:00.0,0.0
8078,13,3,2026-11-01T00:00:00.0,0.0
8079,14,3,2026-11-01T00:00:00.0,0.0
8080,15,3,2026-11-01T00:00:00.0,0.0
8081,11,3,2027-11-01T00:00:00.0,0.0
8082,12,3,2027-11-01T00:00:00.0,0.0
8083,13,3,2027-11-01T00:00:00.0,0.0
8084,14,3,2027-11-01T00:00:00.0,0.0
8085,15,3,2027-11-01T00:00:00.0,0.0
8086,11,3,2028-11-01T00:00:00.0,0.0
8087,12,3,2028-11-01T00:00:00.0,0.0
8088,13,3,2028-11-01T00:00:00.0,0.0
8089,14,3,2028-11-01T00:00:00.0,0.0
8090,15,3,2028-11-01T00:00:00.0,0.0
8091,11,3,2029-11-01T00:00:00.0,0.0
8092,12,3,2029-11-01T00:00:00.0,0.0
8093,13,3,2029-11-01T00:00:00.0,0.0
8094,14,3,2029-11-01T00:00:00.0,0.0
8095,15,3,2029-11-01T00:00:00.0,0.0
8096,11,3,2030-11-01T00:00:00.0,0.0
8097,12,3,2030-11-01T00:00:00.0,0.0
8098,13,3,2030-11-01T00:00:00.0,0.0
8099,14,3,2030-11-01T00:00:00.0,0.0
8100,15,3,2030-11-01T00:00:00.0,0.0
8101,11,3,2031-11-01T00:00:00.0,0.0
8102,12,3,2031-11-01T00:00:00.0,0.0
8103,13,3,2031-11-01T00:00:00.0,0.0
8104,14,3,2031-11-01T00:00:00.0,0.0
8105,15,3,2031-11-01T00:00:00.0,0.0
8106,11,3,2032-11-01T00:00:00.0,0.0
8107,12,3,2032-11-01T00:00:00.0,0.0
8108,13,3,2032-11-01T00:00:00.0,0.0
8109,14,3,2032-11-01T00:00:00.0,0.0
8110,15,3,2032-11-01T00:00:00.0,0.0
8111,11,3,2033-11-01T00:00:00.0,0.0
8112,12,3,2033-11-01T00:00:00.0,0.0
8113,13,3,2033-11-01T00:00:00.0,0.0
8114,14,3,2033-11-01T00:00:00.0,0.0
8115,15,3,2033-11-01T00:00:00.0,0.0
8116,11,3,2034-11-01T00:00:00.0,0.0
8117,12,3,2034-11-01T00:00:00.0,0.0
8118,13,3,2034-11-01T00:00:00.0,0.0
8119,14,3,2034-11-01T00:00:00.0,0.0
8120,15,3,2034-11-01T00:00:00.0,0.0
8121,11,3,2035-11-01T00:00:00.0,0.0
8122,12,3,2035-11-01T00:00:00.0,0.0
8123,13,3,2035-11-01T00:00:00.0,0.0
8124,14,3,2035-11-01T00:00:00.0,0.0
8125,15,3,2035-11-01T00:00:00.0,0.0
8126,11,3,2036-11-01T00:00:00.0,0.0
8127,12,3,2036-11-01T00:00:00.0,0.0
8128,13,3,2036-11-01T00:00:00.0,0.0
8129,14,3,2036-11-01T00:00:00.0,0.0
8130,15,3,2036-11-01T00:00:00.0,0.0
8131,11,3,2037-11-01T00:00:00.0,0.0
8132,12,3,2037-11-01T00:00:00.0,0.0
8133,13,3,2037-11-01T00:00:00.0,0.0
8134,14,3,2037-11-01T00:00:00.0,0.0
8135,15,3,2037-11-01T00:00:00.0,0.0
8136,11,3,2038-11-01T00:00:00.0,0.0
8137,12,3,2038-11-01T00:00:00.0,0.0
8138,13,3,2038-11-01T00:00:00.0,0.0
8139,14,3,2038-11-01T00:00:00.0,0.0
8140,15,3,2038-11-01T00:00:00.0,0.0
8141,11,3,2039-11-01T00:00:00.0,0.0
8142,12,3,2039-11-01T00:00:00.0,0.0
8143,13,3,2039-11-01T00:00:00.0,0.0
8144,14,3,2039-11-01T00:00:00.0,0.0
8145,15,3,2039-11-01T00:00:00.0,0.0
8146,11,3,2040-11-01T00:00:00.0,0.0
8147,12,3,2040-11-01T00:00:00.0,0.0
8148,13,3,2040-11-01T00:00:00.0,0.0
8149,14,3,2040-11-01T00:00:00.0,0.0
8150,15,3,2040-11-01T00:00:00.0,0.0
8151,11,3,2041-11-01T00:00:00.0,0.0
8152,12,3,2041-11-01T00:00:00.0,0.0
8153,13,3,2041-11-01T00:00:00.0,0.0
8154,14,3,2041-11-01T00:00:00.0,0.0
8155,15,3,2041-11-01T00:00:00.0,0.0
8156,11,3,2042-11-01T00:00:00.0,0.0
8157,12,3,2042-11-01T00:00:00.0,0.0
8158,13,3,2042-11-01T00:00:00.0,0.0
8159,14,3,2042-11-01T00:00:00.0,0.0
8160,15,3,2042-11-01T00:00:00.0,0.0
8161,11,3,2043-11-01T00:00:00.0,0.0
8162,12,3,2043-11-01T00:00:00.0,0.0
8163,13,3,2043-11-01T00:00:00.0,0.0
8164,14,3,2043-11-01T00:00:00.0,0.0
8165,15,3,2043-11-01T00:00:00.0,0.0
8166,11,3,2044-11-01T00:00:00.0,0.0
8167,12,3,2044-11-01T00:00:00.0,0.0
8168,13,3,2044-11-01T00:00:00.0,0.0
8169,14,3,2044-11-01T00:00:00.0,0.0
8170,15,3,2044-11-01T00:00:00.0,0.0
8171,11,3,2045-11-01T00:00:00.0,0.0
8172,12,3,2045-11-01T00:00:00.0,0.0
8173,13,3,2045-11-01T00:00:00.0,0.0
8174,14,3,2045-11-01T00:00:00.0,0.0
8175,15,3,2045-11-01T00:00:00.0,0.0
8176,11,3,2046-11-01T00:00:00.0,0.0
8177,12,3,2046-11-01T00:00:00.0,0.0
8178,13,3,2046-11-01T00:00:00.0,0.0
8179,14,3,2046-11-01T00:00:00.0,0.0
8180,15,3,2046-11-01T00:00:00.0,0.0
8181,11,3,2047-11-01T00:00:00.0,0.0
8182,12,3,2047-11-01T00:00:00.0,0.0
8183,13,3,2047-11-01T00:00:00.0,0.0
8184,14,3,2047-11-01T00:00:00.0,0.0
8185,15,3,2047-11-01T00:00:00.0,0.0
8186,11,3,2048-11-01T00:00:00.0,0.0
8187,12,3,2048-11-01T00:00:00.0,0.0
8188,13,3,2048-11-01T00:00:00.0,0.0
8189,14,3,2048-11-01T00:00:00.0,0.0
8190,15,3,2048-11-01T00:00:00.0,0.0
8191,11,3,2049-11-01T00:00:00.0,0.0
8192,12,3,2049-11-01T00:00:00.0,0.0
8193,13,3,2049-11-01T00:00:00.0,0.0
8194,14,3,2049-11-01T00:00:00.0,0.0
8195,15,3,2049-11-01T00:00:00.0,0.0
8196,11,3,2050-11-01T00:00:00.0,0.0
8197,12,3,2050-11-01T00:00:00.0,0.0
8198,13,3,2050-11-01T00:00:00.0,0.0
8199,14,3,2050-11-01T00:00:00.0,0.0
8200,15,3,2050-11-01T00:00:00.0,0.0
8201,11,3,2051-11-01T00:00:00.0,0.0
8202,12,3,2051-11-01T00:00:00.0,0.0
8203,13,3,2051-11-01T00:00:00.0,0.0
8204,14,3,2051-11-01T00:00:00.0,0.0
8205,15,3,2051-11-01T00:00:00.0,0.0
8206,11,3,2052-11-01T00:00:00.0,0.0
8207,12,3,2052-11-01T00:00:00.0,0.0
8208,13,3,2052-11-01T00:00:00.0,0.0
8209,14,3,2052-11-01T00:00:00.0,0.0
8210,15,3,2052-11-01T00:00:00.0,0.0
8211,11,3,2053-11-01T00:00:00.0,0.0
8212,12,3,2053-11-01T00:00:00.0,0.0
8213,13,3,2053-11-01T00:00:00.0,0.0
8214,14,3,2053-11-01T00:00:00.0,0.0
8215,15,3,2053-11-01T00:00:00.0,0.0
8216,11,3,2024-04-01T00:00:00.0,0.0
8217,12,3,2024-04-01T00:00:00.0,0.0
8218,13,3,2024-04-01T00:00:00.0,0.0
8219,14,3,2024-04-01T00:00:00.0,0.0
8220,15,3,2024-04-01T00:00:00.0,0.0
8221,11,3,2025-04-01T00:00:00.0,0.0
8222,12,3,2025-04-01T00:00:00.0,0.0
8223,13,3,2025-04-01T00:00:00.0,0.0
8224,14,3,2025-04-01T00:00:00.0,0.0
8225,15,3,2025-04-01T00:00:00.0,0.0
8226,11,3,2026-04-01T00:00:00.0,0.0
8227,12,3,2026-04-01T00:00:00.0,0.0
8228,13,3,2026-04-01T00:00:00.0,0.0
8229,14,3,2026-04-01T00:00:00.0,0.0
8230,15,3,2026-04-01T00:00:00.0,-0.0
8231,11,3,2027-04-01T00:00:00.0,0.0
8232,12,3,2027-04-01T00:00:00.0,0.0
8233,13,3,2027-04-01T00:00:00.0,0.0
8234,14,3,2027-04-01T00:00:00.0,0.0
8235,15,3,2027-04-01T00:00:00.0,0.0
8236,11,3,2028-04-01T00:00:00.0,0.0
8237,12,3,2028-04-01T00:00:00.0,0.0
8238,13,3,2028-04-01T00:00:00.0,0.0
8239,14,3,2028-04-01T00:00:00.0,0.0
8240,15,3,2028-04-01T00:00:00.0,0.0
8241,11,3,2029-04-01T00:00:00.0,0.0
8242,12,3,2029-04-01T00:00:00.0,0.0
8243,13,3,2029-04-01T00:00:00.0,0.0
8244,14,3,2029-04-01T00:00:00.0,0.0
8245,15,3,2029-04-01T00:00:00.0,-0.0
8246,11,3,2030-04-01T00:00:00.0,0.0
8247,12,3,2030-04-01T00:00:00.0,0.0
8248,13,3,2030-04-01T00:00:00.0,0.0
8249,14,3,2030-04-01T00:00:00.0,0.0
8250,15,3,2030-04-01T00:00:00.0,0.0
8251,11,3,2031-04-01T00:00:00.0,0.0
8252,12,3,2031-04-01T00:00:00.0,0.0
8253,13,3,2031-04-01T00:00:00.0,0.0
8254,14,3,2031-04-01T00:00:00.0,0.0
8255,15,3,2031-04-01T00:00:00.0,-0.0
8256,11,3,2032-04-01T00:00:00.0,0.0
8257,12,3,2032-04-01T00:00:00.0,0.0
8258,13,3,2032-04-01T00:00:00.0,0.0
8259,14,3,2032-04-01T00:00:00.0,0.0
8260,15,3,2032-04-01T00:00:00.0,-0.0
8261,11,3,2033-04-01T00:00:00.0,0.0
8262,12,3,2033-04-01T00:00:00.0,0.0
8263,13,3,2033-04-01T00:00:00.0,0.0
8264,14,3,2033-04-01T00:00:00.0,0.0
8265,15,3,2033-04-01T00:00:00.0,-0.0
8266,11,3,2034-04-01T00:00:00.0,0.0
8267,12,3,2034-04-01T00:00:00.0,0.0
8268,13,3,2034-04-01T00:00:00.0,0.0
8269,14,3,2034-04-01T00:00:00.0,0.0
8270,15,3,2034-04-01T00:00:00.0,-0.0
8271,11,3,2035-04-01T00:00:00.0,0.0
8272,12,3,2035-04-01T00:00:00.0,0.0
8273,13,3,2035-04-01T00:00:00.0,0.0
8274,14,3,2035-04-01T00:00:00.0,0.0
8275,15,3,2035-04-01T00:00:00.0,-0.0
8276,11,3,2036-04-01T00:00:00.0,0.0
8277,12,3,2036-04-01T00:00:00.0,0.0
8278,13,3,2036-04-01T00:00:00.0,0.0
8279,14,3,2036-04-01T00:00:00.0,0.0
8280,15,3,2036-04-01T00:00:00.0,-0.0
8281,11,3,2037-04-01T00:00:00.0,0.0
8282,12,3,2037-04-01T00:00:00.0,0.0
8283,13,3,2037-04-01T00:00:00.0,0.0
8284,14,3,2037-04-01T00:00:00.0,0.0
8285,15,3,2037-04-01T00:00:00.0,-0.0
8286,11,3,2038-04-01T00:00:00.0,0.0
8287,12,3,2038-04-01T00:00:00.0,0.0
8288,13,3,2038-04-01T00:00:00.0,0.0
8289,14,3,2038-04-01T00:00:00.0,0.0
8290,15,3,2038-04-01T00:00:00.0,-0.0
8291,11,3,2039-04-01T00:00:00.0,0.0
8292,12,3,2039-04-01T00:00:00.0,0.0
8293,13,3,2039-04-01T00:00:00.0,0.0
8294,14,3,2039-04-01T00:00:00.0,0.0
8295,15,3,2039-04-01T00:00:00.0,-0.0
8296,11,3,2040-04-01T00:00:00.0,0.0
8297,12,3,2040-04-01T00:00:00.0,0.0
8298,13,3,2040-04-01T00:00:00.0,0.0
8299,14,3,2040-04-01T00:00:00.0,0.0
8300,15,3,2040-04-01T00:00:00.0,-0.0
8301,11,3,2041-04-01T00:00:00.0,0.0
8302,12,3,2041-04-01T00:00:00.0,0.0
8303,13,3,2041-04-01T00:00:00.0,0.0
8304,14,3,2041-04-01T00:00:00.0,0.0
8305,15,3,2041-04-01T00:00:00.0,-0.0
8306,11,3,2042-04-01T00:00:00.0,0.0
8307,12,3,2042-04-01T00:00:00.0,0.0
8308,13,3,2042-04-01T00:00:00.0,0.0
8309,14,3,2042-04-01T00:00:00.0,0.0
8310,15,3,2042-04-01T00:00:00.0,-0.0
8311,11,3,2043-04-01T00:00:00.0,0.0
8312,12,3,2043-04-01T00:00:00.0,0.0
8313,13,3,2043-04-01T00:00:00.0,0.0
8314,14,3,2043-04-01T00:00:00.0,0.0
8315,15,3,2043-04-01T00:00:00.0,-0.0
8316,11,3,2044-04-01T00:00:00.0,0.0
8317,12,3,2044-04-01T00:00:00.0,0.0
8318,13,3,2044-04-01T00:00:00.0,0.0
8319,14,3,2044-04-01T00:00:00.0,0.0
8320,15,3,2044-04-01T00:00:00.0,-0.0
8321,11,3,2045-04-01T00:00:00.0,0.0
8322,12,3,2045-04-01T00:00:00.0,0.0
8323,13,3,2045-04-01T00:00:00.0,0.0
8324,14,3,2045-04-01T00:00:00.0,0.0
8325,15,3,2045-04-01T00:00:00.0,-0.0
8326,11,3,2046-04-01T00:00:00.0,0.0
8327,12,3,2046-04-01T00:00:00.0,0.0
8328,13,3,2046-04-01T00:00:00.0,0.0
8329,14,3,2046-04-01T00:00:00.0,0.0
8330,15,3,2046-04-01T00:00:00.0,-0.0
8331,11,3,2047-04-01T00:00:00.0,0.0
8332,12,3,2047-04-01T00:00:00.0,0.0
8333,13,3,2047-04-01T00:00:00.0,0.0
8334,14,3,2047-04-01T00:00:00.0,0.0
8335,15,3,2047-04-01T00:00:00.0,-0.0
8336,11,3,2048-04-01T00:00:00.0,0.0
8337,12,3,2048-04-01T00:00:00.0,0.0
8338,13,3,2048-04-01T00:00:00.0,0.0
8339,14,3,2048-04-01T00:00:00.0,0.0
8340,15,3,2048-04-01T00:00:00.0,-0.0
8341,11,3,2049-04-01T00:00:00.0,0.0
8342,12,3,2049-04-01T00:00:00.0,0.0
8343,13,3,2049-04-01T00:00:00.0,0.0
8344,14,3,2049-04-01T00:00:00.0,0.0
8345,15,3,2049-04-01T00:00:00.0,-0.0
8346,11,3,2050-04-01T00:00:00.0,0.0
8347,12,3,2050-04-01T00:00:00.0,0.0
8348,13,3,2050-04-01T00:00:00.0,0.0
8349,14,3,2050-04-01T00:00:00.0,0.0
8350,15,3,2050-04-01T00:00:00.0,-0.0
8351,11,3,2051-04-01T00:00:00.0,0.0
8352,12,3,2051-04-01T00:00:00.0,0.0
8353,13,3,2051-04-01T00:00:00.0,0.0
8354,14,3,2051-04-01T00:00:00.0,0.0
8355,15,3,2051-04-01T00:00:00.0,-0.0
8356,11,3,2052-04-01T00:00:00.0,0.0
8357,12,3,2052-04-01T00:00:00.0,0.0
8358,13,3,2052-04-01T00:00:00.0,0.0
8359,14,3,2052-04-01T00:00:00.0,0.0
8360,15,3,2052-04-01T00:00:00.0,-0.0
8361,11,3,2053-04-01T00:00:00.0,0.0
8362,12,3,2053-04-01T00:00:00.0,0.0
8363,13,3,2053-04-01T00:00:00.0,0.0
8364,14,3,2053-04-01T00:00:00.0,0.0
8365,15,3,2053-04-01T00:00:00.0,-0.0
8366,11,3,2054-04-01T00:00:00.0,0.0
8367,12,3,2054-04-01T00:00:00.0,0.0
8368,13,3,2054-04-01T00:00:00.0,0.0
8369,14,3,2054-04-01T00:00:00.0,0.0
8370,15,3,2054-04-01T00:00:00.0,-0.0
8371,16,3,2023-11-01T00:00:00.0,22.02
8372,17,3,2023-11-01T00:00:00.0,32.129999999999995
8373,18,3,2023-11-01T00:00:00.0,97.71000000000001
8374,19,3,2023-11-01T00:00:00.0,37.25999999999999
8375,20,3,2023-11-01T00:00:00.0,72.39999999999998
8376,16,3,2024-11-01T00:00:00.0,24.65
8377,17,3,2024-11-01T00:00:00.0,35.96
8378,18,3,2024-11-01T00:00:00.0,109.36999999999999
8379,19,3,2024-11-01T00:00:00.0,41.71000000000001
8380,20,3,2024-11-01T00:00:00.0,81.04000000000002
8381,16,3,2025-11-01T00:00:00.0,27.44
8382,17,3,2025-11-01T00:00:00.0,40.03
8383,18,3,2025-11-01T00:00:00.0,121.74000000000001
8384,19,3,2025-11-01T00:00:00.0,46.41999999999999
8385,20,3,2025-11-01T00:00:00.0,90.20999999999998
8386,16,3,2026-11-01T00:00:00.0,30.25
8387,17,3,2026-11-01T00:00:00.0,44.129999999999995
8388,18,3,2026-11-01T00:00:00.0,134.22
8389,19,3,2026-11-01T00:00:00.0,51.17999999999998
8390,20,3,2026-11-01T00:00:00.0,99.45000000000005
8391,16,3,2027-11-01T00:00:00.0,33.18
8392,17,3,2027-11-01T00:00:00.0,48.419999999999995
8393,18,3,2027-11-01T00:00:00.0,147.24
8394,19,3,2027-11-01T00:00:00.0,56.150000000000006
8395,20,3,2027-11-01T00:00:00.0,109.09999999999997
8396,16,3,2028-11-01T00:00:00.0,36.62
8397,17,3,2028-11-01T00:00:00.0,53.42000000000001
8398,18,3,2028-11-01T00:00:00.0,162.48000000000002
8399,19,3,2028-11-01T00:00:00.0,61.96000000000001
8400,20,3,2028-11-01T00:00:00.0,120.38
8401,16,3,2029-11-01T00:00:00.0,40.55
8402,17,3,2029-11-01T00:00:00.0,59.17
8403,18,3,2029-11-01T00:00:00.0,179.95000000000002
8404,19,3,2029-11-01T00:00:00.0,68.62
8405,20,3,2029-11-01T00:00:00.0,133.32999999999998
8406,16,3,2030-11-01T00:00:00.0,44.72
8407,17,3,2030-11-01T00:00:00.0,65.26
8408,18,3,2030-11-01T00:00:00.0,198.45999999999998
8409,19,3,2030-11-01T00:00:00.0,75.68
8410,20,3,2030-11-01T00:00:00.0,147.03999999999996
8411,16,3,2031-11-01T00:00:00.0,48.82
8412,17,3,2031-11-01T00:00:00.0,71.22999999999999
8413,18,3,2031-11-01T00:00:00.0,216.62
8414,19,3,2031-11-01T00:00:00.0,82.59999999999997
8415,20,3,2031-11-01T00:00:00.0,160.51
8416,16,3,2032-11-01T00:00:00.0,52.65
8417,17,3,2032-11-01T00:00:00.0,76.82999999999998
8418,18,3,2032-11-01T00:00:00.0,233.63000000000002
8419,19,3,2032-11-01T00:00:00.0,89.08999999999997
8420,20,3,2032-11-01T00:00:00.0,173.10999999999996
8421,16,3,2033-11-01T00:00:00.0,56.53
8422,17,3,2033-11-01T00:00:00.0,82.49000000000001
8423,18,3,2033-11-01T00:00:00.0,250.85999999999999
8424,19,3,2033-11-01T00:00:00.0,95.67000000000002
8425,20,3,2033-11-01T00:00:00.0,185.86999999999995
8426,16,3,2034-11-01T00:00:00.0,60.62
8427,17,3,2034-11-01T00:00:00.0,88.44999999999999
8428,18,3,2034-11-01T00:00:00.0,268.98
8429,19,3,2034-11-01T00:00:00.0,102.57999999999998
8430,20,3,2034-11-01T00:00:00.0,199.29999999999995
8431,16,3,2035-11-01T00:00:00.0,65.01
8432,17,3,2035-11-01T00:00:00.0,94.86
8433,18,3,2035-11-01T00:00:00.0,288.49
8434,19,3,2035-11-01T00:00:00.0,110.0
8435,20,3,2035-11-01T00:00:00.0,213.76
8436,16,3,2036-11-01T00:00:00.0,69.37
8437,17,3,2036-11-01T00:00:00.0,101.22999999999999
8438,18,3,2036-11-01T00:00:00.0,307.83000000000004
8439,19,3,2036-11-01T00:00:00.0,117.39000000000004
8440,20,3,2036-11-01T00:00:00.0,228.08999999999992
8441,16,3,2037-11-01T00:00:00.0,73.72
8442,17,3,2037-11-01T00:00:00.0,107.58000000000001
8443,18,3,2037-11-01T00:00:00.0,327.13
8444,19,3,2037-11-01T00:00:00.0,124.74999999999994
8445,20,3,2037-11-01T00:00:00.0,242.3900000000001
8446,16,3,2038-11-01T00:00:00.0,77.91
8447,17,3,2038-11-01T00:00:00.0,113.68
8448,18,3,2038-11-01T00:00:00.0,345.7099999999999
8449,19,3,2038-11-01T00:00:00.0,131.83000000000004
8450,20,3,2038-11-01T00:00:00.0,256.15999999999997
8451,16,3,2039-11-01T00:00:00.0,82.0
8452,17,3,2039-11-01T00:00:00.0,119.63999999999999
8453,18,3,2039-11-01T00:00:00.0,363.85
8454,19,3,2039-11-01T00:00:00.0,138.75
8455,20,3,2039-11-01T00:00:00.0,269.59000000000003
8456,16,3,2040-11-01T00:00:00.0,86.44
8457,17,3,2040-11-01T00:00:00.0,126.12
8458,18,3,2040-11-01T00:00:00.0,383.54
8459,19,3,2040-11-01T00:00:00.0,146.26
8460,20,3,2040-11-01T00:00:00.0,284.18999999999994
8461,16,3,2041-11-01T00:00:00.0,90.92
8462,17,3,2041-11-01T00:00:00.0,132.66000000000003
8463,18,3,2041-11-01T00:00:00.0,403.41999999999996
8464,19,3,2041-11-01T00:00:00.0,153.84000000000003
8465,20,3,2041-11-01T00:00:00.0,298.91999999999996
8466,16,3,2042-11-01T00:00:00.0,95.38
8467,17,3,2042-11-01T00:00:00.0,139.18
8468,18,3,2042-11-01T00:00:00.0,423.24999999999994
8469,19,3,2042-11-01T00:00:00.0,161.4000000000001
8470,20,3,2042-11-01T00:00:00.0,313.5999999999999
8471,16,3,2043-11-01T00:00:00.0,99.67
8472,17,3,2043-11-01T00:00:00.0,145.43
8473,18,3,2043-11-01T00:00:00.0,442.26
8474,19,3,2043-11-01T00:00:00.0,168.64999999999998
8475,20,3,2043-11-01T00:00:00.0,327.70000000000005
8476,16,3,2044-11-01T00:00:00.0,103.33
8477,17,3,2044-11-01T00:00:00.0,150.76999999999998
8478,18,3,2044-11-01T00:00:00.0,458.51
8479,19,3,2044-11-01T00:00:00.0,174.85000000000002
8480,20,3,2044-11-01T00:00:00.0,339.73
8481,16,3,2045-11-01T00:00:00.0,107.15
8482,17,3,2045-11-01T00:00:00.0,156.35
8483,18,3,2045-11-01T00:00:00.0,475.46000000000004
8484,19,3,2045-11-01T00:00:00.0,181.30999999999995
8485,20,3,2045-11-01T00:00:00.0,352.28999999999996
8486,16,3,2046-11-01T00:00:00.0,111.11
8487,17,3,2046-11-01T00:00:00.0,162.14
8488,18,3,2046-11-01T00:00:00.0,493.04999999999995
8489,19,3,2046-11-01T00:00:00.0,188.0200000000001
8490,20,3,2046-11-01T00:00:00.0,365.32000000000005
8491,16,3,2047-11-01T00:00:00.0,114.96
8492,17,3,2047-11-01T00:00:00.0,167.75
8493,18,3,2047-11-01T00:00:00.0,510.12000000000006
8494,19,3,2047-11-01T00:00:00.0,194.52999999999997
8495,20,3,2047-11-01T00:00:00.0,377.9799999999999
8496,16,3,2048-11-01T00:00:00.0,118.63
8497,17,3,2048-11-01T00:00:00.0,173.09000000000003
8498,18,3,2048-11-01T00:00:00.0,526.38
8499,19,3,2048-11-01T00:00:00.0,200.73000000000002
8500,20,3,2048-11-01T00:00:00.0,390.01999999999987
8501,16,3,2049-11-01T00:00:00.0,122.41
8502,17,3,2049-11-01T00:00:00.0,178.61999999999998
8503,18,3,2049-11-01T00:00:00.0,543.1800000000001
8504,19,3,2049-11-01T00:00:00.0,207.12999999999988
8505,20,3,2049-11-01T00:00:00.0,402.47
8506,16,3,2050-11-01T00:00:00.0,123.47
8507,17,3,2050-11-01T00:00:00.0,180.16
8508,18,3,2050-11-01T00:00:00.0,547.88
8509,19,3,2050-11-01T00:00:00.0,208.92000000000007
8510,20,3,2050-11-01T00:00:00.0,405.96000000000004
8511,16,3,2051-11-01T00:00:00.0,125.75
8512,17,3,2051-11-01T00:00:00.0,183.49
8513,18,3,2051-11-01T00:00:00.0,558.01
8514,19,3,2051-11-01T00:00:00.0,212.78999999999996
8515,20,3,2051-11-01T00:00:00.0,413.46000000000004
8516,16,3,2052-11-01T00:00:00.0,128.71
8517,17,3,2052-11-01T00:00:00.0,187.80999999999997
8518,18,3,2052-11-01T00:00:00.0,571.13
8519,19,3,2052-11-01T00:00:00.0,217.79000000000008
8520,20,3,2052-11-01T00:00:00.0,423.17999999999984
8521,16,3,2053-11-01T00:00:00.0,131.56
8522,17,3,2053-11-01T00:00:00.0,191.95
8523,18,3,2053-11-01T00:00:00.0,583.76
8524,19,3,2053-11-01T00:00:00.0,222.5999999999999
8525,20,3,2053-11-01T00:00:00.0,432.5400000000002
8526,16,3,2024-04-01T00:00:00.0,22.02
8527,17,3,2024-04-01T00:00:00.0,32.129999999999995
8528,18,3,2024-04-01T00:00:00.0,97.71000000000001
8529,19,3,2024-04-01T00:00:00.0,37.25999999999999
8530,20,3,2024-04-01T00:00:00.0,0.0
8531,16,3,2025-04-01T00:00:00.0,25.09
8532,17,3,2025-04-01T00:00:00.0,36.61
8533,18,3,2025-04-01T00:00:00.0,111.33999999999999
8534,19,3,2025-04-01T00:00:00.0,42.46000000000001
8535,20,3,2025-04-01T00:00:00.0,0.0
8536,16,3,2026-04-01T00:00:00.0,28.32
8537,17,3,2026-04-01T00:00:00.0,41.309999999999995
8538,18,3,2026-04-01T00:00:00.0,125.64000000000001
8539,19,3,2026-04-01T00:00:00.0,47.91999999999999
8540,20,3,2026-04-01T00:00:00.0,-0.009999999999990905
8541,16,3,2027-04-01T00:00:00.0,31.46
8542,17,3,2027-04-01T00:00:00.0,45.919999999999995
8543,18,3,2027-04-01T00:00:00.0,139.61
8544,19,3,2027-04-01T00:00:00.0,53.24000000000001
8545,20,3,2027-04-01T00:00:00.0,0.0
8546,16,3,2028-04-01T00:00:00.0,34.99
8547,17,3,2028-04-01T00:00:00.0,51.059999999999995
8548,18,3,2028-04-01T00:00:00.0,155.26999999999998
8549,19,3,2028-04-01T00:00:00.0,59.19999999999999
8550,20,3,2028-04-01T00:00:00.0,0.0
8551,16,3,2029-04-01T00:00:00.0,39.14
8552,17,3,2029-04-01T00:00:00.0,57.099999999999994
8553,18,3,2029-04-01T00:00:00.0,173.67000000000002
8554,19,3,2029-04-01T00:00:00.0,66.21999999999997
8555,20,3,2029-04-01T00:00:00.0,-0.009999999999990905
8556,16,3,2030-04-01T00:00:00.0,43.9
8557,17,3,2030-04-01T00:00:00.0,64.05000000000001
8558,18,3,2030-04-01T00:00:00.0,194.78000000000003
8559,19,3,2030-04-01T00:00:00.0,74.27999999999997
8560,20,3,2030-04-01T00:00:00.0,0.0
8561,16,3,2031-04-01T00:00:00.0,48.98
8562,17,3,2031-04-01T00:00:00.0,71.46000000000001
8563,18,3,2031-04-01T00:00:00.0,217.32999999999998
8564,19,3,2031-04-01T00:00:00.0,82.88
8565,20,3,2031-04-01T00:00:00.0,-0.009999999999990905
8566,16,3,2032-04-01T00:00:00.0,53.93
8567,17,3,2032-04-01T00:00:00.0,78.69999999999999
8568,18,3,2032-04-01T00:00:00.0,239.32
8569,19,3,2032-04-01T00:00:00.0,91.25999999999999
8570,20,3,2032-04-01T00:00:00.0,-0.009999999999990905
8571,16,3,2033-04-01T00:00:00.0,58.43
8572,17,3,2033-04-01T00:00:00.0,85.26999999999998
8573,18,3,2033-04-01T00:00:00.0,259.29
8574,19,3,2033-04-01T00:00:00.0,98.88
8575,20,3,2033-04-01T00:00:00.0,-0.009999999999990905
8576,16,3,2034-04-01T00:00:00.0,62.77
8577,17,3,2034-04-01T00:00:00.0,91.57999999999998
8578,18,3,2034-04-01T00:00:00.0,278.52
8579,19,3,2034-04-01T00:00:00.0,106.21000000000004
8580,20,3,2034-04-01T00:00:00.0,-0.009999999999990905
8581,16,3,2035-04-01T00:00:00.0,67.68
8582,17,3,2035-04-01T00:00:00.0,98.75999999999999
8583,18,3,2035-04-01T00:00:00.0,300.34
8584,19,3,2035-04-01T00:00:00.0,114.52999999999997
8585,20,3,2035-04-01T00:00:00.0,-0.009999999999990905
8586,16,3,2036-04-01T00:00:00.0,73.18
8587,17,3,2036-04-01T00:00:00.0,106.78
8588,18,3,2036-04-01T00:00:00.0,324.72
8589,19,3,2036-04-01T00:00:00.0,123.82999999999998
8590,20,3,2036-04-01T00:00:00.0,-0.01999999999998181
8591,16,3,2037-04-01T00:00:00.0,78.41
8592,17,3,2037-04-01T00:00:00.0,114.41
8593,18,3,2037-04-01T00:00:00.0,347.92
8594,19,3,2037-04-01T00:00:00.0,132.66999999999996
8595,20,3,2037-04-01T00:00:00.0,-0.009999999999990905
8596,16,3,2038-04-01T00:00:00.0,83.53
8597,17,3,2038-04-01T00:00:00.0,121.88999999999999
8598,18,3,2038-04-01T00:00:00.0,370.6600000000001
8599,19,3,2038-04-01T00:00:00.0,141.3499999999999
8600,20,3,2038-04-01T00:00:00.0,-0.01999999999998181
8601,16,3,2039-04-01T00:00:00.0,88.31
8602,17,3,2039-04-01T00:00:00.0,128.85
8603,18,3,2039-04-01T00:00:00.0,391.85
8604,19,3,2039-04-01T00:00:00.0,149.41999999999996
8605,20,3,2039-04-01T00:00:00.0,-0.009999999999990905
8606,16,3,2040-04-01T00:00:00.0,93.04
8607,17,3,2040-04-01T00:00:00.0,135.75
8608,18,3,2040-04-01T00:00:00.0,412.84000000000003
8609,19,3,2040-04-01T00:00:00.0,157.42999999999995
8610,20,3,2040-04-01T00:00:00.0,-0.009999999999990905
8611,16,3,2041-04-01T00:00:00.0,98.36
8612,17,3,2041-04-01T00:00:00.0,143.51999999999998
8613,18,3,2041-04-01T00:00:00.0,436.47
8614,19,3,2041-04-01T00:00:00.0,166.42999999999995
8615,20,3,2041-04-01T00:00:00.0,-0.009999999999990905
8616,16,3,2042-04-01T00:00:00.0,103.87
8617,17,3,2042-04-01T00:00:00.0,151.54999999999998
8618,18,3,2042-04-01T00:00:00.0,460.9000000000001
8619,19,3,2042-04-01T00:00:00.0,175.75
8620,20,3,2042-04-01T00:00:00.0,-0.010000000000104592
8621,16,3,2043-04-01T00:00:00.0,109.31
8622,17,3,2043-04-01T00:00:00.0,159.5
8623,18,3,2043-04-01T00:00:00.0,485.04
8624,19,3,2043-04-01T00:00:00.0,184.95999999999992
8625,20,3,2043-04-01T00:00:00.0,-0.01999999999998181
8626,16,3,2044-04-01T00:00:00.0,114.07
8627,17,3,2044-04-01T00:00:00.0,166.45
8628,18,3,2044-04-01T00:00:00.0,506.19000000000005
8629,19,3,2044-04-01T00:00:00.0,193.02999999999997
8630,20,3,2044-04-01T00:00:00.0,-0.01999999999998181
8631,16,3,2045-04-01T00:00:00.0,118.08
8632,17,3,2045-04-01T00:00:00.0,172.29000000000002
8633,18,3,2045-04-01T00:00:00.0,523.96
8634,19,3,2045-04-01T00:00:00.0,199.79999999999995
8635,20,3,2045-04-01T00:00:00.0,-0.01999999999998181
8636,16,3,2046-04-01T00:00:00.0,122.43
8637,17,3,2046-04-01T00:00:00.0,178.64
8638,18,3,2046-04-01T00:00:00.0,543.26
8639,19,3,2046-04-01T00:00:00.0,207.15999999999997
8640,20,3,2046-04-01T00:00:00.0,-0.01999999999998181
8641,16,3,2047-04-01T00:00:00.0,127.12
8642,17,3,2047-04-01T00:00:00.0,185.5
8643,18,3,2047-04-01T00:00:00.0,564.09
8644,19,3,2047-04-01T00:00:00.0,215.1099999999999
8645,20,3,2047-04-01T00:00:00.0,-0.01999999999998181
8646,16,3,2048-04-01T00:00:00.0,131.79
8647,17,3,2048-04-01T00:00:00.0,192.29999999999998
8648,18,3,2048-04-01T00:00:00.0,584.8
8649,19,3,2048-04-01T00:00:00.0,223.0000000000001
8650,20,3,2048-04-01T00:00:00.0,-0.020000000000209184
8651,16,3,2049-04-01T00:00:00.0,136.53
8652,17,3,2049-04-01T00:00:00.0,199.21
8653,18,3,2049-04-01T00:00:00.0,605.83
8654,19,3,2049-04-01T00:00:00.0,231.01999999999987
8655,20,3,2049-04-01T00:00:00.0,-0.01999999999998181
8656,16,3,2050-04-01T00:00:00.0,141.0
8657,17,3,2050-04-01T00:00:00.0,205.75
8658,18,3,2050-04-01T00:00:00.0,625.68
8659,19,3,2050-04-01T00:00:00.0,238.59000000000003
8660,20,3,2050-04-01T00:00:00.0,-0.01999999999998181
8661,16,3,2051-04-01T00:00:00.0,141.96
8662,17,3,2051-04-01T00:00:00.0,207.12999999999997
8663,18,3,2051-04-01T00:00:00.0,629.9000000000001
8664,19,3,2051-04-01T00:00:00.0,240.20000000000005
8665,20,3,2051-04-01T00:00:00.0,-0.01999999999998181
8666,16,3,2052-04-01T00:00:00.0,144.86
8667,17,3,2052-04-01T00:00:00.0,211.38
8668,18,3,2052-04-01T00:00:00.0,642.8
8669,19,3,2052-04-01T00:00:00.0,245.12000000000012
8670,20,3,2052-04-01T00:00:00.0,-0.01999999999998181
8671,16,3,2053-04-01T00:00:00.0,148.22
8672,17,3,2053-04-01T00:00:00.0,216.28
8673,18,3,2053-04-01T00:00:00.0,657.72
8674,19,3,2053-04-01T00:00:00.0,250.81999999999994
8675,20,3,2053-04-01T00:00:00.0,-0.029999999999972715
8676,16,3,2054-04-01T00:00:00.0,151.59
8677,17,3,2054-04-01T00:00:00.0,221.18999999999997
8678,18,3,2054-04-01T00:00:00.0,672.6600000000001
8679,19,3,2054-04-01T00:00:00.0,256.51
8680,20,3,2054-04-01T00:00:00.0,-0.029999999999972715
8681,21,3,2023-11-01T00:00:00.0,0.0
8682,22,3,2023-11-01T00:00:00.0,0.0
8683,23,3,2023-11-01T00:00:00.0,0.0
8684,24,3,2023-11-01T00:00:00.0,0.0
8685,25,3,2023-11-01T00:00:00.0,0.0
8686,21,3,2024-11-01T00:00:00.0,0.0
8687,22,3,2024-11-01T00:00:00.0,0.0
8688,23,3,2024-11-01T00:00:00.0,0.0
8689,24,3,2024-11-01T00:00:00.0,0.0
8690,25,3,2024-11-01T00:00:00.0,0.0
8691,21,3,2025-11-01T00:00:00.0,0.0
8692,22,3,2025-11-01T00:00:00.0,0.0
8693,23,3,2025-11-01T00:00:00.0,0.0
8694,24,3,2025-11-01T00:00:00.0,0.0
8695,25,3,2025-11-01T00:00:00.0,0.0
8696,21,3,2026-11-01T00:00:00.0,0.0
8697,22,3,2026-11-01T00:00:00.0,0.0
8698,23,3,2026-11-01T00:00:00.0,0.0
8699,24,3,2026-11-01T00:00:00.0,0.0
8700,25,3,2026-11-01T00:00:00.0,0.0
8701,21,3,2027-11-01T00:00:00.0,0.0
8702,22,3,2027-11-01T00:00:00.0,0.0
8703,23,3,2027-11-01T00:00:00.0,0.0
8704,24,3,2027-11-01T00:00:00.0,0.0
8705,25,3,2027-11-01T00:00:00.0,0.0
8706,21,3,2028-11-01T00:00:00.0,0.0
8707,22,3,2028-11-01T00:00:00.0,0.0
8708,23,3,2028-11-01T00:00:00.0,0.0
8709,24,3,2028-11-01T00:00:00.0,0.0
8710,25,3,2028-11-01T00:00:00.0,0.0
8711,21,3,2029-11-01T00:00:00.0,0.0
8712,22,3,2029-11-01T00:00:00.0,0.0
8713,23,3,2029-11-01T00:00:00.0,0.0
8714,24,3,2029-11-01T00:00:00.0,0.0
8715,25,3,2029-11-01T00:00:00.0,0.0
8716,21,3,2030-11-01T00:00:00.0,0.0
8717,22,3,2030-11-01T00:00:00.0,0.0
8718,23,3,2030-11-01T00:00:00.0,0.0
8719,24,3,2030-11-01T00:00:00.0,0.0
8720,25,3,2030-11-01T00:00:00.0,0.0
8721,21,3,2031-11-01T00:00:00.0,0.0
8722,22,3,2031-11-01T00:00:00.0,0.0
8723,23,3,2031-11-01T00:00:00.0,0.0
8724,24,3,2031-11-01T00:00:00.0,0.0
8725,25,3,2031-11-01T00:00:00.0,0.0
8726,21,3,2032-11-01T00:00:00.0,0.0
8727,22,3,2032-11-01T00:00:00.0,0.0
8728,23,3,2032-11-01T00:00:00.0,0.0
8729,24,3,2032-11-01T00:00:00.0,0.0
8730,25,3,2032-11-01T00:00:00.0,0.0
8731,21,3,2033-11-01T00:00:00.0,0.0
8732,22,3,2033-11-01T00:00:00.0,0.0
8733,23,3,2033-11-01T00:00:00.0,0.0
8734,24,3,2033-11-01T00:00:00.0,0.0
8735,25,3,2033-11-01T00:00:00.0,0.0
8736,21,3,2034-11-01T00:00:00.0,0.0
8737,22,3,2034-11-01T00:00:00.0,0.0
8738,23,3,2034-11-01T00:00:00.0,0.0
8739,24,3,2034-11-01T00:00:00.0,0.0
8740,25,3,2034-11-01T00:00:00.0,0.0
8741,21,3,2035-11-01T00:00:00.0,0.0
8742,22,3,2035-11-01T00:00:00.0,0.0
8743,23,3,2035-11-01T00:00:00.0,0.0
8744,24,3,2035-11-01T00:00:00.0,0.0
8745,25,3,2035-11-01T00:00:00.0,0.0
8746,21,3,2036-11-01T00:00:00.0,0.0
8747,22,3,2036-11-01T00:00:00.0,0.0
8748,23,3,2036-11-01T00:00:00.0,0.0
8749,24,3,2036-11-01T00:00:00.0,0.0
8750,25,3,2036-11-01T00:00:00.0,0.0
8751,21,3,2037-11-01T00:00:00.0,0.0
8752,22,3,2037-11-01T00:00:00.0,0.0
8753,23,3,2037-11-01T00:00:00.0,0.0
8754,24,3,2037-11-01T00:00:00.0,0.0
8755,25,3,2037-11-01T00:00:00.0,0.0
8756,21,3,2038-11-01T00:00:00.0,0.0
8757,22,3,2038-11-01T00:00:00.0,0.0
8758,23,3,2038-11-01T00:00:00.0,0.0
8759,24,3,2038-11-01T00:00:00.0,0.0
8760,25,3,2038-11-01T00:00:00.0,0.0
8761,21,3,2039-11-01T00:00:00.0,0.0
8762,22,3,2039-11-01T00:00:00.0,0.0
8763,23,3,2039-11-01T00:00:00.0,0.0
8764,24,3,2039-11-01T00:00:00.0,0.0
8765,25,3,2039-11-01T00:00:00.0,0.0
8766,21,3,2040-11-01T00:00:00.0,0.0
8767,22,3,2040-11-01T00:00:00.0,0.0
8768,23,3,2040-11-01T00:00:00.0,0.0
8769,24,3,2040-11-01T00:00:00.0,0.0
8770,25,3,2040-11-01T00:00:00.0,0.0
8771,21,3,2041-11-01T00:00:00.0,0.0
8772,22,3,2041-11-01T00:00:00.0,0.0
8773,23,3,2041-11-01T00:00:00.0,0.0
8774,24,3,2041-11-01T00:00:00.0,0.0
8775,25,3,2041-11-01T00:00:00.0,0.0
8776,21,3,2042-11-01T00:00:00.0,0.0
8777,22,3,2042-11-01T00:00:00.0,0.0
8778,23,3,2042-11-01T00:00:00.0,0.0
8779,24,3,2042-11-01T00:00:00.0,0.0
8780,25,3,2042-11-01T00:00:00.0,0.0
8781,21,3,2043-11-01T00:00:00.0,0.0
8782,22,3,2043-11-01T00:00:00.0,0.0
8783,23,3,2043-11-01T00:00:00.0,0.0
8784,24,3,2043-11-01T00:00:00.0,0.0
8785,25,3,2043-11-01T00:00:00.0,0.0
8786,21,3,2044-11-01T00:00:00.0,0.0
8787,22,3,2044-11-01T00:00:00.0,0.0
8788,23,3,2044-11-01T00:00:00.0,0.0
8789,24,3,2044-11-01T00:00:00.0,0.0
8790,25,3,2044-11-01T00:00:00.0,0.0
8791,21,3,2045-11-01T00:00:00.0,0.0
8792,22,3,2045-11-01T00:00:00.0,0.0
8793,23,3,2045-11-01T00:00:00.0,0.0
8794,24,3,2045-11-01T00:00:00.0,0.0
8795,25,3,2045-11-01T00:00:00.0,0.0
8796,21,3,2046-11-01T00:00:00.0,0.0
8797,22,3,2046-11-01T00:00:00.0,0.0
8798,23,3,2046-11-01T00:00:00.0,0.0
8799,24,3,2046-11-01T00:00:00.0,0.0
8800,25,3,2046-11-01T00:00:00.0,0.0
8801,21,3,2047-11-01T00:00:00.0,0.0
8802,22,3,2047-11-01T00:00:00.0,0.0
8803,23,3,2047-11-01T00:00:00.0,0.0
8804,24,3,2047-11-01T00:00:00.0,0.0
8805,25,3,2047-11-01T00:00:00.0,0.0
8806,21,3,2048-11-01T00:00:00.0,0.0
8807,22,3,2048-11-01T00:00:00.0,0.0
8808,23,3,2048-11-01T00:00:00.0,0.0
8809,24,3,2048-11-01T00:00:00.0,0.0
8810,25,3,2048-11-01T00:00:00.0,0.0
8811,21,3,2049-11-01T00:00:00.0,0.0
8812,22,3,2049-11-01T00:00:00.0,0.0
8813,23,3,2049-11-01T00:00:00.0,0.0
8814,24,3,2049-11-01T00:00:00.0,0.0
8815,25,3,2049-11-01T00:00:00.0,0.0
8816,21,3,2050-11-01T00:00:00.0,0.0
8817,22,3,2050-11-01T00:00:00.0,0.0
8818,23,3,2050-11-01T00:00:00.0,0.0
8819,24,3,2050-11-01T00:00:00.0,0.0
8820,25,3,2050-11-01T00:00:00.0,0.0
8821,21,3,2051-11-01T00:00:00.0,0.0
8822,22,3,2051-11-01T00:00:00.0,0.0
8823,23,3,2051-11-01T00:00:00.0,0.0
8824,24,3,2051-11-01T00:00:00.0,0.0
8825,25,3,2051-11-01T00:00:00.0,0.0
8826,21,3,2052-11-01T00:00:00.0,0.0
8827,22,3,2052-11-01T00:00:00.0,0.0
8828,23,3,2052-11-01T00:00:00.0,0.0
8829,24,3,2052-11-01T00:00:00.0,0.0
8830,25,3,2052-11-01T00:00:00.0,0.0
8831,21,3,2053-11-01T00:00:00.0,0.0
8832,22,3,2053-11-01T00:00:00.0,0.0
8833,23,3,2053-11-01T00:00:00.0,0.0
8834,24,3,2053-11-01T00:00:00.0,0.0
8835,25,3,2053-11-01T00:00:00.0,0.0
8836,21,3,2024-04-01T00:00:00.0,0.0
8837,22,3,2024-04-01T00:00:00.0,0.0
8838,23,3,2024-04-01T00:00:00.0,0.0
8839,24,3,2024-04-01T00:00:00.0,0.0
8840,25,3,2024-04-01T00:00:00.0,0.0
8841,21,3,2025-04-01T00:00:00.0,0.0
8842,22,3,2025-04-01T00:00:00.0,0.0
8843,23,3,2025-04-01T00:00:00.0,0.0
8844,24,3,2025-04-01T00:00:00.0,0.0
8845,25,3,2025-04-01T00:00:00.0,0.0
8846,21,3,2026-04-01T00:00:00.0,0.0
8847,22,3,2026-04-01T00:00:00.0,0.0
8848,23,3,2026-04-01T00:00:00.0,0.0
8849,24,3,2026-04-01T00:00:00.0,0.0
8850,25,3,2026-04-01T00:00:00.0,0.0
8851,21,3,2027-04-01T00:00:00.0,0.0
8852,22,3,2027-04-01T00:00:00.0,0.0
8853,23,3,2027-04-01T00:00:00.0,0.0
8854,24,3,2027-04-01T00:00:00.0,0.0
8855,25,3,2027-04-01T00:00:00.0,0.0
8856,21,3,2028-04-01T00:00:00.0,0.0
8857,22,3,2028-04-01T00:00:00.0,0.0
8858,23,3,2028-04-01T00:00:00.0,0.0
8859,24,3,2028-04-01T00:00:00.0,0.0
8860,25,3,2028-04-01T00:00:00.0,0.0
8861,21,3,2029-04-01T00:00:00.0,0.0
8862,22,3,2029-04-01T00:00:00.0,0.0
8863,23,3,2029-04-01T00:00:00.0,0.0
8864,24,3,2029-04-01T00:00:00.0,0.0
8865,25,3,2029-04-01T00:00:00.0,0.0
8866,21,3,2030-04-01T00:00:00.0,0.0
8867,22,3,2030-04-01T00:00:00.0,0.0
8868,23,3,2030-04-01T00:00:00.0,0.0
8869,24,3,2030-04-01T00:00:00.0,0.0
8870,25,3,2030-04-01T00:00:00.0,0.0
8871,21,3,2031-04-01T00:00:00.0,0.0
8872,22,3,2031-04-01T00:00:00.0,0.0
8873,23,3,2031-04-01T00:00:00.0,0.0
8874,24,3,2031-04-01T00:00:00.0,0.0
8875,25,3,2031-04-01T00:00:00.0,0.0
8876,21,3,2032-04-01T00:00:00.0,0.0
8877,22,3,2032-04-01T00:00:00.0,0.0
8878,23,3,2032-04-01T00:00:00.0,0.0
8879,24,3,2032-04-01T00:00:00.0,0.0
8880,25,3,2032-04-01T00:00:00.0,0.0
8881,21,3,2033-04-01T00:00:00.0,0.0
8882,22,3,2033-04-01T00:00:00.0,0.0
8883,23,3,2033-04-01T00:00:00.0,0.0
8884,24,3,2033-04-01T00:00:00.0,0.0
8885,25,3,2033-04-01T00:00:00.0,0.0
8886,21,3,2034-04-01T00:00:00.0,0.0
8887,22,3,2034-04-01T00:00:00.0,0.0
8888,23,3,2034-04-01T00:00:00.0,0.0
8889,24,3,2034-04-01T00:00:00.0,0.0
8890,25,3,2034-04-01T00:00:00.0,0.0
8891,21,3,2035-04-01T00:00:00.0,0.0
8892,22,3,2035-04-01T00:00:00.0,0.0
8893,23,3,2035-04-01T00:00:00.0,0.0
8894,24,3,2035-04-01T00:00:00.0,0.0
8895,25,3,2035-04-01T00:00:00.0,0.0
8896,21,3,2036-04-01T00:00:00.0,0.0
8897,22,3,2036-04-01T00:00:00.0,0.0
8898,23,3,2036-04-01T00:00:00.0,0.0
8899,24,3,2036-04-01T00:00:00.0,0.0
8900,25,3,2036-04-01T00:00:00.0,0.0
8901,21,3,2037-04-01T00:00:00.0,0.0
8902,22,3,2037-04-01T00:00:00.0,0.0
8903,23,3,2037-04-01T00:00:00.0,0.0
8904,24,3,2037-04-01T00:00:00.0,0.0
8905,25,3,2037-04-01T00:00:00.0,0.0
8906,21,3,2038-04-01T00:00:00.0,0.0
8907,22,3,2038-04-01T00:00:00.0,0.0
8908,23,3,2038-04-01T00:00:00.0,0.0
8909,24,3,2038-04-01T00:00:00.0,0.0
8910,25,3,2038-04-01T00:00:00.0,0.0
8911,21,3,2039-04-01T00:00:00.0,0.0
8912,22,3,2039-04-01T00:00:00.0,0.0
8913,23,3,2039-04-01T00:00:00.0,0.0
8914,24,3,2039-04-01T00:00:00.0,0.0
8915,25,3,2039-04-01T00:00:00.0,0.0
8916,21,3,2040-04-01T00:00:00.0,0.0
8917,22,3,2040-04-01T00:00:00.0,0.0
8918,23,3,2040-04-01T00:00:00.0,0.0
8919,24,3,2040-04-01T00:00:00.0,0.0
8920,25,3,2040-04-01T00:00:00.0,0.0
8921,21,3,2041-04-01T00:00:00.0,0.0
8922,22,3,2041-04-01T00:00:00.0,0.0
8923,23,3,2041-04-01T00:00:00.0,0.0
8924,24,3,2041-04-01T00:00:00.0,0.0
8925,25,3,2041-04-01T00:00:00.0,0.0
8926,21,3,2042-04-01T00:00:00.0,0.0
8927,22,3,2042-04-01T00:00:00.0,0.0
8928,23,3,2042-04-01T00:00:00.0,0.0
8929,24,3,2042-04-01T00:00:00.0,0.0
8930,25,3,2042-04-01T00:00:00.0,0.0
8931,21,3,2043-04-01T00:00:00.0,0.0
8932,22,3,2043-04-01T00:00:00.0,0.0
8933,23,3,2043-04-01T00:00:00.0,0.0
8934,24,3,2043-04-01T00:00:00.0,0.0
8935,25,3,2043-04-01T00:00:00.0,0.0
8936,21,3,2044-04-01T00:00:00.0,0.0
8937,22,3,2044-04-01T00:00:00.0,0.0
8938,23,3,2044-04-01T00:00:00.0,0.0
8939,24,3,2044-04-01T00:00:00.0,0.0
8940,25,3,2044-04-01T00:00:00.0,0.0
8941,21,3,2045-04-01T00:00:00.0,0.0
8942,22,3,2045-04-01T00:00:00.0,0.0
8943,23,3,2045-04-01T00:00:00.0,0.0
8944,24,3,2045-04-01T00:00:00.0,0.0
8945,25,3,2045-04-01T00:00:00.0,0.0
8946,21,3,2046-04-01T00:00:00.0,0.0
8947,22,3,2046-04-01T00:00:00.0,0.0
8948,23,3,2046-04-01T00:00:00.0,0.0
8949,24,3,2046-04-01T00:00:00.0,0.0
8950,25,3,2046-04-01T00:00:00.0,0.0
8951,21,3,2047-04-01T00:00:00.0,0.0
8952,22,3,2047-04-01T00:00:00.0,0.0
8953,23,3,2047-04-01T00:00:00.0,0.0
8954,24,3,2047-04-01T00:00:00.0,0.0
8955,25,3,2047-04-01T00:00:00.0,0.0
8956,21,3,2048-04-01T00:00:00.0,0.0
8957,22,3,2048-04-01T00:00:00.0,0.0
8958,23,3,2048-04-01T00:00:00.0,0.0
8959,24,3,2048-04-01T00:00:00.0,0.0
8960,25,3,2048-04-01T00:00:00.0,0.0
8961,21,3,2049-04-01T00:00:00.0,0.0
8962,22,3,2049-04-01T00:00:00.0,0.0
8963,23,3,2049-04-01T00:00:00.0,0.0
8964,24,3,2049-04-01T00:00:00.0,0.0
8965,25,3,2049-04-01T00:00:00.0,0.0
8966,21,3,2050-04-01T00:00:00.0,0.0
8967,22,3,2050-04-01T00:00:00.0,0.0
8968,23,3,2050-04-01T00:00:00.0,0.0
8969,24,3,2050-04-01T00:00:00.0,0.0
8970,25,3,2050-04-01T00:00:00.0,0.0
8971,21,3,2051-04-01T00:00:00.0,0.0
8972,22,3,2051-04-01T00:00:00.0,0.0
8973,23,3,2051-04-01T00:00:00.0,0.0
8974,24,3,2051-04-01T00:00:00.0,0.0
8975,25,3,2051-04-01T00:00:00.0,0.0
8976,21,3,2052-04-01T00:00:00.0,0.0
8977,22,3,2052-04-01T00:00:00.0,0.0
8978,23,3,2052-04-01T00:00:00.0,0.0
8979,24,3,2052-04-01T00:00:00.0,0.0
8980,25,3,2052-04-01T00:00:00.0,0.0
8981,21,3,2053-04-01T00:00:00.0,0.0
8982,22,3,2053-04-01T00:00:00.0,0.0
8983,23,3,2053-04-01T00:00:00.0,0.0
8984,24,3,2053-04-01T00:00:00.0,0.0
8985,25,3,2053-04-01T00:00:00.0,0.0
8986,21,3,2054-04-01T00:00:00.0,0.0
8987,22,3,2054-04-01T00:00:00.0,0.0
8988,23,3,2054-04-01T00:00:00.0,0.0
8989,24,3,2054-04-01T00:00:00.0,0.0
8990,25,3,2054-04-01T00:00:00.0,0.0
8991,26,3,2023-11-01T00:00:00.0,0.0
8992,27,3,2023-11-01T00:00:00.0,0.0
8993,28,3,2023-11-01T00:00:00.0,0.0
8994,29,3,2023-11-01T00:00:00.0,0.0
8995,30,3,2023-11-01T00:00:00.0,0.0
8996,26,3,2024-11-01T00:00:00.0,0.0
8997,27,3,2024-11-01T00:00:00.0,0.0
8998,28,3,2024-11-01T00:00:00.0,0.0
8999,29,3,2024-11-01T00:00:00.0,0.0
9000,30,3,2024-11-01T00:00:00.0,0.0
9001,26,3,2025-11-01T00:00:00.0,0.0
9002,27,3,2025-11-01T00:00:00.0,0.0
9003,28,3,2025-11-01T00:00:00.0,0.0
9004,29,3,2025-11-01T00:00:00.0,0.0
9005,30,3,2025-11-01T00:00:00.0,0.0
9006,26,3,2026-11-01T00:00:00.0,0.0
9007,27,3,2026-11-01T00:00:00.0,0.0
9008,28,3,2026-11-01T00:00:00.0,0.0
9009,29,3,2026-11-01T00:00:00.0,0.0
9010,30,3,2026-11-01T00:00:00.0,0.0
9011,26,3,2027-11-01T00:00:00.0,0.0
9012,27,3,2027-11-01T00:00:00.0,0.0
9013,28,3,2027-11-01T00:00:00.0,0.0
9014,29,3,2027-11-01T00:00:00.0,0.0
9015,30,3,2027-11-01T00:00:00.0,0.0
9016,26,3,2028-11-01T00:00:00.0,0.0
9017,27,3,2028-11-01T00:00:00.0,0.0
9018,28,3,2028-11-01T00:00:00.0,0.0
9019,29,3,2028-11-01T00:00:00.0,0.0
9020,30,3,2028-11-01T00:00:00.0,0.0
9021,26,3,2029-11-01T00:00:00.0,0.0
9022,27,3,2029-11-01T00:00:00.0,0.0
9023,28,3,2029-11-01T00:00:00.0,0.0
9024,29,3,2029-11-01T00:00:00.0,0.0
9025,30,3,2029-11-01T00:00:00.0,0.0
9026,26,3,2030-11-01T00:00:00.0,0.0
9027,27,3,2030-11-01T00:00:00.0,0.0
9028,28,3,2030-11-01T00:00:00.0,0.0
9029,29,3,2030-11-01T00:00:00.0,0.0
9030,30,3,2030-11-01T00:00:00.0,0.0
9031,26,3,2031-11-01T00:00:00.0,0.0
9032,27,3,2031-11-01T00:00:00.0,0.0
9033,28,3,2031-11-01T00:00:00.0,0.0
9034,29,3,2031-11-01T00:00:00.0,0.0
9035,30,3,2031-11-01T00:00:00.0,0.0
9036,26,3,2032-11-01T00:00:00.0,0.0
9037,27,3,2032-11-01T00:00:00.0,0.0
9038,28,3,2032-11-01T00:00:00.0,0.0
9039,29,3,2032-11-01T00:00:00.0,0.0
9040,30,3,2032-11-01T00:00:00.0,0.0
9041,26,3,2033-11-01T00:00:00.0,0.0
9042,27,3,2033-11-01T00:00:00.0,0.0
9043,28,3,2033-11-01T00:00:00.0,0.0
9044,29,3,2033-11-01T00:00:00.0,0.0
9045,30,3,2033-11-01T00:00:00.0,0.0
9046,26,3,2034-11-01T00:00:00.0,0.0
9047,27,3,2034-11-01T00:00:00.0,0.0
9048,28,3,2034-11-01T00:00:00.0,0.0
9049,29,3,2034-11-01T00:00:00.0,0.0
9050,30,3,2034-11-01T00:00:00.0,0.0
9051,26,3,2035-11-01T00:00:00.0,0.0
9052,27,3,2035-11-01T00:00:00.0,0.0
9053,28,3,2035-11-01T00:00:00.0,0.0
9054,29,3,2035-11-01T00:00:00.0,0.0
9055,30,3,2035-11-01T00:00:00.0,0.0
9056,26,3,2036-11-01T00:00:00.0,0.0
9057,27,3,2036-11-01T00:00:00.0,0.0
9058,28,3,2036-11-01T00:00:00.0,0.0
9059,29,3,2036-11-01T00:00:00.0,0.0
9060,30,3,2036-11-01T00:00:00.0,0.0
9061,26,3,2037-11-01T00:00:00.0,0.0
9062,27,3,2037-11-01T00:00:00.0,0.0
9063,28,3,2037-11-01T00:00:00.0,0.0
9064,29,3,2037-11-01T00:00:00.0,0.0
9065,30,3,2037-11-01T00:00:00.0,0.0
9066,26,3,2038-11-01T00:00:00.0,0.0
9067,27,3,2038-11-01T00:00:00.0,0.0
9068,28,3,2038-11-01T00:00:00.0,0.0
9069,29,3,2038-11-01T00:00:00.0,0.0
9070,30,3,2038-11-01T00:00:00.0,0.0
9071,26,3,2039-11-01T00:00:00.0,0.0
9072,27,3,2039-11-01T00:00:00.0,0.0
9073,28,3,2039-11-01T00:00:00.0,0.0
9074,29,3,2039-11-01T00:00:00.0,0.0
9075,30,3,2039-11-01T00:00:00.0,0.0
9076,26,3,2040-11-01T00:00:00.0,0.0
9077,27,3,2040-11-01T00:00:00.0,0.0
9078,28,3,2040-11-01T00:00:00.0,0.0
9079,29,3,2040-11-01T00:00:00.0,0.0
9080,30,3,2040-11-01T00:00:00.0,0.0
9081,26,3,2041-11-01T00:00:00.0,0.0
9082,27,3,2041-11-01T00:00:00.0,0.0
9083,28,3,2041-11-01T00:00:00.0,0.0
9084,29,3,2041-11-01T00:00:00.0,0.0
9085,30,3,2041-11-01T00:00:00.0,0.0
9086,26,3,2042-11-01T00:00:00.0,0.0
9087,27,3,2042-11-01T00:00:00.0,0.0
9088,28,3,2042-11-01T00:00:00.0,0.0
9089,29,3,2042-11-01T00:00:00.0,0.0
9090,30,3,2042-11-01T00:00:00.0,0.0
9091,26,3,2043-11-01T00:00:00.0,0.0
9092,27,3,2043-11-01T00:00:00.0,0.0
9093,28,3,2043-11-01T00:00:00.0,0.0
9094,29,3,2043-11-01T00:00:00.0,0.0
9095,30,3,2043-11-01T00:00:00.0,0.0
9096,26,3,2044-11-01T00:00:00.0,0.0
9097,27,3,2044-11-01T00:00:00.0,0.0
9098,28,3,2044-11-01T00:00:00.0,0.0
9099,29,3,2044-11-01T00:00:00.0,0.0
9100,30,3,2044-11-01T00:00:00.0,0.0
9101,26,3,2045-11-01T00:00:00.0,0.0
9102,27,3,2045-11-01T00:00:00.0,0.0
9103,28,3,2045-11-01T00:00:00.0,0.0
9104,29,3,2045-11-01T00:00:00.0,0.0
9105,30,3,2045-11-01T00:00:00.0,0.0
9106,26,3,2046-11-01T00:00:00.0,0.0
9107,27,3,2046-11-01T00:00:00.0,0.0
9108,28,3,2046-11-01T00:00:00.0,0.0
9109,29,3,2046-11-01T00:00:00.0,0.0
9110,30,3,2046-11-01T00:00:00.0,0.0
9111,26,3,2047-11-01T00:00:00.0,0.0
9112,27,3,2047-11-01T00:00:00.0,0.0
9113,28,3,2047-11-01T00:00:00.0,0.0
9114,29,3,2047-11-01T00:00:00.0,0.0
9115,30,3,2047-11-01T00:00:00.0,0.0
9116,26,3,2048-11-01T00:00:00.0,0.0
9117,27,3,2048-11-01T00:00:00.0,0.0
9118,28,3,2048-11-01T00:00:00.0,0.0
9119,29,3,2048-11-01T00:00:00.0,0.0
9120,30,3,2048-11-01T00:00:00.0,0.0
9121,26,3,2049-11-01T00:00:00.0,0.0
9122,27,3,2049-11-01T00:00:00.0,0.0
9123,28,3,2049-11-01T00:00:00.0,0.0
9124,29,3,2049-11-01T00:00:00.0,0.0
9125,30,3,2049-11-01T00:00:00.0,0.0
9126,26,3,2050-11-01T00:00:00.0,0.0
9127,27,3,2050-11-01T00:00:00.0,0.0
9128,28,3,2050-11-01T00:00:00.0,0.0
9129,29,3,2050-11-01T00:00:00.0,0.0
9130,30,3,2050-11-01T00:00:00.0,0.0
9131,26,3,2051-11-01T00:00:00.0,0.0
9132,27,3,2051-11-01T00:00:00.0,0.0
9133,28,3,2051-11-01T00:00:00.0,0.0
9134,29,3,2051-11-01T00:00:00.0,0.0
9135,30,3,2051-11-01T00:00:00.0,0.0
9136,26,3,2052-11-01T00:00:00.0,0.0
9137,27,3,2052-11-01T00:00:00.0,0.0
9138,28,3,2052-11-01T00:00:00.0,0.0
9139,29,3,2052-11-01T00:00:00.0,0.0
9140,30,3,2052-11-01T00:00:00.0,0.0
9141,26,3,2053-11-01T00:00:00.0,0.0
9142,27,3,2053-11-01T00:00:00.0,0.0
9143,28,3,2053-11-01T00:00:00.0,0.0
9144,29,3,2053-11-01T00:00:00.0,0.0
9145,30,3,2053-11-01T00:00:00.0,0.0
9146,26,3,2024-04-01T00:00:00.0,0.0
9147,27,3,2024-04-01T00:00:00.0,0.0
9148,28,3,2024-04-01T00:00:00.0,0.0
9149,29,3,2024-04-01T00:00:00.0,0.0
9150,30,3,2024-04-01T00:00:00.0,0.0
9151,26,3,2025-04-01T00:00:00.0,0.0
9152,27,3,2025-04-01T00:00:00.0,0.0
9153,28,3,2025-04-01T00:00:00.0,0.0
9154,29,3,2025-04-01T00:00:00.0,0.0
9155,30,3,2025-04-01T00:00:00.0,0.0
9156,26,3,2026-04-01T00:00:00.0,0.0
9157,27,3,2026-04-01T00:00:00.0,0.0
9158,28,3,2026-04-01T00:00:00.0,0.0
9159,29,3,2026-04-01T00:00:00.0,0.0
9160,30,3,2026-04-01T00:00:00.0,0.0
9161,26,3,2027-04-01T00:00:00.0,0.0
9162,27,3,2027-04-01T00:00:00.0,0.0
9163,28,3,2027-04-01T00:00:00.0,0.0
9164,29,3,2027-04-01T00:00:00.0,0.0
9165,30,3,2027-04-01T00:00:00.0,0.0
9166,26,3,2028-04-01T00:00:00.0,0.0
9167,27,3,2028-04-01T00:00:00.0,0.0
9168,28,3,2028-04-01T00:00:00.0,0.0
9169,29,3,2028-04-01T00:00:00.0,0.0
9170,30,3,2028-04-01T00:00:00.0,0.0
9171,26,3,2029-04-01T00:00:00.0,0.0
9172,27,3,2029-04-01T00:00:00.0,0.0
9173,28,3,2029-04-01T00:00:00.0,0.0
9174,29,3,2029-04-01T00:00:00.0,0.0
9175,30,3,2029-04-01T00:00:00.0,0.0
9176,26,3,2030-04-01T00:00:00.0,0.0
9177,27,3,2030-04-01T00:00:00.0,0.0
9178,28,3,2030-04-01T00:00:00.0,0.0
9179,29,3,2030-04-01T00:00:00.0,0.0
9180,30,3,2030-04-01T00:00:00.0,0.0
9181,26,3,2031-04-01T00:00:00.0,0.0
9182,27,3,2031-04-01T00:00:00.0,0.0
9183,28,3,2031-04-01T00:00:00.0,0.0
9184,29,3,2031-04-01T00:00:00.0,0.0
9185,30,3,2031-04-01T00:00:00.0,0.0
9186,26,3,2032-04-01T00:00:00.0,0.0
9187,27,3,2032-04-01T00:00:00.0,0.0
9188,28,3,2032-04-01T00:00:00.0,0.0
9189,29,3,2032-04-01T00:00:00.0,0.0
9190,30,3,2032-04-01T00:00:00.0,0.0
9191,26,3,2033-04-01T00:00:00.0,0.0
9192,27,3,2033-04-01T00:00:00.0,0.0
9193,28,3,2033-04-01T00:00:00.0,0.0
9194,29,3,2033-04-01T00:00:00.0,0.0
9195,30,3,2033-04-01T00:00:00.0,0.0
9196,26,3,2034-04-01T00:00:00.0,0.0
9197,27,3,2034-04-01T00:00:00.0,0.0
9198,28,3,2034-04-01T00:00:00.0,0.0
9199,29,3,2034-04-01T00:00:00.0,0.0
9200,30,3,2034-04-01T00:00:00.0,0.0
9201,26,3,2035-04-01T00:00:00.0,0.0
9202,27,3,2035-04-01T00:00:00.0,0.0
9203,28,3,2035-04-01T00:00:00.0,0.0
9204,29,3,2035-04-01T00:00:00.0,0.0
9205,30,3,2035-04-01T00:00:00.0,0.0
9206,26,3,2036-04-01T00:00:00.0,0.0
9207,27,3,2036-04-01T00:00:00.0,0.0
9208,28,3,2036-04-01T00:00:00.0,0.0
9209,29,3,2036-04-01T00:00:00.0,0.0
9210,30,3,2036-04-01T00:00:00.0,0.0
9211,26,3,2037-04-01T00:00:00.0,0.0
9212,27,3,2037-04-01T00:00:00.0,0.0
9213,28,3,2037-04-01T00:00:00.0,0.0
9214,29,3,2037-04-01T00:00:00.0,0.0
9215,30,3,2037-04-01T00:00:00.0,0.0
9216,26,3,2038-04-01T00:00:00.0,0.0
9217,27,3,2038-04-01T00:00:00.0,0.0
9218,28,3,2038-04-01T00:00:00.0,0.0
9219,29,3,2038-04-01T00:00:00.0,0.0
9220,30,3,2038-04-01T00:00:00.0,0.0
9221,26,3,2039-04-01T00:00:00.0,0.0
9222,27,3,2039-04-01T00:00:00.0,0.0
9223,28,3,2039-04-01T00:00:00.0,0.0
9224,29,3,2039-04-01T00:00:00.0,0.0
9225,30,3,2039-04-01T00:00:00.0,0.0
9226,26,3,2040-04-01T00:00:00.0,0.0
9227,27,3,2040-04-01T00:00:00.0,0.0
9228,28,3,2040-04-01T00:00:00.0,0.0
9229,29,3,2040-04-01T00:00:00.0,0.0
9230,30,3,2040-04-01T00:00:00.0,0.0
9231,26,3,2041-04-01T00:00:00.0,0.0
9232,27,3,2041-04-01T00:00:00.0,0.0
9233,28,3,2041-04-01T00:00:00.0,0.0
9234,29,3,2041-04-01T00:00:00.0,0.0
9235,30,3,2041-04-01T00:00:00.0,0.0
9236,26,3,2042-04-01T00:00:00.0,0.0
9237,27,3,2042-04-01T00:00:00.0,0.0
9238,28,3,2042-04-01T00:00:00.0,0.0
9239,29,3,2042-04-01T00:00:00.0,0.0
9240,30,3,2042-04-01T00:00:00.0,0.0
9241,26,3,2043-04-01T00:00:00.0,0.0
9242,27,3,2043-04-01T00:00:00.0,0.0
9243,28,3,2043-04-01T00:00:00.0,0.0
9244,29,3,2043-04-01T00:00:00.0,0.0
9245,30,3,2043-04-01T00:00:00.0,0.0
9246,26,3,2044-04-01T00:00:00.0,0.0
9247,27,3,2044-04-01T00:00:00.0,0.0
9248,28,3,2044-04-01T00:00:00.0,0.0
9249,29,3,2044-04-01T00:00:00.0,0.0
9250,30,3,2044-04-01T00:00:00.0,0.0
9251,26,3,2045-04-01T00:00:00.0,0.0
9252,27,3,2045-04-01T00:00:00.0,0.0
9253,28,3,2045-04-01T00:00:00.0,0.0
9254,29,3,2045-04-01T00:00:00.0,0.0
9255,30,3,2045-04-01T00:00:00.0,0.0
9256,26,3,2046-04-01T00:00:00.0,0.0
9257,27,3,2046-04-01T00:00:00.0,0.0
9258,28,3,2046-04-01T00:00:00.0,0.0
9259,29,3,2046-04-01T00:00:00.0,0.0
9260,30,3,2046-04-01T00:00:00.0,0.0
9261,26,3,2047-04-01T00:00:00.0,0.0
9262,27,3,2047-04-01T00:00:00.0,0.0
9263,28,3,2047-04-01T00:00:00.0,0.0
9264,29,3,2047-04-01T00:00:00.0,0.0
9265,30,3,2047-04-01T00:00:00.0,0.0
9266,26,3,2048-04-01T00:00:00.0,0.0
9267,27,3,2048-04-01T00:00:00.0,0.0
9268,28,3,2048-04-01T00:00:00.0,0.0
9269,29,3,2048-04-01T00:00:00.0,0.0
9270,30,3,2048-04-01T00:00:00.0,0.0
9271,26,3,2049-04-01T00:00:00.0,0.0
9272,27,3,2049-04-01T00:00:00.0,0.0
9273,28,3,2049-04-01T00:00:00.0,0.0
9274,29,3,2049-04-01T00:00:00.0,0.0
9275,30,3,2049-04-01T00:00:00.0,0.0
9276,26,3,2050-04-01T00:00:00.0,0.0
9277,27,3,2050-04-01T00:00:00.0,0.0
9278,28,3,2050-04-01T00:00:00.0,0.0
9279,29,3,2050-04-01T00:00:00.0,0.0
9280,30,3,2050-04-01T00:00:00.0,0.0
9281,26,3,2051-04-01T00:00:00.0,0.0
9282,27,3,2051-04-01T00:00:00.0,0.0
9283,28,3,2051-04-01T00:00:00.0,0.0
9284,29,3,2051-04-01T00:00:00.0,0.0
9285,30,3,2051-04-01T00:00:00.0,0.0
9286,26,3,2052-04-01T00:00:00.0,0.0
9287,27,3,2052-04-01T00:00:00.0,0.0
9288,28,3,2052-04-01T00:00:00.0,0.0
9289,29,3,2052-04-01T00:00:00.0,0.0
9290,30,3,2052-04-01T00:00:00.0,0.0
9291,26,3,2053-04-01T00:00:00.0,0.0
9292,27,3,2053-04-01T00:00:00.0,0.0
9293,28,3,2053-04-01T00:00:00.0,0.0
9294,29,3,2053-04-01T00:00:00.0,0.0
9295,30,3,2053-04-01T00:00:00.0,0.0
9296,26,3,2054-04-01T00:00:00.0,0.0
9297,27,3,2054-04-01T00:00:00.0,0.0
9298,28,3,2054-04-01T00:00:00.0,0.0
9299,29,3,2054-04-01T00:00:00.0,0.0
9300,30,3,2054-04-01T00:00:00.0,0.0
9301,31,3,2023-11-01T00:00:00.0,0.0
9302,32,3,2023-11-01T00:00:00.0,0.0
9303,33,3,2023-11-01T00:00:00.0,93.74
9304,34,3,2023-11-01T00:00:00.0,1.0
9305,35,3,2023-11-01T00:00:00.0,242.01
9306,31,3,2024-11-01T00:00:00.0,0.0
9307,32,3,2024-11-01T00:00:00.0,0.0
9308,33,3,2024-11-01T00:00:00.0,105.33
9309,34,3,2024-11-01T00:00:00.0,1.1299999999999955
9310,35,3,2024-11-01T00:00:00.0,271.93
9311,31,3,2025-11-01T00:00:00.0,0.0
9312,32,3,2025-11-01T00:00:00.0,0.0
9313,33,3,2025-11-01T00:00:00.0,117.55
9314,34,3,2025-11-01T00:00:00.0,1.25
9315,35,3,2025-11-01T00:00:00.0,303.47999999999996
9316,31,3,2026-11-01T00:00:00.0,0.0
9317,32,3,2026-11-01T00:00:00.0,0.0
9318,33,3,2026-11-01T00:00:00.0,130.37
9319,34,3,2026-11-01T00:00:00.0,1.3899999999999864
9320,35,3,2026-11-01T00:00:00.0,336.58
9321,31,3,2027-11-01T00:00:00.0,0.0
9322,32,3,2027-11-01T00:00:00.0,0.0
9323,33,3,2027-11-01T00:00:00.0,142.99
9324,34,3,2027-11-01T00:00:00.0,1.5199999999999818
9325,35,3,2027-11-01T00:00:00.0,369.15
9326,31,3,2028-11-01T00:00:00.0,0.0
9327,32,3,2028-11-01T00:00:00.0,0.0
9328,33,3,2028-11-01T00:00:00.0,193.32
9329,34,3,2028-11-01T00:00:00.0,2.0600000000000023
9330,35,3,2028-11-01T00:00:00.0,499.09000000000003
9331,31,3,2029-11-01T00:00:00.0,0.0
9332,32,3,2029-11-01T00:00:00.0,0.0
9333,33,3,2029-11-01T00:00:00.0,240.22
9334,34,3,2029-11-01T00:00:00.0,2.5600000000000023
9335,35,3,2029-11-01T00:00:00.0,620.1800000000001
9336,31,3,2030-11-01T00:00:00.0,0.0
9337,32,3,2030-11-01T00:00:00.0,0.0
9338,33,3,2030-11-01T00:00:00.0,278.9
9339,34,3,2030-11-01T00:00:00.0,2.980000000000018
9340,35,3,2030-11-01T00:00:00.0,720.04
9341,31,3,2031-11-01T00:00:00.0,0.0
9342,32,3,2031-11-01T00:00:00.0,0.0
9343,33,3,2031-11-01T00:00:00.0,317.6
9344,34,3,2031-11-01T00:00:00.0,3.3899999999999864
9345,35,3,2031-11-01T00:00:00.0,819.95
9346,31,3,2032-11-01T00:00:00.0,0.0
9347,32,3,2032-11-01T00:00:00.0,0.0
9348,33,3,2032-11-01T00:00:00.0,356.3
9349,34,3,2032-11-01T00:00:00.0,3.8000000000000114
9350,35,3,2032-11-01T00:00:00.0,919.86
9351,31,3,2033-11-01T00:00:00.0,0.0
9352,32,3,2033-11-01T00:00:00.0,0.0
9353,33,3,2033-11-01T00:00:00.0,363.21
9354,34,3,2033-11-01T00:00:00.0,3.8700000000000045
9355,35,3,2033-11-01T00:00:00.0,937.6800000000001
9356,31,3,2034-11-01T00:00:00.0,0.0
9357,32,3,2034-11-01T00:00:00.0,0.0
9358,33,3,2034-11-01T00:00:00.0,369.54
9359,34,3,2034-11-01T00:00:00.0,3.9399999999999977
9360,35,3,2034-11-01T00:00:00.0,954.03
9361,31,3,2035-11-01T00:00:00.0,0.0
9362,32,3,2035-11-01T00:00:00.0,0.0
9363,33,3,2035-11-01T00:00:00.0,374.3
9364,34,3,2035-11-01T00:00:00.0,4.0
9365,35,3,2035-11-01T00:00:00.0,966.3300000000002
9366,31,3,2036-11-01T00:00:00.0,0.0
9367,32,3,2036-11-01T00:00:00.0,0.0
9368,33,3,2036-11-01T00:00:00.0,380.21
9369,34,3,2036-11-01T00:00:00.0,4.060000000000002
9370,35,3,2036-11-01T00:00:00.0,981.5799999999999
9371,31,3,2037-11-01T00:00:00.0,0.0
9372,32,3,2037-11-01T00:00:00.0,0.0
9373,33,3,2037-11-01T00:00:00.0,386.1
9374,34,3,2037-11-01T00:00:00.0,4.1200000000000045
9375,35,3,2037-11-01T00:00:00.0,996.78
9376,31,3,2038-11-01T00:00:00.0,0.0
9377,32,3,2038-11-01T00:00:00.0,0.0
9378,33,3,2038-11-01T00:00:00.0,389.85
9379,34,3,2038-11-01T00:00:00.0,4.159999999999968
9380,35,3,2038-11-01T00:00:00.0,1006.46
9381,31,3,2039-11-01T00:00:00.0,0.0
9382,32,3,2039-11-01T00:00:00.0,0.0
9383,33,3,2039-11-01T00:00:00.0,393.18
9384,34,3,2039-11-01T00:00:00.0,4.189999999999998
9385,35,3,2039-11-01T00:00:00.0,1015.07
9386,31,3,2040-11-01T00:00:00.0,0.0
9387,32,3,2040-11-01T00:00:00.0,0.0
9388,33,3,2040-11-01T00:00:00.0,397.6
9389,34,3,2040-11-01T00:00:00.0,4.239999999999952
9390,35,3,2040-11-01T00:00:00.0,1026.48
9391,31,3,2041-11-01T00:00:00.0,0.0
9392,32,3,2041-11-01T00:00:00.0,0.0
9393,33,3,2041-11-01T00:00:00.0,399.67
9394,34,3,2041-11-01T00:00:00.0,4.269999999999982
9395,35,3,2041-11-01T00:00:00.0,1031.83
9396,31,3,2042-11-01T00:00:00.0,0.0
9397,32,3,2042-11-01T00:00:00.0,0.0
9398,33,3,2042-11-01T00:00:00.0,402.24
9399,34,3,2042-11-01T00:00:00.0,4.289999999999964
9400,35,3,2042-11-01T00:00:00.0,1038.46
9401,31,3,2043-11-01T00:00:00.0,0.0
9402,32,3,2043-11-01T00:00:00.0,0.0
9403,33,3,2043-11-01T00:00:00.0,405.35
9404,34,3,2043-11-01T00:00:00.0,4.319999999999993
9405,35,3,2043-11-01T00:00:00.0,1046.47
9406,31,3,2044-11-01T00:00:00.0,0.0
9407,32,3,2044-11-01T00:00:00.0,0.0
9408,33,3,2044-11-01T00:00:00.0,404.66
9409,34,3,2044-11-01T00:00:00.0,4.310000000000002
9410,35,3,2044-11-01T00:00:00.0,1044.69
9411,31,3,2045-11-01T00:00:00.0,0.0
9412,32,3,2045-11-01T00:00:00.0,0.0
9413,33,3,2045-11-01T00:00:00.0,415.82
9414,34,3,2045-11-01T00:00:00.0,4.430000000000007
9415,35,3,2045-11-01T00:00:00.0,1073.51
9416,31,3,2046-11-01T00:00:00.0,0.0
9417,32,3,2046-11-01T00:00:00.0,0.0
9418,33,3,2046-11-01T00:00:00.0,426.96
9419,34,3,2046-11-01T00:00:00.0,4.550000000000011
9420,35,3,2046-11-01T00:00:00.0,1102.27
9421,31,3,2047-11-01T00:00:00.0,0.0
9422,32,3,2047-11-01T00:00:00.0,0.0
9423,33,3,2047-11-01T00:00:00.0,436.15
9424,34,3,2047-11-01T00:00:00.0,4.660000000000025
9425,35,3,2047-11-01T00:00:00.0,1126.0
9426,31,3,2048-11-01T00:00:00.0,0.0
9427,32,3,2048-11-01T00:00:00.0,0.0
9428,33,3,2048-11-01T00:00:00.0,446.87
9429,34,3,2048-11-01T00:00:00.0,4.759999999999991
9430,35,3,2048-11-01T00:00:00.0,1153.67
9431,31,3,2049-11-01T00:00:00.0,0.0
9432,32,3,2049-11-01T00:00:00.0,0.0
9433,33,3,2049-11-01T00:00:00.0,457.18
9434,34,3,2049-11-01T00:00:00.0,4.8799999999999955
9435,35,3,2049-11-01T00:00:00.0,1180.29
9436,31,3,2050-11-01T00:00:00.0,0.0
9437,32,3,2050-11-01T00:00:00.0,0.0
9438,33,3,2050-11-01T00:00:00.0,459.5
9439,34,3,2050-11-01T00:00:00.0,4.899999999999977
9440,35,3,2050-11-01T00:00:00.0,1186.27
9441,31,3,2051-11-01T00:00:00.0,0.0
9442,32,3,2051-11-01T00:00:00.0,0.0
9443,33,3,2051-11-01T00:00:00.0,467.0
9444,34,3,2051-11-01T00:00:00.0,4.990000000000009
9445,35,3,2051-11-01T00:00:00.0,1205.65
9446,31,3,2052-11-01T00:00:00.0,0.0
9447,32,3,2052-11-01T00:00:00.0,0.0
9448,33,3,2052-11-01T00:00:00.0,475.64
9449,34,3,2052-11-01T00:00:00.0,5.080000000000041
9450,35,3,2052-11-01T00:00:00.0,1227.95
9451,31,3,2053-11-01T00:00:00.0,0.0
9452,32,3,2053-11-01T00:00:00.0,0.0
9453,33,3,2053-11-01T00:00:00.0,485.41
9454,34,3,2053-11-01T00:00:00.0,5.17999999999995
9455,35,3,2053-11-01T00:00:00.0,1253.17
9456,31,3,2024-04-01T00:00:00.0,0.0
9457,32,3,2024-04-01T00:00:00.0,0.0
9458,33,3,2024-04-01T00:00:00.0,93.74
9459,34,3,2024-04-01T00:00:00.0,1.0
9460,35,3,2024-04-01T00:00:00.0,242.0
9461,31,3,2025-04-01T00:00:00.0,0.0
9462,32,3,2025-04-01T00:00:00.0,0.0
9463,33,3,2025-04-01T00:00:00.0,104.7
9464,34,3,2025-04-01T00:00:00.0,1.1199999999999903
9465,35,3,2025-04-01T00:00:00.0,270.31
9466,31,3,2026-04-01T00:00:00.0,0.0
9467,32,3,2026-04-01T00:00:00.0,0.0
9468,33,3,2026-04-01T00:00:00.0,116.51
9469,34,3,2026-04-01T00:00:00.0,1.2399999999999949
9470,35,3,2026-04-01T00:00:00.0,300.77
9471,31,3,2027-04-01T00:00:00.0,0.0
9472,32,3,2027-04-01T00:00:00.0,0.0
9473,33,3,2027-04-01T00:00:00.0,128.06
9474,34,3,2027-04-01T00:00:00.0,1.3700000000000045
9475,35,3,2027-04-01T00:00:00.0,330.59999999999997
9476,31,3,2028-04-01T00:00:00.0,0.0
9477,32,3,2028-04-01T00:00:00.0,0.0
9478,33,3,2028-04-01T00:00:00.0,140.2
9479,34,3,2028-04-01T00:00:00.0,1.490000000000009
9480,35,3,2028-04-01T00:00:00.0,361.93
9481,31,3,2029-04-01T00:00:00.0,0.0
9482,32,3,2029-04-01T00:00:00.0,0.0
9483,33,3,2029-04-01T00:00:00.0,153.27
9484,34,3,2029-04-01T00:00:00.0,1.6299999999999955
9485,35,3,2029-04-01T00:00:00.0,395.6700000000001
9486,31,3,2030-04-01T00:00:00.0,0.0
9487,32,3,2030-04-01T00:00:00.0,0.0
9488,33,3,2030-04-01T00:00:00.0,167.39
9489,34,3,2030-04-01T00:00:00.0,1.7900000000000205
9490,35,3,2030-04-01T00:00:00.0,432.14000000000004
9491,31,3,2031-04-01T00:00:00.0,0.0
9492,32,3,2031-04-01T00:00:00.0,0.0
9493,33,3,2031-04-01T00:00:00.0,182.18
9494,34,3,2031-04-01T00:00:00.0,1.9399999999999977
9495,35,3,2031-04-01T00:00:00.0,470.32000000000005
9496,31,3,2032-04-01T00:00:00.0,0.0
9497,32,3,2032-04-01T00:00:00.0,0.0
9498,33,3,2032-04-01T00:00:00.0,196.4
9499,34,3,2032-04-01T00:00:00.0,2.0900000000000034
9500,35,3,2032-04-01T00:00:00.0,507.02
9501,31,3,2033-04-01T00:00:00.0,0.0
9502,32,3,2033-04-01T00:00:00.0,0.0
9503,33,3,2033-04-01T00:00:00.0,210.79
9504,34,3,2033-04-01T00:00:00.0,2.25
9505,35,3,2033-04-01T00:00:00.0,544.1700000000001
9506,31,3,2034-04-01T00:00:00.0,0.0
9507,32,3,2034-04-01T00:00:00.0,0.0
9508,33,3,2034-04-01T00:00:00.0,224.47
9509,34,3,2034-04-01T00:00:00.0,2.390000000000015
9510,35,3,2034-04-01T00:00:00.0,579.49
9511,31,3,2035-04-01T00:00:00.0,0.0
9512,32,3,2035-04-01T00:00:00.0,0.0
9513,33,3,2035-04-01T00:00:00.0,238.83
9514,34,3,2035-04-01T00:00:00.0,2.549999999999983
9515,35,3,2035-04-01T00:00:00.0,616.5600000000001
9516,31,3,2036-04-01T00:00:00.0,0.0
9517,32,3,2036-04-01T00:00:00.0,0.0
9518,33,3,2036-04-01T00:00:00.0,253.84
9519,34,3,2036-04-01T00:00:00.0,2.710000000000008
9520,35,3,2036-04-01T00:00:00.0,655.31
9521,31,3,2037-04-01T00:00:00.0,0.0
9522,32,3,2037-04-01T00:00:00.0,0.0
9523,33,3,2037-04-01T00:00:00.0,268.4
9524,34,3,2037-04-01T00:00:00.0,2.8600000000000136
9525,35,3,2037-04-01T00:00:00.0,692.89
9526,31,3,2038-04-01T00:00:00.0,0.0
9527,32,3,2038-04-01T00:00:00.0,0.0
9528,33,3,2038-04-01T00:00:00.0,282.9
9529,34,3,2038-04-01T00:00:00.0,3.0200000000000387
9530,35,3,2038-04-01T00:00:00.0,730.3499999999999
9531,31,3,2039-04-01T00:00:00.0,0.0
9532,32,3,2039-04-01T00:00:00.0,0.0
9533,33,3,2039-04-01T00:00:00.0,296.01
9534,34,3,2039-04-01T00:00:00.0,3.160000000000025
9535,35,3,2039-04-01T00:00:00.0,764.1899999999998
9536,31,3,2040-04-01T00:00:00.0,0.0
9537,32,3,2040-04-01T00:00:00.0,0.0
9538,33,3,2040-04-01T00:00:00.0,310.07
9539,34,3,2040-04-01T00:00:00.0,3.3100000000000023
9540,35,3,2040-04-01T00:00:00.0,800.4799999999999
9541,31,3,2041-04-01T00:00:00.0,0.0
9542,32,3,2041-04-01T00:00:00.0,0.0
9543,33,3,2041-04-01T00:00:00.0,324.93
9544,34,3,2041-04-01T00:00:00.0,3.4599999999999795
9545,35,3,2041-04-01T00:00:00.0,838.84
9546,31,3,2042-04-01T00:00:00.0,0.0
9547,32,3,2042-04-01T00:00:00.0,0.0
9548,33,3,2042-04-01T00:00:00.0,339.81
9549,34,3,2042-04-01T00:00:00.0,3.6200000000000045
9550,35,3,2042-04-01T00:00:00.0,877.25
9551,31,3,2043-04-01T00:00:00.0,0.0
9552,32,3,2043-04-01T00:00:00.0,0.0
9553,33,3,2043-04-01T00:00:00.0,353.43
9554,34,3,2043-04-01T00:00:00.0,3.769999999999982
9555,35,3,2043-04-01T00:00:00.0,912.4099999999999
9556,31,3,2044-04-01T00:00:00.0,0.0
9557,32,3,2044-04-01T00:00:00.0,0.0
9558,33,3,2044-04-01T00:00:00.0,365.3
9559,34,3,2044-04-01T00:00:00.0,3.8999999999999773
9560,35,3,2044-04-01T00:00:00.0,943.06
9561,31,3,2045-04-01T00:00:00.0,0.0
9562,32,3,2045-04-01T00:00:00.0,0.0
9563,33,3,2045-04-01T00:00:00.0,376.19
9564,34,3,2045-04-01T00:00:00.0,4.009999999999991
9565,35,3,2045-04-01T00:00:00.0,971.1599999999999
9566,31,3,2046-04-01T00:00:00.0,0.0
9567,32,3,2046-04-01T00:00:00.0,0.0
9568,33,3,2046-04-01T00:00:00.0,386.49
9569,34,3,2046-04-01T00:00:00.0,4.1200000000000045
9570,35,3,2046-04-01T00:00:00.0,997.7599999999999
9571,31,3,2047-04-01T00:00:00.0,0.0
9572,32,3,2047-04-01T00:00:00.0,0.0
9573,33,3,2047-04-01T00:00:00.0,396.55
9574,34,3,2047-04-01T00:00:00.0,4.229999999999961
9575,35,3,2047-04-01T00:00:00.0,1023.75
9576,31,3,2048-04-01T00:00:00.0,0.0
9577,32,3,2048-04-01T00:00:00.0,0.0
9578,33,3,2048-04-01T00:00:00.0,405.91
9579,34,3,2048-04-01T00:00:00.0,4.329999999999984
9580,35,3,2048-04-01T00:00:00.0,1047.89
9581,31,3,2049-04-01T00:00:00.0,0.0
9582,32,3,2049-04-01T00:00:00.0,0.0
9583,33,3,2049-04-01T00:00:00.0,413.32
9584,34,3,2049-04-01T00:00:00.0,4.410000000000025
9585,35,3,2049-04-01T00:00:00.0,1067.03
9586,31,3,2050-04-01T00:00:00.0,0.0
9587,32,3,2050-04-01T00:00:00.0,0.0
9588,33,3,2050-04-01T00:00:00.0,422.26
9589,34,3,2050-04-01T00:00:00.0,4.509999999999991
9590,35,3,2050-04-01T00:00:00.0,1090.1200000000001
9591,31,3,2051-04-01T00:00:00.0,0.0
9592,32,3,2051-04-01T00:00:00.0,0.0
9593,33,3,2051-04-01T00:00:00.0,424.36
9594,34,3,2051-04-01T00:00:00.0,4.529999999999973
9595,35,3,2051-04-01T00:00:00.0,1095.5300000000002
9596,31,3,2052-04-01T00:00:00.0,0.0
9597,32,3,2052-04-01T00:00:00.0,0.0
9598,33,3,2052-04-01T00:00:00.0,429.7
9599,34,3,2052-04-01T00:00:00.0,4.579999999999984
9600,35,3,2052-04-01T00:00:00.0,1109.32
9601,31,3,2053-04-01T00:00:00.0,0.0
9602,32,3,2053-04-01T00:00:00.0,0.0
9603,33,3,2053-04-01T00:00:00.0,437.44
9604,34,3,2053-04-01T00:00:00.0,4.670000000000016
9605,35,3,2053-04-01T00:00:00.0,1129.31
9606,31,3,2054-04-01T00:00:00.0,0.0
9607,32,3,2054-04-01T00:00:00.0,0.0
9608,33,3,2054-04-01T00:00:00.0,445.27
9609,34,3,2054-04-01T00:00:00.0,4.75
9610,35,3,2054-04-01T00:00:00.0,1149.52
9611,36,3,2023-11-01T00:00:00.0,0.0
9612,37,3,2023-11-01T00:00:00.0,0.0
9613,38,3,2023-11-01T00:00:00.0,0.0
9614,39,3,2023-11-01T00:00:00.0,0.0
9615,40,3,2023-11-01T00:00:00.0,0.0
9616,36,3,2024-11-01T00:00:00.0,0.0
9617,37,3,2024-11-01T00:00:00.0,0.0
9618,38,3,2024-11-01T00:00:00.0,0.0
9619,39,3,2024-11-01T00:00:00.0,0.0
9620,40,3,2024-11-01T00:00:00.0,0.0
9621,36,3,2025-11-01T00:00:00.0,0.0
9622,37,3,2025-11-01T00:00:00.0,0.0
9623,38,3,2025-11-01T00:00:00.0,0.0
9624,39,3,2025-11-01T00:00:00.0,0.0
9625,40,3,2025-11-01T00:00:00.0,0.0
9626,36,3,2026-11-01T00:00:00.0,0.0
9627,37,3,2026-11-01T00:00:00.0,0.0
9628,38,3,2026-11-01T00:00:00.0,0.0
9629,39,3,2026-11-01T00:00:00.0,0.0
9630,40,3,2026-11-01T00:00:00.0,0.0
9631,36,3,2027-11-01T00:00:00.0,0.0
9632,37,3,2027-11-01T00:00:00.0,0.0
9633,38,3,2027-11-01T00:00:00.0,0.0
9634,39,3,2027-11-01T00:00:00.0,0.0
9635,40,3,2027-11-01T00:00:00.0,0.0
9636,36,3,2028-11-01T00:00:00.0,0.0
9637,37,3,2028-11-01T00:00:00.0,0.0
9638,38,3,2028-11-01T00:00:00.0,0.0
9639,39,3,2028-11-01T00:00:00.0,0.0
9640,40,3,2028-11-01T00:00:00.0,0.0
9641,36,3,2029-11-01T00:00:00.0,0.0
9642,37,3,2029-11-01T00:00:00.0,0.0
9643,38,3,2029-11-01T00:00:00.0,0.0
9644,39,3,2029-11-01T00:00:00.0,0.0
9645,40,3,2029-11-01T00:00:00.0,0.0
9646,36,3,2030-11-01T00:00:00.0,0.0
9647,37,3,2030-11-01T00:00:00.0,0.0
9648,38,3,2030-11-01T00:00:00.0,0.0
9649,39,3,2030-11-01T00:00:00.0,0.0
9650,40,3,2030-11-01T00:00:00.0,0.0
9651,36,3,2031-11-01T00:00:00.0,0.0
9652,37,3,2031-11-01T00:00:00.0,0.0
9653,38,3,2031-11-01T00:00:00.0,0.0
9654,39,3,2031-11-01T00:00:00.0,0.0
9655,40,3,2031-11-01T00:00:00.0,0.0
9656,36,3,2032-11-01T00:00:00.0,0.0
9657,37,3,2032-11-01T00:00:00.0,0.0
9658,38,3,2032-11-01T00:00:00.0,0.0
9659,39,3,2032-11-01T00:00:00.0,0.0
9660,40,3,2032-11-01T00:00:00.0,0.0
9661,36,3,2033-11-01T00:00:00.0,0.0
9662,37,3,2033-11-01T00:00:00.0,0.0
9663,38,3,2033-11-01T00:00:00.0,0.0
9664,39,3,2033-11-01T00:00:00.0,0.0
9665,40,3,2033-11-01T00:00:00.0,0.0
9666,36,3,2034-11-01T00:00:00.0,0.0
9667,37,3,2034-11-01T00:00:00.0,0.0
9668,38,3,2034-11-01T00:00:00.0,0.0
9669,39,3,2034-11-01T00:00:00.0,0.0
9670,40,3,2034-11-01T00:00:00.0,0.0
9671,36,3,2035-11-01T00:00:00.0,0.0
9672,37,3,2035-11-01T00:00:00.0,0.0
9673,38,3,2035-11-01T00:00:00.0,0.0
9674,39,3,2035-11-01T00:00:00.0,0.0
9675,40,3,2035-11-01T00:00:00.0,0.0
9676,36,3,2036-11-01T00:00:00.0,0.0
9677,37,3,2036-11-01T00:00:00.0,0.0
9678,38,3,2036-11-01T00:00:00.0,0.0
9679,39,3,2036-11-01T00:00:00.0,0.0
9680,40,3,2036-11-01T00:00:00.0,0.0
9681,36,3,2037-11-01T00:00:00.0,0.0
9682,37,3,2037-11-01T00:00:00.0,0.0
9683,38,3,2037-11-01T00:00:00.0,0.0
9684,39,3,2037-11-01T00:00:00.0,0.0
9685,40,3,2037-11-01T00:00:00.0,0.0
9686,36,3,2038-11-01T00:00:00.0,0.0
9687,37,3,2038-11-01T00:00:00.0,0.0
9688,38,3,2038-11-01T00:00:00.0,0.0
9689,39,3,2038-11-01T00:00:00.0,0.0
9690,40,3,2038-11-01T00:00:00.0,0.0
9691,36,3,2039-11-01T00:00:00.0,0.0
9692,37,3,2039-11-01T00:00:00.0,0.0
9693,38,3,2039-11-01T00:00:00.0,0.0
9694,39,3,2039-11-01T00:00:00.0,0.0
9695,40,3,2039-11-01T00:00:00.0,0.0
9696,36,3,2040-11-01T00:00:00.0,0.0
9697,37,3,2040-11-01T00:00:00.0,0.0
9698,38,3,2040-11-01T00:00:00.0,0.0
9699,39,3,2040-11-01T00:00:00.0,0.0
9700,40,3,2040-11-01T00:00:00.0,0.0
9701,36,3,2041-11-01T00:00:00.0,0.0
9702,37,3,2041-11-01T00:00:00.0,0.0
9703,38,3,2041-11-01T00:00:00.0,0.0
9704,39,3,2041-11-01T00:00:00.0,0.0
9705,40,3,2041-11-01T00:00:00.0,0.0
9706,36,3,2042-11-01T00:00:00.0,0.0
9707,37,3,2042-11-01T00:00:00.0,0.0
9708,38,3,2042-11-01T00:00:00.0,0.0
9709,39,3,2042-11-01T00:00:00.0,0.0
9710,40,3,2042-11-01T00:00:00.0,0.0
9711,36,3,2043-11-01T00:00:00.0,0.0
9712,37,3,2043-11-01T00:00:00.0,0.0
9713,38,3,2043-11-01T00:00:00.0,0.0
9714,39,3,2043-11-01T00:00:00.0,0.0
9715,40,3,2043-11-01T00:00:00.0,0.0
9716,36,3,2044-11-01T00:00:00.0,0.0
9717,37,3,2044-11-01T00:00:00.0,0.0
9718,38,3,2044-11-01T00:00:00.0,0.0
9719,39,3,2044-11-01T00:00:00.0,0.0
9720,40,3,2044-11-01T00:00:00.0,0.0
9721,36,3,2045-11-01T00:00:00.0,0.0
9722,37,3,2045-11-01T00:00:00.0,0.0
9723,38,3,2045-11-01T00:00:00.0,0.0
9724,39,3,2045-11-01T00:00:00.0,0.0
9725,40,3,2045-11-01T00:00:00.0,0.0
9726,36,3,2046-11-01T00:00:00.0,0.0
9727,37,3,2046-11-01T00:00:00.0,0.0
9728,38,3,2046-11-01T00:00:00.0,0.0
9729,39,3,2046-11-01T00:00:00.0,0.0
9730,40,3,2046-11-01T00:00:00.0,0.0
9731,36,3,2047-11-01T00:00:00.0,0.0
9732,37,3,2047-11-01T00:00:00.0,0.0
9733,38,3,2047-11-01T00:00:00.0,0.0
9734,39,3,2047-11-01T00:00:00.0,0.0
9735,40,3,2047-11-01T00:00:00.0,0.0
9736,36,3,2048-11-01T00:00:00.0,0.0
9737,37,3,2048-11-01T00:00:00.0,0.0
9738,38,3,2048-11-01T00:00:00.0,0.0
9739,39,3,2048-11-01T00:00:00.0,0.0
9740,40,3,2048-11-01T00:00:00.0,0.0
9741,36,3,2049-11-01T00:00:00.0,0.0
9742,37,3,2049-11-01T00:00:00.0,0.0
9743,38,3,2049-11-01T00:00:00.0,0.0
9744,39,3,2049-11-01T00:00:00.0,0.0
9745,40,3,2049-11-01T00:00:00.0,0.0
9746,36,3,2050-11-01T00:00:00.0,0.0
9747,37,3,2050-11-01T00:00:00.0,0.0
9748,38,3,2050-11-01T00:00:00.0,0.0
9749,39,3,2050-11-01T00:00:00.0,0.0
9750,40,3,2050-11-01T00:00:00.0,0.0
9751,36,3,2051-11-01T00:00:00.0,0.0
9752,37,3,2051-11-01T00:00:00.0,0.0
9753,38,3,2051-11-01T00:00:00.0,0.0
9754,39,3,2051-11-01T00:00:00.0,0.0
9755,40,3,2051-11-01T00:00:00.0,0.0
9756,36,3,2052-11-01T00:00:00.0,0.0
9757,37,3,2052-11-01T00:00:00.0,0.0
9758,38,3,2052-11-01T00:00:00.0,0.0
9759,39,3,2052-11-01T00:00:00.0,0.0
9760,40,3,2052-11-01T00:00:00.0,0.0
9761,36,3,2053-11-01T00:00:00.0,0.0
9762,37,3,2053-11-01T00:00:00.0,0.0
9763,38,3,2053-11-01T00:00:00.0,0.0
9764,39,3,2053-11-01T00:00:00.0,0.0
9765,40,3,2053-11-01T00:00:00.0,0.0
9766,36,3,2024-04-01T00:00:00.0,0.0
9767,37,3,2024-04-01T00:00:00.0,0.0
9768,38,3,2024-04-01T00:00:00.0,0.0
9769,39,3,2024-04-01T00:00:00.0,0.0
9770,40,3,2024-04-01T00:00:00.0,0.0
9771,36,3,2025-04-01T00:00:00.0,0.0
9772,37,3,2025-04-01T00:00:00.0,0.0
9773,38,3,2025-04-01T00:00:00.0,0.0
9774,39,3,2025-04-01T00:00:00.0,0.0
9775,40,3,2025-04-01T00:00:00.0,0.0
9776,36,3,2026-04-01T00:00:00.0,0.0
9777,37,3,2026-04-01T00:00:00.0,0.0
9778,38,3,2026-04-01T00:00:00.0,0.0
9779,39,3,2026-04-01T00:00:00.0,0.0
9780,40,3,2026-04-01T00:00:00.0,0.0
9781,36,3,2027-04-01T00:00:00.0,0.0
9782,37,3,2027-04-01T00:00:00.0,0.0
9783,38,3,2027-04-01T00:00:00.0,0.0
9784,39,3,2027-04-01T00:00:00.0,0.0
9785,40,3,2027-04-01T00:00:00.0,0.0
9786,36,3,2028-04-01T00:00:00.0,0.0
9787,37,3,2028-04-01T00:00:00.0,0.0
9788,38,3,2028-04-01T00:00:00.0,0.0
9789,39,3,2028-04-01T00:00:00.0,0.0
9790,40,3,2028-04-01T00:00:00.0,0.0
9791,36,3,2029-04-01T00:00:00.0,0.0
9792,37,3,2029-04-01T00:00:00.0,0.0
9793,38,3,2029-04-01T00:00:00.0,0.0
9794,39,3,2029-04-01T00:00:00.0,0.0
9795,40,3,2029-04-01T00:00:00.0,0.0
9796,36,3,2030-04-01T00:00:00.0,0.0
9797,37,3,2030-04-01T00:00:00.0,0.0
9798,38,3,2030-04-01T00:00:00.0,0.0
9799,39,3,2030-04-01T00:00:00.0,0.0
9800,40,3,2030-04-01T00:00:00.0,0.0
9801,36,3,2031-04-01T00:00:00.0,0.0
9802,37,3,2031-04-01T00:00:00.0,0.0
9803,38,3,2031-04-01T00:00:00.0,0.0
9804,39,3,2031-04-01T00:00:00.0,0.0
9805,40,3,2031-04-01T00:00:00.0,0.0
9806,36,3,2032-04-01T00:00:00.0,0.0
9807,37,3,2032-04-01T00:00:00.0,0.0
9808,38,3,2032-04-01T00:00:00.0,0.0
9809,39,3,2032-04-01T00:00:00.0,0.0
9810,40,3,2032-04-01T00:00:00.0,0.0
9811,36,3,2033-04-01T00:00:00.0,0.0
9812,37,3,2033-04-01T00:00:00.0,0.0
9813,38,3,2033-04-01T00:00:00.0,0.0
9814,39,3,2033-04-01T00:00:00.0,0.0
9815,40,3,2033-04-01T00:00:00.0,0.0
9816,36,3,2034-04-01T00:00:00.0,0.0
9817,37,3,2034-04-01T00:00:00.0,0.0
9818,38,3,2034-04-01T00:00:00.0,0.0
9819,39,3,2034-04-01T00:00:00.0,0.0
9820,40,3,2034-04-01T00:00:00.0,0.0
9821,36,3,2035-04-01T00:00:00.0,0.0
9822,37,3,2035-04-01T00:00:00.0,0.0
9823,38,3,2035-04-01T00:00:00.0,0.0
9824,39,3,2035-04-01T00:00:00.0,0.0
9825,40,3,2035-04-01T00:00:00.0,0.0
9826,36,3,2036-04-01T00:00:00.0,0.0
9827,37,3,2036-04-01T00:00:00.0,0.0
9828,38,3,2036-04-01T00:00:00.0,0.0
9829,39,3,2036-04-01T00:00:00.0,0.0
9830,40,3,2036-04-01T00:00:00.0,0.0
9831,36,3,2037-04-01T00:00:00.0,0.0
9832,37,3,2037-04-01T00:00:00.0,0.0
9833,38,3,2037-04-01T00:00:00.0,0.0
9834,39,3,2037-04-01T00:00:00.0,0.0
9835,40,3,2037-04-01T00:00:00.0,0.0
9836,36,3,2038-04-01T00:00:00.0,0.0
9837,37,3,2038-04-01T00:00:00.0,0.0
9838,38,3,2038-04-01T00:00:00.0,0.0
9839,39,3,2038-04-01T00:00:00.0,0.0
9840,40,3,2038-04-01T00:00:00.0,0.0
9841,36,3,2039-04-01T00:00:00.0,0.0
9842,37,3,2039-04-01T00:00:00.0,0.0
9843,38,3,2039-04-01T00:00:00.0,0.0
9844,39,3,2039-04-01T00:00:00.0,0.0
9845,40,3,2039-04-01T00:00:00.0,0.0
9846,36,3,2040-04-01T00:00:00.0,0.0
9847,37,3,2040-04-01T00:00:00.0,0.0
9848,38,3,2040-04-01T00:00:00.0,0.0
9849,39,3,2040-04-01T00:00:00.0,0.0
9850,40,3,2040-04-01T00:00:00.0,0.0
9851,36,3,2041-04-01T00:00:00.0,0.0
9852,37,3,2041-04-01T00:00:00.0,0.0
9853,38,3,2041-04-01T00:00:00.0,0.0
9854,39,3,2041-04-01T00:00:00.0,0.0
9855,40,3,2041-04-01T00:00:00.0,0.0
9856,36,3,2042-04-01T00:00:00.0,0.0
9857,37,3,2042-04-01T00:00:00.0,0.0
9858,38,3,2042-04-01T00:00:00.0,0.0
9859,39,3,2042-04-01T00:00:00.0,0.0
9860,40,3,2042-04-01T00:00:00.0,0.0
9861,36,3,2043-04-01T00:00:00.0,0.0
9862,37,3,2043-04-01T00:00:00.0,0.0
9863,38,3,2043-04-01T00:00:00.0,0.0
9864,39,3,2043-04-01T00:00:00.0,0.0
9865,40,3,2043-04-01T00:00:00.0,0.0
9866,36,3,2044-04-01T00:00:00.0,0.0
9867,37,3,2044-04-01T00:00:00.0,0.0
9868,38,3,2044-04-01T00:00:00.0,0.0
9869,39,3,2044-04-01T00:00:00.0,0.0
9870,40,3,2044-04-01T00:00:00.0,0.0
9871,36,3,2045-04-01T00:00:00.0,0.0
9872,37,3,2045-04-01T00:00:00.0,0.0
9873,38,3,2045-04-01T00:00:00.0,0.0
9874,39,3,2045-04-01T00:00:00.0,0.0
9875,40,3,2045-04-01T00:00:00.0,0.0
9876,36,3,2046-04-01T00:00:00.0,0.0
9877,37,3,2046-04-01T00:00:00.0,0.0
9878,38,3,2046-04-01T00:00:00.0,0.0
9879,39,3,2046-04-01T00:00:00.0,0.0
9880,40,3,2046-04-01T00:00:00.0,0.0
9881,36,3,2047-04-01T00:00:00.0,0.0
9882,37,3,2047-04-01T00:00:00.0,0.0
9883,38,3,2047-04-01T00:00:00.0,0.0
9884,39,3,2047-04-01T00:00:00.0,0.0
9885,40,3,2047-04-01T00:00:00.0,0.0
9886,36,3,2048-04-01T00:00:00.0,0.0
9887,37,3,2048-04-01T00:00:00.0,0.0
9888,38,3,2048-04-01T00:00:00.0,0.0
9889,39,3,2048-04-01T00:00:00.0,0.0
9890,40,3,2048-04-01T00:00:00.0,0.0
9891,36,3,2049-04-01T00:00:00.0,0.0
9892,37,3,2049-04-01T00:00:00.0,0.0
9893,38,3,2049-04-01T00:00:00.0,0.0
9894,39,3,2049-04-01T00:00:00.0,0.0
9895,40,3,2049-04-01T00:00:00.0,0.0
9896,36,3,2050-04-01T00:00:00.0,0.0
9897,37,3,2050-04-01T00:00:00.0,0.0
9898,38,3,2050-04-01T00:00:00.0,0.0
9899,39,3,2050-04-01T00:00:00.0,0.0
9900,40,3,2050-04-01T00:00:00.0,0.0
9901,36,3,2051-04-01T00:00:00.0,0.0
9902,37,3,2051-04-01T00:00:00.0,0.0
9903,38,3,2051-04-01T00:00:00.0,0.0
9904,39,3,2051-04-01T00:00:00.0,0.0
9905,40,3,2051-04-01T00:00:00.0,0.0
9906,36,3,2052-04-01T00:00:00.0,0.0
9907,37,3,2052-04-01T00:00:00.0,0.0
9908,38,3,2052-04-01T00:00:00.0,0.0
9909,39,3,2052-04-01T00:00:00.0,0.0
9910,40,3,2052-04-01T00:00:00.0,0.0
9911,36,3,2053-04-01T00:00:00.0,0.0
9912,37,3,2053-04-01T00:00:00.0,0.0
9913,38,3,2053-04-01T00:00:00.0,0.0
9914,39,3,2053-04-01T00:00:00.0,0.0
9915,40,3,2053-04-01T00:00:00.0,0.0
9916,36,3,2054-04-01T00:00:00.0,0.0
9917,37,3,2054-04-01T00:00:00.0,0.0
9918,38,3,2054-04-01T00:00:00.0,0.0
9919,39,3,2054-04-01T00:00:00.0,0.0
9920,40,3,2054-04-01T00:00:00.0,0.0
9921,41,3,2023-11-01T00:00:00.0,0.0
9922,42,3,2023-11-01T00:00:00.0,0.0
9923,43,3,2023-11-01T00:00:00.0,63.18
9924,44,3,2023-11-01T00:00:00.0,0.0
9925,45,3,2023-11-01T00:00:00.0,194.0
9926,41,3,2024-11-01T00:00:00.0,0.0
9927,42,3,2024-11-01T00:00:00.0,0.0
9928,43,3,2024-11-01T00:00:00.0,70.47
9929,44,3,2024-11-01T00:00:00.0,0.0
9930,45,3,2024-11-01T00:00:00.0,216.38000000000002
9931,41,3,2025-11-01T00:00:00.0,0.0
9932,42,3,2025-11-01T00:00:00.0,0.0
9933,43,3,2025-11-01T00:00:00.0,79.1
9934,44,3,2025-11-01T00:00:00.0,0.0
9935,45,3,2025-11-01T00:00:00.0,242.87000000000003
9936,41,3,2026-11-01T00:00:00.0,0.0
9937,42,3,2026-11-01T00:00:00.0,0.0
9938,43,3,2026-11-01T00:00:00.0,89.12
9939,44,3,2026-11-01T00:00:00.0,0.0
9940,45,3,2026-11-01T00:00:00.0,273.67
9941,41,3,2027-11-01T00:00:00.0,0.0
9942,42,3,2027-11-01T00:00:00.0,0.0
9943,43,3,2027-11-01T00:00:00.0,99.34
9944,44,3,2027-11-01T00:00:00.0,0.0
9945,45,3,2027-11-01T00:00:00.0,305.02
9946,41,3,2028-11-01T00:00:00.0,0.0
9947,42,3,2028-11-01T00:00:00.0,0.0
9948,43,3,2028-11-01T00:00:00.0,110.15
9949,44,3,2028-11-01T00:00:00.0,0.0
9950,45,3,2028-11-01T00:00:00.0,338.22
9951,41,3,2029-11-01T00:00:00.0,0.0
9952,42,3,2029-11-01T00:00:00.0,0.0
9953,43,3,2029-11-01T00:00:00.0,120.84
9954,44,3,2029-11-01T00:00:00.0,0.0
9955,45,3,2029-11-01T00:00:00.0,371.05999999999995
9956,41,3,2030-11-01T00:00:00.0,0.0
9957,42,3,2030-11-01T00:00:00.0,0.0
9958,43,3,2030-11-01T00:00:00.0,131.61
9959,44,3,2030-11-01T00:00:00.0,0.0
9960,45,3,2030-11-01T00:00:00.0,404.14
9961,41,3,2031-11-01T00:00:00.0,0.0
9962,42,3,2031-11-01T00:00:00.0,0.0
9963,43,3,2031-11-01T00:00:00.0,143.32
9964,44,3,2031-11-01T00:00:00.0,0.0
9965,45,3,2031-11-01T00:00:00.0,440.09999999999997
9966,41,3,2032-11-01T00:00:00.0,0.0
9967,42,3,2032-11-01T00:00:00.0,0.0
9968,43,3,2032-11-01T00:00:00.0,155.3
9969,44,3,2032-11-01T00:00:00.0,0.0
9970,45,3,2032-11-01T00:00:00.0,476.87999999999994
9971,41,3,2033-11-01T00:00:00.0,0.0
9972,42,3,2033-11-01T00:00:00.0,0.0
9973,43,3,2033-11-01T00:00:00.0,167.81
9974,44,3,2033-11-01T00:00:00.0,0.0
9975,45,3,2033-11-01T00:00:00.0,515.28
9976,41,3,2034-11-01T00:00:00.0,0.0
9977,42,3,2034-11-01T00:00:00.0,0.0
9978,43,3,2034-11-01T00:00:00.0,178.89
9979,44,3,2034-11-01T00:00:00.0,0.0
9980,45,3,2034-11-01T00:00:00.0,549.32
9981,41,3,2035-11-01T00:00:00.0,0.0
9982,42,3,2035-11-01T00:00:00.0,0.0
9983,43,3,2035-11-01T00:00:00.0,189.14
9984,44,3,2035-11-01T00:00:00.0,0.0
9985,45,3,2035-11-01T00:00:00.0,580.79
9986,41,3,2036-11-01T00:00:00.0,0.0
9987,42,3,2036-11-01T00:00:00.0,0.0
9988,43,3,2036-11-01T00:00:00.0,199.48
9989,44,3,2036-11-01T00:00:00.0,0.0
9990,45,3,2036-11-01T00:00:00.0,612.53
9991,41,3,2037-11-01T00:00:00.0,0.0
9992,42,3,2037-11-01T00:00:00.0,0.0
9993,43,3,2037-11-01T00:00:00.0,210.6
9994,44,3,2037-11-01T00:00:00.0,0.0
9995,45,3,2037-11-01T00:00:00.0,646.68
9996,41,3,2038-11-01T00:00:00.0,0.0
9997,42,3,2038-11-01T00:00:00.0,0.0
9998,43,3,2038-11-01T00:00:00.0,221.24
9999,44,3,2038-11-01T00:00:00.0,0.0
10000,45,3,2038-11-01T00:00:00.0,679.34
10001,41,3,2039-11-01T00:00:00.0,0.0
10002,42,3,2039-11-01T00:00:00.0,0.0
10003,43,3,2039-11-01T00:00:00.0,232.33
10004,44,3,2039-11-01T00:00:00.0,0.0
10005,45,3,2039-11-01T00:00:00.0,713.41
10006,41,3,2040-11-01T00:00:00.0,0.0
10007,42,3,2040-11-01T00:00:00.0,0.0
10008,43,3,2040-11-01T00:00:00.0,243.45
10009,44,3,2040-11-01T00:00:00.0,0.0
10010,45,3,2040-11-01T00:00:00.0,747.5699999999999
10011,41,3,2041-11-01T00:00:00.0,0.0
10012,42,3,2041-11-01T00:00:00.0,0.0
10013,43,3,2041-11-01T00:00:00.0,253.38
10014,44,3,2041-11-01T00:00:00.0,0.0
10015,45,3,2041-11-01T00:00:00.0,778.0400000000001
10016,41,3,2042-11-01T00:00:00.0,0.0
10017,42,3,2042-11-01T00:00:00.0,0.0
10018,43,3,2042-11-01T00:00:00.0,263.1
10019,44,3,2042-11-01T00:00:00.0,0.0
10020,45,3,2042-11-01T00:00:00.0,807.87
10021,41,3,2043-11-01T00:00:00.0,0.0
10022,42,3,2043-11-01T00:00:00.0,0.0
10023,43,3,2043-11-01T00:00:00.0,272.61
10024,44,3,2043-11-01T00:00:00.0,0.0
10025,45,3,2043-11-01T00:00:00.0,837.07
10026,41,3,2044-11-01T00:00:00.0,0.0
10027,42,3,2044-11-01T00:00:00.0,0.0
10028,43,3,2044-11-01T00:00:00.0,281.22
10029,44,3,2044-11-01T00:00:00.0,0.0
10030,45,3,2044-11-01T00:00:00.0,863.52
10031,41,3,2045-11-01T00:00:00.0,0.0
10032,42,3,2045-11-01T00:00:00.0,0.0
10033,43,3,2045-11-01T00:00:00.0,288.95
10034,44,3,2045-11-01T00:00:00.0,0.0
10035,45,3,2045-11-01T00:00:00.0,887.27
10036,41,3,2046-11-01T00:00:00.0,0.0
10037,42,3,2046-11-01T00:00:00.0,0.0
10038,43,3,2046-11-01T00:00:00.0,295.15
10039,44,3,2046-11-01T00:00:00.0,0.0
10040,45,3,2046-11-01T00:00:00.0,906.2900000000001
10041,41,3,2047-11-01T00:00:00.0,0.0
10042,42,3,2047-11-01T00:00:00.0,0.0
10043,43,3,2047-11-01T00:00:00.0,299.66
10044,44,3,2047-11-01T00:00:00.0,0.0
10045,45,3,2047-11-01T00:00:00.0,920.1299999999999
10046,41,3,2048-11-01T00:00:00.0,0.0
10047,42,3,2048-11-01T00:00:00.0,0.0
10048,43,3,2048-11-01T00:00:00.0,304.69
10049,44,3,2048-11-01T00:00:00.0,0.0
10050,45,3,2048-11-01T00:00:00.0,935.5699999999999
10051,41,3,2049-11-01T00:00:00.0,0.0
10052,42,3,2049-11-01T00:00:00.0,0.0
10053,43,3,2049-11-01T00:00:00.0,311.22
10054,44,3,2049-11-01T00:00:00.0,0.0
10055,45,3,2049-11-01T00:00:00.0,955.6299999999999
10056,41,3,2050-11-01T00:00:00.0,0.0
10057,42,3,2050-11-01T00:00:00.0,0.0
10058,43,3,2050-11-01T00:00:00.0,310.74
10059,44,3,2050-11-01T00:00:00.0,0.0
10060,45,3,2050-11-01T00:00:00.0,954.1800000000001
10061,41,3,2051-11-01T00:00:00.0,0.0
10062,42,3,2051-11-01T00:00:00.0,0.0
10063,43,3,2051-11-01T00:00:00.0,309.75
10064,44,3,2051-11-01T00:00:00.0,0.0
10065,45,3,2051-11-01T00:00:00.0,951.1300000000001
10066,41,3,2052-11-01T00:00:00.0,0.0
10067,42,3,2052-11-01T00:00:00.0,0.0
10068,43,3,2052-11-01T00:00:00.0,309.04
10069,44,3,2052-11-01T00:00:00.0,0.0
10070,45,3,2052-11-01T00:00:00.0,948.95
10071,41,3,2053-11-01T00:00:00.0,0.0
10072,42,3,2053-11-01T00:00:00.0,0.0
10073,43,3,2053-11-01T00:00:00.0,309.79
10074,44,3,2053-11-01T00:00:00.0,0.0
10075,45,3,2053-11-01T00:00:00.0,951.24
10076,41,3,2024-04-01T00:00:00.0,0.0
10077,42,3,2024-04-01T00:00:00.0,0.0
10078,43,3,2024-04-01T00:00:00.0,63.18
10079,44,3,2024-04-01T00:00:00.0,0.0
10080,45,3,2024-04-01T00:00:00.0,149.0
10081,41,3,2025-04-01T00:00:00.0,0.0
10082,42,3,2025-04-01T00:00:00.0,0.0
10083,43,3,2025-04-01T00:00:00.0,70.93
10084,44,3,2025-04-01T00:00:00.0,0.0
10085,45,3,2025-04-01T00:00:00.0,167.26
10086,41,3,2026-04-01T00:00:00.0,0.0
10087,42,3,2026-04-01T00:00:00.0,0.0
10088,43,3,2026-04-01T00:00:00.0,80.58
10089,44,3,2026-04-01T00:00:00.0,0.0
10090,45,3,2026-04-01T00:00:00.0,190.04000000000002
10091,41,3,2027-04-01T00:00:00.0,0.0
10092,42,3,2027-04-01T00:00:00.0,0.0
10093,43,3,2027-04-01T00:00:00.0,91.28
10094,44,3,2027-04-01T00:00:00.0,0.0
10095,45,3,2027-04-01T00:00:00.0,215.26000000000002
10096,41,3,2028-04-01T00:00:00.0,0.0
10097,42,3,2028-04-01T00:00:00.0,0.0
10098,43,3,2028-04-01T00:00:00.0,103.8
10099,44,3,2028-04-01T00:00:00.0,0.0
10100,45,3,2028-04-01T00:00:00.0,244.77999999999997
10101,41,3,2029-04-01T00:00:00.0,0.0
10102,42,3,2029-04-01T00:00:00.0,0.0
10103,43,3,2029-04-01T00:00:00.0,117.15
10104,44,3,2029-04-01T00:00:00.0,0.0
10105,45,3,2029-04-01T00:00:00.0,276.27
10106,41,3,2030-04-01T00:00:00.0,0.0
10107,42,3,2030-04-01T00:00:00.0,0.0
10108,43,3,2030-04-01T00:00:00.0,130.2
10109,44,3,2030-04-01T00:00:00.0,0.0
10110,45,3,2030-04-01T00:00:00.0,307.04
10111,41,3,2031-04-01T00:00:00.0,0.0
10112,42,3,2031-04-01T00:00:00.0,0.0
10113,43,3,2031-04-01T00:00:00.0,143.2
10114,44,3,2031-04-01T00:00:00.0,0.0
10115,45,3,2031-04-01T00:00:00.0,337.71000000000004
10116,41,3,2032-04-01T00:00:00.0,0.0
10117,42,3,2032-04-01T00:00:00.0,0.0
10118,43,3,2032-04-01T00:00:00.0,156.88
10119,44,3,2032-04-01T00:00:00.0,0.0
10120,45,3,2032-04-01T00:00:00.0,369.97
10121,41,3,2033-04-01T00:00:00.0,0.0
10122,42,3,2033-04-01T00:00:00.0,0.0
10123,43,3,2033-04-01T00:00:00.0,171.02
10124,44,3,2033-04-01T00:00:00.0,0.0
10125,45,3,2033-04-01T00:00:00.0,403.32000000000005
10126,41,3,2034-04-01T00:00:00.0,0.0
10127,42,3,2034-04-01T00:00:00.0,0.0
10128,43,3,2034-04-01T00:00:00.0,184.43
10129,44,3,2034-04-01T00:00:00.0,0.0
10130,45,3,2034-04-01T00:00:00.0,434.94
10131,41,3,2035-04-01T00:00:00.0,0.0
10132,42,3,2035-04-01T00:00:00.0,0.0
10133,43,3,2035-04-01T00:00:00.0,197.13
10134,44,3,2035-04-01T00:00:00.0,0.0
10135,45,3,2035-04-01T00:00:00.0,464.9
10136,41,3,2036-04-01T00:00:00.0,0.0
10137,42,3,2036-04-01T00:00:00.0,0.0
10138,43,3,2036-04-01T00:00:00.0,210.07
10139,44,3,2036-04-01T00:00:00.0,0.0
10140,45,3,2036-04-01T00:00:00.0,495.40000000000003
10141,41,3,2037-04-01T00:00:00.0,0.0
10142,42,3,2037-04-01T00:00:00.0,0.0
10143,43,3,2037-04-01T00:00:00.0,222.39
10144,44,3,2037-04-01T00:00:00.0,0.0
10145,45,3,2037-04-01T00:00:00.0,524.47
10146,41,3,2038-04-01T00:00:00.0,0.0
10147,42,3,2038-04-01T00:00:00.0,0.0
10148,43,3,2038-04-01T00:00:00.0,235.6
10149,44,3,2038-04-01T00:00:00.0,0.0
10150,45,3,2038-04-01T00:00:00.0,555.61
10151,41,3,2039-04-01T00:00:00.0,0.0
10152,42,3,2039-04-01T00:00:00.0,0.0
10153,43,3,2039-04-01T00:00:00.0,247.58
10154,44,3,2039-04-01T00:00:00.0,0.0
10155,45,3,2039-04-01T00:00:00.0,583.88
10156,41,3,2040-04-01T00:00:00.0,0.0
10157,42,3,2040-04-01T00:00:00.0,0.0
10158,43,3,2040-04-01T00:00:00.0,258.73
10159,44,3,2040-04-01T00:00:00.0,0.0
10160,45,3,2040-04-01T00:00:00.0,610.17
10161,41,3,2041-04-01T00:00:00.0,0.0
10162,42,3,2041-04-01T00:00:00.0,0.0
10163,43,3,2041-04-01T00:00:00.0,271.69
10164,44,3,2041-04-01T00:00:00.0,0.0
10165,45,3,2041-04-01T00:00:00.0,640.72
10166,41,3,2042-04-01T00:00:00.0,0.0
10167,42,3,2042-04-01T00:00:00.0,0.0
10168,43,3,2042-04-01T00:00:00.0,284.23
10169,44,3,2042-04-01T00:00:00.0,0.0
10170,45,3,2042-04-01T00:00:00.0,670.3199999999999
10171,41,3,2043-04-01T00:00:00.0,0.0
10172,42,3,2043-04-01T00:00:00.0,0.0
10173,43,3,2043-04-01T00:00:00.0,295.99
10174,44,3,2043-04-01T00:00:00.0,0.0
10175,45,3,2043-04-01T00:00:00.0,698.04
10176,41,3,2044-04-01T00:00:00.0,0.0
10177,42,3,2044-04-01T00:00:00.0,0.0
10178,43,3,2044-04-01T00:00:00.0,304.77
10179,44,3,2044-04-01T00:00:00.0,0.0
10180,45,3,2044-04-01T00:00:00.0,718.73
10181,41,3,2045-04-01T00:00:00.0,0.0
10182,42,3,2045-04-01T00:00:00.0,0.0
10183,43,3,2045-04-01T00:00:00.0,313.07
10184,44,3,2045-04-01T00:00:00.0,0.0
10185,45,3,2045-04-01T00:00:00.0,738.3300000000002
10186,41,3,2046-04-01T00:00:00.0,0.0
10187,42,3,2046-04-01T00:00:00.0,0.0
10188,43,3,2046-04-01T00:00:00.0,320.03
10189,44,3,2046-04-01T00:00:00.0,0.0
10190,45,3,2046-04-01T00:00:00.0,754.73
10191,41,3,2047-04-01T00:00:00.0,0.0
10192,42,3,2047-04-01T00:00:00.0,0.0
10193,43,3,2047-04-01T00:00:00.0,326.68
10194,44,3,2047-04-01T00:00:00.0,0.0
10195,45,3,2047-04-01T00:00:00.0,770.4099999999999
10196,41,3,2048-04-01T00:00:00.0,0.0
10197,42,3,2048-04-01T00:00:00.0,0.0
10198,43,3,2048-04-01T00:00:00.0,331.76
10199,44,3,2048-04-01T00:00:00.0,0.0
10200,45,3,2048-04-01T00:00:00.0,782.4100000000001
10201,41,3,2049-04-01T00:00:00.0,0.0
10202,42,3,2049-04-01T00:00:00.0,0.0
10203,43,3,2049-04-01T00:00:00.0,337.71
10204,44,3,2049-04-01T00:00:00.0,0.0
10205,45,3,2049-04-01T00:00:00.0,796.4300000000001
10206,41,3,2050-04-01T00:00:00.0,0.0
10207,42,3,2050-04-01T00:00:00.0,0.0
10208,43,3,2050-04-01T00:00:00.0,343.0
10209,44,3,2050-04-01T00:00:00.0,0.0
10210,45,3,2050-04-01T00:00:00.0,808.8900000000001
10211,41,3,2051-04-01T00:00:00.0,0.0
10212,42,3,2051-04-01T00:00:00.0,0.0
10213,43,3,2051-04-01T00:00:00.0,339.12
10214,44,3,2051-04-01T00:00:00.0,0.0
10215,45,3,2051-04-01T00:00:00.0,799.7499999999999
10216,41,3,2052-04-01T00:00:00.0,0.0
10217,42,3,2052-04-01T00:00:00.0,0.0
10218,43,3,2052-04-01T00:00:00.0,335.12
10219,44,3,2052-04-01T00:00:00.0,0.0
10220,45,3,2052-04-01T00:00:00.0,790.3100000000001
10221,41,3,2053-04-01T00:00:00.0,0.0
10222,42,3,2053-04-01T00:00:00.0,0.0
10223,43,3,2053-04-01T00:00:00.0,333.2
10224,44,3,2053-04-01T00:00:00.0,0.0
10225,45,3,2053-04-01T00:00:00.0,785.8
10226,41,3,2054-04-01T00:00:00.0,0.0
10227,42,3,2054-04-01T00:00:00.0,0.0
10228,43,3,2054-04-01T00:00:00.0,331.92
10229,44,3,2054-04-01T00:00:00.0,0.0
10230,45,3,2054-04-01T00:00:00.0,782.79
10231,46,3,2023-11-01T00:00:00.0,0.36
10232,47,3,2023-11-01T00:00:00.0,5.59
10233,48,3,2023-11-01T00:00:00.0,0.0
10234,49,3,2023-11-01T00:00:00.0,0.0
10235,50,3,2023-11-01T00:00:00.0,0.0
10236,46,3,2024-11-01T00:00:00.0,0.65
10237,47,3,2024-11-01T00:00:00.0,10.12
10238,48,3,2024-11-01T00:00:00.0,0.0
10239,49,3,2024-11-01T00:00:00.0,0.0
10240,50,3,2024-11-01T00:00:00.0,0.0
10241,46,3,2025-11-01T00:00:00.0,0.97
10242,47,3,2025-11-01T00:00:00.0,15.0
10243,48,3,2025-11-01T00:00:00.0,0.0
10244,49,3,2025-11-01T00:00:00.0,0.0
10245,50,3,2025-11-01T00:00:00.0,0.0
10246,46,3,2026-11-01T00:00:00.0,1.32
10247,47,3,2026-11-01T00:00:00.0,20.48
10248,48,3,2026-11-01T00:00:00.0,0.0
10249,49,3,2026-11-01T00:00:00.0,0.0
10250,50,3,2026-11-01T00:00:00.0,0.0
10251,46,3,2027-11-01T00:00:00.0,1.69
10252,47,3,2027-11-01T00:00:00.0,26.18
10253,48,3,2027-11-01T00:00:00.0,0.0
10254,49,3,2027-11-01T00:00:00.0,0.0
10255,50,3,2027-11-01T00:00:00.0,0.0
10256,46,3,2028-11-01T00:00:00.0,2.02
10257,47,3,2028-11-01T00:00:00.0,31.320000000000004
10258,48,3,2028-11-01T00:00:00.0,0.0
10259,49,3,2028-11-01T00:00:00.0,0.0
10260,50,3,2028-11-01T00:00:00.0,0.0
10261,46,3,2029-11-01T00:00:00.0,2.35
10262,47,3,2029-11-01T00:00:00.0,36.54
10263,48,3,2029-11-01T00:00:00.0,0.0
10264,49,3,2029-11-01T00:00:00.0,0.0
10265,50,3,2029-11-01T00:00:00.0,0.0
10266,46,3,2030-11-01T00:00:00.0,2.71
10267,47,3,2030-11-01T00:00:00.0,42.04
10268,48,3,2030-11-01T00:00:00.0,0.0
10269,49,3,2030-11-01T00:00:00.0,0.0
10270,50,3,2030-11-01T00:00:00.0,0.0
10271,46,3,2031-11-01T00:00:00.0,3.12
10272,47,3,2031-11-01T00:00:00.0,48.36
10273,48,3,2031-11-01T00:00:00.0,0.0
10274,49,3,2031-11-01T00:00:00.0,0.0
10275,50,3,2031-11-01T00:00:00.0,0.010000000000005116
10276,46,3,2032-11-01T00:00:00.0,3.54
10277,47,3,2032-11-01T00:00:00.0,54.99
10278,48,3,2032-11-01T00:00:00.0,0.0
10279,49,3,2032-11-01T00:00:00.0,0.0
10280,50,3,2032-11-01T00:00:00.0,0.0
10281,46,3,2033-11-01T00:00:00.0,3.95
10282,47,3,2033-11-01T00:00:00.0,61.36999999999999
10283,48,3,2033-11-01T00:00:00.0,0.0
10284,49,3,2033-11-01T00:00:00.0,0.0
10285,50,3,2033-11-01T00:00:00.0,0.010000000000005116
10286,46,3,2034-11-01T00:00:00.0,4.33
10287,47,3,2034-11-01T00:00:00.0,67.18
10288,48,3,2034-11-01T00:00:00.0,0.0
10289,49,3,2034-11-01T00:00:00.0,0.0
10290,50,3,2034-11-01T00:00:00.0,0.0
10291,46,3,2035-11-01T00:00:00.0,4.69
10292,47,3,2035-11-01T00:00:00.0,72.76
10293,48,3,2035-11-01T00:00:00.0,0.0
10294,49,3,2035-11-01T00:00:00.0,0.0
10295,50,3,2035-11-01T00:00:00.0,0.0
10296,46,3,2036-11-01T00:00:00.0,5.08
10297,47,3,2036-11-01T00:00:00.0,78.94
10298,48,3,2036-11-01T00:00:00.0,0.0
10299,49,3,2036-11-01T00:00:00.0,0.0
10300,50,3,2036-11-01T00:00:00.0,0.010000000000005116
10301,46,3,2037-11-01T00:00:00.0,5.49
10302,47,3,2037-11-01T00:00:00.0,85.29
10303,48,3,2037-11-01T00:00:00.0,0.0
10304,49,3,2037-11-01T00:00:00.0,0.0
10305,50,3,2037-11-01T00:00:00.0,0.0
10306,46,3,2038-11-01T00:00:00.0,5.89
10307,47,3,2038-11-01T00:00:00.0,91.53
10308,48,3,2038-11-01T00:00:00.0,0.0
10309,49,3,2038-11-01T00:00:00.0,0.0
10310,50,3,2038-11-01T00:00:00.0,0.0
10311,46,3,2039-11-01T00:00:00.0,6.28
10312,47,3,2039-11-01T00:00:00.0,97.53
10313,48,3,2039-11-01T00:00:00.0,0.0
10314,49,3,2039-11-01T00:00:00.0,0.0
10315,50,3,2039-11-01T00:00:00.0,0.009999999999990905
10316,46,3,2040-11-01T00:00:00.0,6.7
10317,47,3,2040-11-01T00:00:00.0,104.08
10318,48,3,2040-11-01T00:00:00.0,0.0
10319,49,3,2040-11-01T00:00:00.0,0.0
10320,50,3,2040-11-01T00:00:00.0,0.010000000000005116
10321,46,3,2041-11-01T00:00:00.0,7.11
10322,47,3,2041-11-01T00:00:00.0,110.34
10323,48,3,2041-11-01T00:00:00.0,0.0
10324,49,3,2041-11-01T00:00:00.0,0.0
10325,50,3,2041-11-01T00:00:00.0,0.009999999999990905
10326,46,3,2042-11-01T00:00:00.0,7.51
10327,47,3,2042-11-01T00:00:00.0,116.57
10328,48,3,2042-11-01T00:00:00.0,0.0
10329,49,3,2042-11-01T00:00:00.0,0.0
10330,50,3,2042-11-01T00:00:00.0,0.010000000000005116
10331,46,3,2043-11-01T00:00:00.0,7.9
10332,47,3,2043-11-01T00:00:00.0,122.6
10333,48,3,2043-11-01T00:00:00.0,0.0
10334,49,3,2043-11-01T00:00:00.0,0.0
10335,50,3,2043-11-01T00:00:00.0,0.0
10336,46,3,2044-11-01T00:00:00.0,8.22
10337,47,3,2044-11-01T00:00:00.0,127.68
10338,48,3,2044-11-01T00:00:00.0,0.0
10339,49,3,2044-11-01T00:00:00.0,0.0
10340,50,3,2044-11-01T00:00:00.0,0.009999999999990905
10341,46,3,2045-11-01T00:00:00.0,8.59
10342,47,3,2045-11-01T00:00:00.0,133.32
10343,48,3,2045-11-01T00:00:00.0,0.0
10344,49,3,2045-11-01T00:00:00.0,0.0
10345,50,3,2045-11-01T00:00:00.0,0.009999999999990905
10346,46,3,2046-11-01T00:00:00.0,8.94
10347,47,3,2046-11-01T00:00:00.0,138.86
10348,48,3,2046-11-01T00:00:00.0,0.0
10349,49,3,2046-11-01T00:00:00.0,0.0
10350,50,3,2046-11-01T00:00:00.0,0.0
10351,46,3,2047-11-01T00:00:00.0,9.26
10352,47,3,2047-11-01T00:00:00.0,143.76000000000002
10353,48,3,2047-11-01T00:00:00.0,0.0
10354,49,3,2047-11-01T00:00:00.0,0.0
10355,50,3,2047-11-01T00:00:00.0,0.0
10356,46,3,2048-11-01T00:00:00.0,9.48
10357,47,3,2048-11-01T00:00:00.0,147.16
10358,48,3,2048-11-01T00:00:00.0,0.0
10359,49,3,2048-11-01T00:00:00.0,0.0
10360,50,3,2048-11-01T00:00:00.0,0.010000000000019327
10361,46,3,2049-11-01T00:00:00.0,9.67
10362,47,3,2049-11-01T00:00:00.0,150.09
10363,48,3,2049-11-01T00:00:00.0,0.0
10364,49,3,2049-11-01T00:00:00.0,0.0
10365,50,3,2049-11-01T00:00:00.0,0.010000000000019327
10366,46,3,2050-11-01T00:00:00.0,9.48
10367,47,3,2050-11-01T00:00:00.0,147.18
10368,48,3,2050-11-01T00:00:00.0,0.0
10369,49,3,2050-11-01T00:00:00.0,0.0
10370,50,3,2050-11-01T00:00:00.0,0.009999999999990905
10371,46,3,2051-11-01T00:00:00.0,9.35
10372,47,3,2051-11-01T00:00:00.0,145.23000000000002
10373,48,3,2051-11-01T00:00:00.0,0.0
10374,49,3,2051-11-01T00:00:00.0,0.0
10375,50,3,2051-11-01T00:00:00.0,0.009999999999990905
10376,46,3,2052-11-01T00:00:00.0,9.23
10377,47,3,2052-11-01T00:00:00.0,143.36
10378,48,3,2052-11-01T00:00:00.0,0.0
10379,49,3,2052-11-01T00:00:00.0,0.0
10380,50,3,2052-11-01T00:00:00.0,0.0
10381,46,3,2053-11-01T00:00:00.0,9.16
10382,47,3,2053-11-01T00:00:00.0,142.22
10383,48,3,2053-11-01T00:00:00.0,0.0
10384,49,3,2053-11-01T00:00:00.0,0.0
10385,50,3,2053-11-01T00:00:00.0,0.0
10386,46,3,2024-04-01T00:00:00.0,0.36
10387,47,3,2024-04-01T00:00:00.0,5.59
10388,48,3,2024-04-01T00:00:00.0,0.0
10389,49,3,2024-04-01T00:00:00.0,0.0
10390,50,3,2024-04-01T00:00:00.0,0.0
10391,46,3,2025-04-01T00:00:00.0,0.72
10392,47,3,2025-04-01T00:00:00.0,11.229999999999999
10393,48,3,2025-04-01T00:00:00.0,0.0
10394,49,3,2025-04-01T00:00:00.0,0.0
10395,50,3,2025-04-01T00:00:00.0,-0.009999999999999787
10396,46,3,2026-04-01T00:00:00.0,1.12
10397,47,3,2026-04-01T00:00:00.0,17.419999999999998
10398,48,3,2026-04-01T00:00:00.0,0.0
10399,49,3,2026-04-01T00:00:00.0,0.0
10400,50,3,2026-04-01T00:00:00.0,-0.00999999999999801
10401,46,3,2027-04-01T00:00:00.0,1.54
10402,47,3,2027-04-01T00:00:00.0,23.98
10403,48,3,2027-04-01T00:00:00.0,0.0
10404,49,3,2027-04-01T00:00:00.0,0.0
10405,50,3,2027-04-01T00:00:00.0,0.0
10406,46,3,2028-04-01T00:00:00.0,1.97
10407,47,3,2028-04-01T00:00:00.0,30.58
10408,48,3,2028-04-01T00:00:00.0,0.0
10409,49,3,2028-04-01T00:00:00.0,0.0
10410,50,3,2028-04-01T00:00:00.0,0.0
10411,46,3,2029-04-01T00:00:00.0,2.38
10412,47,3,2029-04-01T00:00:00.0,36.91
10413,48,3,2029-04-01T00:00:00.0,0.0
10414,49,3,2029-04-01T00:00:00.0,0.0
10415,50,3,2029-04-01T00:00:00.0,-0.00999999999999801
10416,46,3,2030-04-01T00:00:00.0,2.79
10417,47,3,2030-04-01T00:00:00.0,43.31
10418,48,3,2030-04-01T00:00:00.0,0.0
10419,49,3,2030-04-01T00:00:00.0,0.0
10420,50,3,2030-04-01T00:00:00.0,-0.00999999999999801
10421,46,3,2031-04-01T00:00:00.0,3.22
10422,47,3,2031-04-01T00:00:00.0,50.06
10423,48,3,2031-04-01T00:00:00.0,0.0
10424,49,3,2031-04-01T00:00:00.0,0.0
10425,50,3,2031-04-01T00:00:00.0,0.0
10426,46,3,2032-04-01T00:00:00.0,3.71
10427,47,3,2032-04-01T00:00:00.0,57.69
10428,48,3,2032-04-01T00:00:00.0,0.0
10429,49,3,2032-04-01T00:00:00.0,0.0
10430,50,3,2032-04-01T00:00:00.0,-0.00999999999999801
10431,46,3,2033-04-01T00:00:00.0,4.22
10432,47,3,2033-04-01T00:00:00.0,65.51
10433,48,3,2033-04-01T00:00:00.0,0.0
10434,49,3,2033-04-01T00:00:00.0,0.0
10435,50,3,2033-04-01T00:00:00.0,-0.010000000000005116
10436,46,3,2034-04-01T00:00:00.0,4.73
10437,47,3,2034-04-01T00:00:00.0,73.41
10438,48,3,2034-04-01T00:00:00.0,0.0
10439,49,3,2034-04-01T00:00:00.0,0.0
10440,50,3,2034-04-01T00:00:00.0,-0.010000000000005116
10441,46,3,2035-04-01T00:00:00.0,5.17
10442,47,3,2035-04-01T00:00:00.0,80.32
10443,48,3,2035-04-01T00:00:00.0,0.0
10444,49,3,2035-04-01T00:00:00.0,0.0
10445,50,3,2035-04-01T00:00:00.0,-0.009999999999990905
10446,46,3,2036-04-01T00:00:00.0,5.63
10447,47,3,2036-04-01T00:00:00.0,87.36
10448,48,3,2036-04-01T00:00:00.0,0.0
10449,49,3,2036-04-01T00:00:00.0,0.0
10450,50,3,2036-04-01T00:00:00.0,-0.009999999999990905
10451,46,3,2037-04-01T00:00:00.0,6.11
10452,47,3,2037-04-01T00:00:00.0,94.8
10453,48,3,2037-04-01T00:00:00.0,0.0
10454,49,3,2037-04-01T00:00:00.0,0.0
10455,50,3,2037-04-01T00:00:00.0,-0.01999999999999602
10456,46,3,2038-04-01T00:00:00.0,6.6
10457,47,3,2038-04-01T00:00:00.0,102.44000000000001
10458,48,3,2038-04-01T00:00:00.0,0.0
10459,49,3,2038-04-01T00:00:00.0,0.0
10460,50,3,2038-04-01T00:00:00.0,-0.010000000000005116
10461,46,3,2039-04-01T00:00:00.0,7.08
10462,47,3,2039-04-01T00:00:00.0,109.9
10463,48,3,2039-04-01T00:00:00.0,0.0
10464,49,3,2039-04-01T00:00:00.0,0.0
10465,50,3,2039-04-01T00:00:00.0,-0.020000000000010232
10466,46,3,2040-04-01T00:00:00.0,7.56
10467,47,3,2040-04-01T00:00:00.0,117.38
10468,48,3,2040-04-01T00:00:00.0,0.0
10469,49,3,2040-04-01T00:00:00.0,0.0
10470,50,3,2040-04-01T00:00:00.0,-0.01999999999999602
10471,46,3,2041-04-01T00:00:00.0,8.05
10472,47,3,2041-04-01T00:00:00.0,125.00000000000001
10473,48,3,2041-04-01T00:00:00.0,0.0
10474,49,3,2041-04-01T00:00:00.0,0.0
10475,50,3,2041-04-01T00:00:00.0,-0.020000000000010232
10476,46,3,2042-04-01T00:00:00.0,8.54
10477,47,3,2042-04-01T00:00:00.0,132.66
10478,48,3,2042-04-01T00:00:00.0,0.0
10479,49,3,2042-04-01T00:00:00.0,0.0
10480,50,3,2042-04-01T00:00:00.0,-0.01999999999998181
10481,46,3,2043-04-01T00:00:00.0,9.03
10482,47,3,2043-04-01T00:00:00.0,140.19
10483,48,3,2043-04-01T00:00:00.0,0.0
10484,49,3,2043-04-01T00:00:00.0,0.0
10485,50,3,2043-04-01T00:00:00.0,-0.020000000000010232
10486,46,3,2044-04-01T00:00:00.0,9.49
10487,47,3,2044-04-01T00:00:00.0,147.32
10488,48,3,2044-04-01T00:00:00.0,0.0
10489,49,3,2044-04-01T00:00:00.0,0.0
10490,50,3,2044-04-01T00:00:00.0,-0.020000000000010232
10491,46,3,2045-04-01T00:00:00.0,9.9
10492,47,3,2045-04-01T00:00:00.0,153.69
10493,48,3,2045-04-01T00:00:00.0,0.0
10494,49,3,2045-04-01T00:00:00.0,0.0
10495,50,3,2045-04-01T00:00:00.0,-0.020000000000010232
10496,46,3,2046-04-01T00:00:00.0,10.32
10497,47,3,2046-04-01T00:00:00.0,160.3
10498,48,3,2046-04-01T00:00:00.0,0.0
10499,49,3,2046-04-01T00:00:00.0,0.0
10500,50,3,2046-04-01T00:00:00.0,-0.020000000000010232
10501,46,3,2047-04-01T00:00:00.0,10.74
10502,47,3,2047-04-01T00:00:00.0,166.70999999999998
10503,48,3,2047-04-01T00:00:00.0,0.0
10504,49,3,2047-04-01T00:00:00.0,0.0
10505,50,3,2047-04-01T00:00:00.0,-0.030000000000001137
10506,46,3,2048-04-01T00:00:00.0,11.05
10507,47,3,2048-04-01T00:00:00.0,171.51
10508,48,3,2048-04-01T00:00:00.0,0.0
10509,49,3,2048-04-01T00:00:00.0,0.0
10510,50,3,2048-04-01T00:00:00.0,-0.030000000000001137
10511,46,3,2049-04-01T00:00:00.0,11.34
10512,47,3,2049-04-01T00:00:00.0,176.14
10513,48,3,2049-04-01T00:00:00.0,0.0
10514,49,3,2049-04-01T00:00:00.0,0.0
10515,50,3,2049-04-01T00:00:00.0,-0.01999999999998181
10516,46,3,2050-04-01T00:00:00.0,11.65
10517,47,3,2050-04-01T00:00:00.0,180.84
10518,48,3,2050-04-01T00:00:00.0,0.0
10519,49,3,2050-04-01T00:00:00.0,0.0
10520,50,3,2050-04-01T00:00:00.0,-0.030000000000001137
10521,46,3,2051-04-01T00:00:00.0,11.55
10522,47,3,2051-04-01T00:00:00.0,179.26999999999998
10523,48,3,2051-04-01T00:00:00.0,0.0
10524,49,3,2051-04-01T00:00:00.0,0.0
10525,50,3,2051-04-01T00:00:00.0,-0.01999999999998181
10526,46,3,2052-04-01T00:00:00.0,11.43
10527,47,3,2052-04-01T00:00:00.0,177.54
10528,48,3,2052-04-01T00:00:00.0,0.0
10529,49,3,2052-04-01T00:00:00.0,0.0
10530,50,3,2052-04-01T00:00:00.0,-0.030000000000001137
10531,46,3,2053-04-01T00:00:00.0,11.31
10532,47,3,2053-04-01T00:00:00.0,175.6
10533,48,3,2053-04-01T00:00:00.0,0.0
10534,49,3,2053-04-01T00:00:00.0,0.0
10535,50,3,2053-04-01T00:00:00.0,-0.030000000000001137
10536,46,3,2054-04-01T00:00:00.0,11.24
10537,47,3,2054-04-01T00:00:00.0,174.57
10538,48,3,2054-04-01T00:00:00.0,0.0
10539,49,3,2054-04-01T00:00:00.0,0.0
10540,50,3,2054-04-01T00:00:00.0,-0.020000000000010232
10541,51,3,2023-11-01T00:00:00.0,25.57
10542,52,3,2023-11-01T00:00:00.0,14.43
10543,53,3,2023-11-01T00:00:00.0,3.6300000000000026
10544,54,3,2023-11-01T00:00:00.0,4.939999999999998
10545,55,3,2023-11-01T00:00:00.0,0.0
10546,51,3,2024-11-01T00:00:00.0,31.38
10547,52,3,2024-11-01T00:00:00.0,17.720000000000002
10548,53,3,2024-11-01T00:00:00.0,4.449999999999996
10549,54,3,2024-11-01T00:00:00.0,6.060000000000002
10550,55,3,2024-11-01T00:00:00.0,0.00999999999999801
10551,51,3,2025-11-01T00:00:00.0,38.23
10552,52,3,2025-11-01T00:00:00.0,21.57
10553,53,3,2025-11-01T00:00:00.0,5.420000000000002
10554,54,3,2025-11-01T00:00:00.0,7.390000000000001
10555,55,3,2025-11-01T00:00:00.0,0.0
10556,51,3,2026-11-01T00:00:00.0,45.27
10557,52,3,2026-11-01T00:00:00.0,25.54
10558,53,3,2026-11-01T00:00:00.0,6.429999999999993
10559,54,3,2026-11-01T00:00:00.0,8.740000000000009
10560,55,3,2026-11-01T00:00:00.0,0.0
10561,51,3,2027-11-01T00:00:00.0,51.85
10562,52,3,2027-11-01T00:00:00.0,29.259999999999998
10563,53,3,2027-11-01T00:00:00.0,7.359999999999999
10564,54,3,2027-11-01T00:00:00.0,10.010000000000005
10565,55,3,2027-11-01T00:00:00.0,0.009999999999990905
10566,51,3,2028-11-01T00:00:00.0,58.04
10567,52,3,2028-11-01T00:00:00.0,32.75000000000001
10568,53,3,2028-11-01T00:00:00.0,8.239999999999995
10569,54,3,2028-11-01T00:00:00.0,11.209999999999994
10570,55,3,2028-11-01T00:00:00.0,0.010000000000005116
10571,51,3,2029-11-01T00:00:00.0,65.07
10572,52,3,2029-11-01T00:00:00.0,36.72000000000001
10573,53,3,2029-11-01T00:00:00.0,9.239999999999995
10574,54,3,2029-11-01T00:00:00.0,12.569999999999993
10575,55,3,2029-11-01T00:00:00.0,0.0
10576,51,3,2030-11-01T00:00:00.0,73.4
10577,52,3,2030-11-01T00:00:00.0,41.41999999999999
10578,53,3,2030-11-01T00:00:00.0,10.420000000000002
10579,54,3,2030-11-01T00:00:00.0,14.179999999999993
10580,55,3,2030-11-01T00:00:00.0,0.0
10581,51,3,2031-11-01T00:00:00.0,82.01
10582,52,3,2031-11-01T00:00:00.0,46.27999999999999
10583,53,3,2031-11-01T00:00:00.0,11.650000000000006
10584,54,3,2031-11-01T00:00:00.0,15.840000000000003
10585,55,3,2031-11-01T00:00:00.0,0.0
10586,51,3,2032-11-01T00:00:00.0,90.87
10587,52,3,2032-11-01T00:00:00.0,51.28
10588,53,3,2032-11-01T00:00:00.0,12.900000000000006
10589,54,3,2032-11-01T00:00:00.0,17.560000000000002
10590,55,3,2032-11-01T00:00:00.0,0.0
10591,51,3,2033-11-01T00:00:00.0,99.92
10592,52,3,2033-11-01T00:00:00.0,56.39
10593,53,3,2033-11-01T00:00:00.0,14.180000000000007
10594,54,3,2033-11-01T00:00:00.0,19.299999999999983
10595,55,3,2033-11-01T00:00:00.0,0.010000000000019327
10596,51,3,2034-11-01T00:00:00.0,108.76
10597,52,3,2034-11-01T00:00:00.0,61.37999999999998
10598,53,3,2034-11-01T00:00:00.0,15.440000000000026
10599,54,3,2034-11-01T00:00:00.0,21.00999999999999
10600,55,3,2034-11-01T00:00:00.0,0.0
10601,51,3,2035-11-01T00:00:00.0,117.63
10602,52,3,2035-11-01T00:00:00.0,66.39000000000001
10603,53,3,2035-11-01T00:00:00.0,16.69999999999999
10604,54,3,2035-11-01T00:00:00.0,22.72
10605,55,3,2035-11-01T00:00:00.0,0.009999999999990905
10606,51,3,2036-11-01T00:00:00.0,127.22
10607,52,3,2036-11-01T00:00:00.0,71.78999999999999
10608,53,3,2036-11-01T00:00:00.0,18.07000000000002
10609,54,3,2036-11-01T00:00:00.0,24.569999999999993
10610,55,3,2036-11-01T00:00:00.0,0.009999999999990905
10611,51,3,2037-11-01T00:00:00.0,137.11
10612,52,3,2037-11-01T00:00:00.0,77.38
10613,53,3,2037-11-01T00:00:00.0,19.45999999999998
10614,54,3,2037-11-01T00:00:00.0,26.49000000000001
10615,55,3,2037-11-01T00:00:00.0,0.0
10616,51,3,2038-11-01T00:00:00.0,146.76
10617,52,3,2038-11-01T00:00:00.0,82.82000000000002
10618,53,3,2038-11-01T00:00:00.0,20.839999999999975
10619,54,3,2038-11-01T00:00:00.0,28.349999999999994
10620,55,3,2038-11-01T00:00:00.0,0.0
10621,51,3,2039-11-01T00:00:00.0,156.77
10622,52,3,2039-11-01T00:00:00.0,88.47
10623,53,3,2039-11-01T00:00:00.0,22.25
10624,54,3,2039-11-01T00:00:00.0,30.289999999999964
10625,55,3,2039-11-01T00:00:00.0,0.0
10626,51,3,2040-11-01T00:00:00.0,166.86
10627,52,3,2040-11-01T00:00:00.0,94.16999999999996
10628,53,3,2040-11-01T00:00:00.0,23.690000000000055
10629,54,3,2040-11-01T00:00:00.0,32.23999999999995
10630,55,3,2040-11-01T00:00:00.0,0.0
10631,51,3,2041-11-01T00:00:00.0,177.11
10632,52,3,2041-11-01T00:00:00.0,99.94999999999999
10633,53,3,2041-11-01T00:00:00.0,25.139999999999986
10634,54,3,2041-11-01T00:00:00.0,34.22000000000003
10635,55,3,2041-11-01T00:00:00.0,0.0
10636,51,3,2042-11-01T00:00:00.0,186.34
10637,52,3,2042-11-01T00:00:00.0,105.16
10638,53,3,2042-11-01T00:00:00.0,26.45999999999998
10639,54,3,2042-11-01T00:00:00.0,36.0
10640,55,3,2042-11-01T00:00:00.0,0.0
10641,51,3,2043-11-01T00:00:00.0,195.44
10642,52,3,2043-11-01T00:00:00.0,110.30000000000001
10643,53,3,2043-11-01T00:00:00.0,27.75
10644,54,3,2043-11-01T00:00:00.0,37.75
10645,55,3,2043-11-01T00:00:00.0,0.009999999999990905
10646,51,3,2044-11-01T00:00:00.0,204.33
10647,52,3,2044-11-01T00:00:00.0,115.30999999999997
10648,53,3,2044-11-01T00:00:00.0,29.00999999999999
10649,54,3,2044-11-01T00:00:00.0,39.47000000000003
10650,55,3,2044-11-01T00:00:00.0,0.009999999999990905
10651,51,3,2045-11-01T00:00:00.0,212.43
10652,52,3,2045-11-01T00:00:00.0,119.88999999999999
10653,53,3,2045-11-01T00:00:00.0,30.150000000000034
10654,54,3,2045-11-01T00:00:00.0,41.049999999999955
10655,55,3,2045-11-01T00:00:00.0,0.0
10656,51,3,2046-11-01T00:00:00.0,220.55
10657,52,3,2046-11-01T00:00:00.0,124.45999999999998
10658,53,3,2046-11-01T00:00:00.0,31.310000000000002
10659,54,3,2046-11-01T00:00:00.0,42.610000000000014
10660,55,3,2046-11-01T00:00:00.0,0.0
10661,51,3,2047-11-01T00:00:00.0,227.99
10662,52,3,2047-11-01T00:00:00.0,128.65999999999997
10663,53,3,2047-11-01T00:00:00.0,32.360000000000014
10664,54,3,2047-11-01T00:00:00.0,44.05000000000001
10665,55,3,2047-11-01T00:00:00.0,0.009999999999990905
10666,51,3,2048-11-01T00:00:00.0,234.83
10667,52,3,2048-11-01T00:00:00.0,132.53
10668,53,3,2048-11-01T00:00:00.0,33.339999999999975
10669,54,3,2048-11-01T00:00:00.0,45.370000000000005
10670,55,3,2048-11-01T00:00:00.0,0.0
10671,51,3,2049-11-01T00:00:00.0,243.35
10672,52,3,2049-11-01T00:00:00.0,137.34
10673,53,3,2049-11-01T00:00:00.0,34.55000000000001
10674,54,3,2049-11-01T00:00:00.0,47.00999999999999
10675,55,3,2049-11-01T00:00:00.0,0.009999999999990905
10676,51,3,2050-11-01T00:00:00.0,245.19
10677,52,3,2050-11-01T00:00:00.0,138.37
10678,53,3,2050-11-01T00:00:00.0,34.81
10679,54,3,2050-11-01T00:00:00.0,47.370000000000005
10680,55,3,2050-11-01T00:00:00.0,0.009999999999990905
10681,51,3,2051-11-01T00:00:00.0,247.19
10682,52,3,2051-11-01T00:00:00.0,139.49
10683,53,3,2051-11-01T00:00:00.0,35.089999999999975
10684,54,3,2051-11-01T00:00:00.0,47.75999999999999
10685,55,3,2051-11-01T00:00:00.0,0.010000000000047748
10686,51,3,2052-11-01T00:00:00.0,249.48
10687,52,3,2052-11-01T00:00:00.0,140.79
10688,53,3,2052-11-01T00:00:00.0,35.410000000000025
10689,54,3,2052-11-01T00:00:00.0,48.19999999999999
10690,55,3,2052-11-01T00:00:00.0,0.009999999999990905
10691,51,3,2053-11-01T00:00:00.0,252.03
10692,52,3,2053-11-01T00:00:00.0,142.22
10693,53,3,2053-11-01T00:00:00.0,35.77999999999997
10694,54,3,2053-11-01T00:00:00.0,48.690000000000055
10695,55,3,2053-11-01T00:00:00.0,0.009999999999990905
10696,51,3,2024-04-01T00:00:00.0,25.57
10697,52,3,2024-04-01T00:00:00.0,14.43
10698,53,3,2024-04-01T00:00:00.0,3.6300000000000026
10699,54,3,2024-04-01T00:00:00.0,4.939999999999998
10700,55,3,2024-04-01T00:00:00.0,0.0
10701,51,3,2025-04-01T00:00:00.0,30.75
10702,52,3,2025-04-01T00:00:00.0,17.35
10703,53,3,2025-04-01T00:00:00.0,4.359999999999999
10704,54,3,2025-04-01T00:00:00.0,5.939999999999998
10705,55,3,2025-04-01T00:00:00.0,0.0
10706,51,3,2026-04-01T00:00:00.0,36.23
10707,52,3,2026-04-01T00:00:00.0,20.440000000000005
10708,53,3,2026-04-01T00:00:00.0,5.149999999999999
10709,54,3,2026-04-01T00:00:00.0,6.999999999999993
10710,55,3,2026-04-01T00:00:00.0,0.0
10711,51,3,2027-04-01T00:00:00.0,42.15
10712,52,3,2027-04-01T00:00:00.0,23.79
10713,53,3,2027-04-01T00:00:00.0,5.980000000000004
10714,54,3,2027-04-01T00:00:00.0,8.14
10715,55,3,2027-04-01T00:00:00.0,0.009999999999990905
10716,51,3,2028-04-01T00:00:00.0,47.31
10717,52,3,2028-04-01T00:00:00.0,26.700000000000003
10718,53,3,2028-04-01T00:00:00.0,6.719999999999999
10719,54,3,2028-04-01T00:00:00.0,9.14
10720,55,3,2028-04-01T00:00:00.0,0.0
10721,51,3,2029-04-01T00:00:00.0,52.54
10722,52,3,2029-04-01T00:00:00.0,29.65
10723,53,3,2029-04-01T00:00:00.0,7.460000000000008
10724,54,3,2029-04-01T00:00:00.0,10.149999999999991
10725,55,3,2029-04-01T00:00:00.0,0.0
10726,51,3,2030-04-01T00:00:00.0,58.43
10727,52,3,2030-04-01T00:00:00.0,32.98
10728,53,3,2030-04-01T00:00:00.0,8.290000000000006
10729,54,3,2030-04-01T00:00:00.0,11.289999999999992
10730,55,3,2030-04-01T00:00:00.0,0.0
10731,51,3,2031-04-01T00:00:00.0,65.74
10732,52,3,2031-04-01T00:00:00.0,37.09
10733,53,3,2031-04-01T00:00:00.0,9.340000000000003
10734,54,3,2031-04-01T00:00:00.0,12.689999999999998
10735,55,3,2031-04-01T00:00:00.0,0.010000000000005116
10736,51,3,2032-04-01T00:00:00.0,72.99
10737,52,3,2032-04-01T00:00:00.0,41.19000000000001
10738,53,3,2032-04-01T00:00:00.0,10.36
10739,54,3,2032-04-01T00:00:00.0,14.09999999999998
10740,55,3,2032-04-01T00:00:00.0,0.0
10741,51,3,2033-04-01T00:00:00.0,80.56
10742,52,3,2033-04-01T00:00:00.0,45.47
10743,53,3,2033-04-01T00:00:00.0,11.439999999999998
10744,54,3,2033-04-01T00:00:00.0,15.560000000000002
10745,55,3,2033-04-01T00:00:00.0,0.0
10746,51,3,2034-04-01T00:00:00.0,87.9
10747,52,3,2034-04-01T00:00:00.0,49.599999999999994
10748,53,3,2034-04-01T00:00:00.0,12.47999999999999
10749,54,3,2034-04-01T00:00:00.0,16.980000000000018
10750,55,3,2034-04-01T00:00:00.0,0.009999999999990905
10751,51,3,2035-04-01T00:00:00.0,95.57
10752,52,3,2035-04-01T00:00:00.0,53.93000000000001
10753,53,3,2035-04-01T00:00:00.0,13.569999999999993
10754,54,3,2035-04-01T00:00:00.0,18.47
10755,55,3,2035-04-01T00:00:00.0,0.0
10756,51,3,2036-04-01T00:00:00.0,103.16
10757,52,3,2036-04-01T00:00:00.0,58.21000000000001
10758,53,3,2036-04-01T00:00:00.0,14.650000000000006
10759,54,3,2036-04-01T00:00:00.0,19.92999999999998
10760,55,3,2036-04-01T00:00:00.0,0.0
10761,51,3,2037-04-01T00:00:00.0,111.19
10762,52,3,2037-04-01T00:00:00.0,62.75
10763,53,3,2037-04-01T00:00:00.0,15.789999999999992
10764,54,3,2037-04-01T00:00:00.0,21.480000000000018
10765,55,3,2037-04-01T00:00:00.0,0.0
10766,51,3,2038-04-01T00:00:00.0,119.13
10767,52,3,2038-04-01T00:00:00.0,67.23000000000002
10768,53,3,2038-04-01T00:00:00.0,16.919999999999987
10769,54,3,2038-04-01T00:00:00.0,23.00999999999999
10770,55,3,2038-04-01T00:00:00.0,0.0
10771,51,3,2039-04-01T00:00:00.0,126.84
10772,52,3,2039-04-01T00:00:00.0,71.57999999999998
10773,53,3,2039-04-01T00:00:00.0,18.01000000000002
10774,54,3,2039-04-01T00:00:00.0,24.5
10775,55,3,2039-04-01T00:00:00.0,0.009999999999990905
10776,51,3,2040-04-01T00:00:00.0,135.52
10777,52,3,2040-04-01T00:00:00.0,76.47
10778,53,3,2040-04-01T00:00:00.0,19.23999999999998
10779,54,3,2040-04-01T00:00:00.0,26.180000000000035
10780,55,3,2040-04-01T00:00:00.0,0.0
10781,51,3,2041-04-01T00:00:00.0,144.33
10782,52,3,2041-04-01T00:00:00.0,81.45999999999998
10783,53,3,2041-04-01T00:00:00.0,20.49000000000001
10784,54,3,2041-04-01T00:00:00.0,27.880000000000024
10785,55,3,2041-04-01T00:00:00.0,0.009999999999990905
10786,51,3,2042-04-01T00:00:00.0,152.95
10787,52,3,2042-04-01T00:00:00.0,86.31
10788,53,3,2042-04-01T00:00:00.0,21.720000000000027
10789,54,3,2042-04-01T00:00:00.0,29.539999999999964
10790,55,3,2042-04-01T00:00:00.0,0.009999999999990905
10791,51,3,2043-04-01T00:00:00.0,160.49
10792,52,3,2043-04-01T00:00:00.0,90.57
10793,53,3,2043-04-01T00:00:00.0,22.779999999999973
10794,54,3,2043-04-01T00:00:00.0,31.010000000000048
10795,55,3,2043-04-01T00:00:00.0,0.0
10796,51,3,2044-04-01T00:00:00.0,167.55
10797,52,3,2044-04-01T00:00:00.0,94.55000000000001
10798,53,3,2044-04-01T00:00:00.0,23.789999999999964
10799,54,3,2044-04-01T00:00:00.0,32.370000000000005
10800,55,3,2044-04-01T00:00:00.0,0.0
10801,51,3,2045-04-01T00:00:00.0,174.3
10802,52,3,2045-04-01T00:00:00.0,98.36000000000001
10803,53,3,2045-04-01T00:00:00.0,24.739999999999952
10804,54,3,2045-04-01T00:00:00.0,33.68000000000001
10805,55,3,2045-04-01T00:00:00.0,0.0
10806,51,3,2046-04-01T00:00:00.0,181.5
10807,52,3,2046-04-01T00:00:00.0,102.43
10808,53,3,2046-04-01T00:00:00.0,25.769999999999982
10809,54,3,2046-04-01T00:00:00.0,35.06
10810,55,3,2046-04-01T00:00:00.0,0.009999999999990905
10811,51,3,2047-04-01T00:00:00.0,187.98
10812,52,3,2047-04-01T00:00:00.0,106.08000000000001
10813,53,3,2047-04-01T00:00:00.0,26.680000000000007
10814,54,3,2047-04-01T00:00:00.0,36.31999999999999
10815,55,3,2047-04-01T00:00:00.0,0.0
10816,51,3,2048-04-01T00:00:00.0,193.28
10817,52,3,2048-04-01T00:00:00.0,109.07000000000002
10818,53,3,2048-04-01T00:00:00.0,27.439999999999998
10819,54,3,2048-04-01T00:00:00.0,37.339999999999975
10820,55,3,2048-04-01T00:00:00.0,0.009999999999990905
10821,51,3,2049-04-01T00:00:00.0,199.41
10822,52,3,2049-04-01T00:00:00.0,112.53
10823,53,3,2049-04-01T00:00:00.0,28.310000000000002
10824,54,3,2049-04-01T00:00:00.0,38.51999999999998
10825,55,3,2049-04-01T00:00:00.0,0.009999999999990905
10826,51,3,2050-04-01T00:00:00.0,206.23
10827,52,3,2050-04-01T00:00:00.0,116.38000000000002
10828,53,3,2050-04-01T00:00:00.0,29.279999999999973
10829,54,3,2050-04-01T00:00:00.0,39.84000000000003
10830,55,3,2050-04-01T00:00:00.0,0.009999999999990905
10831,51,3,2051-04-01T00:00:00.0,207.2
10832,52,3,2051-04-01T00:00:00.0,116.93
10833,53,3,2051-04-01T00:00:00.0,29.410000000000025
10834,54,3,2051-04-01T00:00:00.0,40.02999999999997
10835,55,3,2051-04-01T00:00:00.0,0.009999999999990905
10836,51,3,2052-04-01T00:00:00.0,208.73
10837,52,3,2052-04-01T00:00:00.0,117.78999999999999
10838,53,3,2052-04-01T00:00:00.0,29.629999999999995
10839,54,3,2052-04-01T00:00:00.0,40.33000000000004
10840,55,3,2052-04-01T00:00:00.0,0.0
10841,51,3,2053-04-01T00:00:00.0,209.96
10842,52,3,2053-04-01T00:00:00.0,118.47999999999999
10843,53,3,2053-04-01T00:00:00.0,29.810000000000002
10844,54,3,2053-04-01T00:00:00.0,40.56
10845,55,3,2053-04-01T00:00:00.0,0.009999999999990905
10846,51,3,2054-04-01T00:00:00.0,211.66
10847,52,3,2054-04-01T00:00:00.0,119.45000000000002
10848,53,3,2054-04-01T00:00:00.0,30.039999999999964
10849,54,3,2054-04-01T00:00:00.0,40.900000000000034
10850,55,3,2054-04-01T00:00:00.0,0.0
10851,56,3,2023-11-01T00:00:00.0,0.0
10852,57,3,2023-11-01T00:00:00.0,0.0
10853,58,3,2023-11-01T00:00:00.0,0.0
10854,59,3,2023-11-01T00:00:00.0,0.0
10855,60,3,2023-11-01T00:00:00.0,0.0
10856,56,3,2024-11-01T00:00:00.0,0.0
10857,57,3,2024-11-01T00:00:00.0,0.0
10858,58,3,2024-11-01T00:00:00.0,0.0
10859,59,3,2024-11-01T00:00:00.0,0.0
10860,60,3,2024-11-01T00:00:00.0,0.0
10861,56,3,2025-11-01T00:00:00.0,0.0
10862,57,3,2025-11-01T00:00:00.0,0.0
10863,58,3,2025-11-01T00:00:00.0,0.0
10864,59,3,2025-11-01T00:00:00.0,0.0
10865,60,3,2025-11-01T00:00:00.0,0.0
10866,56,3,2026-11-01T00:00:00.0,0.0
10867,57,3,2026-11-01T00:00:00.0,0.0
10868,58,3,2026-11-01T00:00:00.0,0.0
10869,59,3,2026-11-01T00:00:00.0,0.0
10870,60,3,2026-11-01T00:00:00.0,0.0
10871,56,3,2027-11-01T00:00:00.0,0.0
10872,57,3,2027-11-01T00:00:00.0,0.0
10873,58,3,2027-11-01T00:00:00.0,0.0
10874,59,3,2027-11-01T00:00:00.0,0.0
10875,60,3,2027-11-01T00:00:00.0,0.0
10876,56,3,2028-11-01T00:00:00.0,0.0
10877,57,3,2028-11-01T00:00:00.0,0.0
10878,58,3,2028-11-01T00:00:00.0,0.0
10879,59,3,2028-11-01T00:00:00.0,0.0
10880,60,3,2028-11-01T00:00:00.0,0.0
10881,56,3,2029-11-01T00:00:00.0,0.0
10882,57,3,2029-11-01T00:00:00.0,0.0
10883,58,3,2029-11-01T00:00:00.0,0.0
10884,59,3,2029-11-01T00:00:00.0,0.0
10885,60,3,2029-11-01T00:00:00.0,0.0
10886,56,3,2030-11-01T00:00:00.0,0.0
10887,57,3,2030-11-01T00:00:00.0,0.0
10888,58,3,2030-11-01T00:00:00.0,0.0
10889,59,3,2030-11-01T00:00:00.0,0.0
10890,60,3,2030-11-01T00:00:00.0,0.0
10891,56,3,2031-11-01T00:00:00.0,0.0
10892,57,3,2031-11-01T00:00:00.0,0.0
10893,58,3,2031-11-01T00:00:00.0,0.0
10894,59,3,2031-11-01T00:00:00.0,0.0
10895,60,3,2031-11-01T00:00:00.0,0.0
10896,56,3,2032-11-01T00:00:00.0,0.0
10897,57,3,2032-11-01T00:00:00.0,0.0
10898,58,3,2032-11-01T00:00:00.0,0.0
10899,59,3,2032-11-01T00:00:00.0,0.0
10900,60,3,2032-11-01T00:00:00.0,0.0
10901,56,3,2033-11-01T00:00:00.0,0.0
10902,57,3,2033-11-01T00:00:00.0,0.0
10903,58,3,2033-11-01T00:00:00.0,0.0
10904,59,3,2033-11-01T00:00:00.0,0.0
10905,60,3,2033-11-01T00:00:00.0,0.0
10906,56,3,2034-11-01T00:00:00.0,0.0
10907,57,3,2034-11-01T00:00:00.0,0.0
10908,58,3,2034-11-01T00:00:00.0,0.0
10909,59,3,2034-11-01T00:00:00.0,0.0
10910,60,3,2034-11-01T00:00:00.0,0.0
10911,56,3,2035-11-01T00:00:00.0,0.0
10912,57,3,2035-11-01T00:00:00.0,0.0
10913,58,3,2035-11-01T00:00:00.0,0.0
10914,59,3,2035-11-01T00:00:00.0,0.0
10915,60,3,2035-11-01T00:00:00.0,0.0
10916,56,3,2036-11-01T00:00:00.0,0.0
10917,57,3,2036-11-01T00:00:00.0,0.0
10918,58,3,2036-11-01T00:00:00.0,0.0
10919,59,3,2036-11-01T00:00:00.0,0.0
10920,60,3,2036-11-01T00:00:00.0,0.0
10921,56,3,2037-11-01T00:00:00.0,0.0
10922,57,3,2037-11-01T00:00:00.0,0.0
10923,58,3,2037-11-01T00:00:00.0,0.0
10924,59,3,2037-11-01T00:00:00.0,0.0
10925,60,3,2037-11-01T00:00:00.0,0.0
10926,56,3,2038-11-01T00:00:00.0,0.0
10927,57,3,2038-11-01T00:00:00.0,0.0
10928,58,3,2038-11-01T00:00:00.0,0.0
10929,59,3,2038-11-01T00:00:00.0,0.0
10930,60,3,2038-11-01T00:00:00.0,0.0
10931,56,3,2039-11-01T00:00:00.0,0.0
10932,57,3,2039-11-01T00:00:00.0,0.0
10933,58,3,2039-11-01T00:00:00.0,0.0
10934,59,3,2039-11-01T00:00:00.0,0.0
10935,60,3,2039-11-01T00:00:00.0,0.0
10936,56,3,2040-11-01T00:00:00.0,0.0
10937,57,3,2040-11-01T00:00:00.0,0.0
10938,58,3,2040-11-01T00:00:00.0,0.0
10939,59,3,2040-11-01T00:00:00.0,0.0
10940,60,3,2040-11-01T00:00:00.0,0.0
10941,56,3,2041-11-01T00:00:00.0,0.0
10942,57,3,2041-11-01T00:00:00.0,0.0
10943,58,3,2041-11-01T00:00:00.0,0.0
10944,59,3,2041-11-01T00:00:00.0,0.0
10945,60,3,2041-11-01T00:00:00.0,0.0
10946,56,3,2042-11-01T00:00:00.0,0.0
10947,57,3,2042-11-01T00:00:00.0,0.0
10948,58,3,2042-11-01T00:00:00.0,0.0
10949,59,3,2042-11-01T00:00:00.0,0.0
10950,60,3,2042-11-01T00:00:00.0,0.0
10951,56,3,2043-11-01T00:00:00.0,0.0
10952,57,3,2043-11-01T00:00:00.0,0.0
10953,58,3,2043-11-01T00:00:00.0,0.0
10954,59,3,2043-11-01T00:00:00.0,0.0
10955,60,3,2043-11-01T00:00:00.0,0.0
10956,56,3,2044-11-01T00:00:00.0,0.0
10957,57,3,2044-11-01T00:00:00.0,0.0
10958,58,3,2044-11-01T00:00:00.0,0.0
10959,59,3,2044-11-01T00:00:00.0,0.0
10960,60,3,2044-11-01T00:00:00.0,0.0
10961,56,3,2045-11-01T00:00:00.0,0.0
10962,57,3,2045-11-01T00:00:00.0,0.0
10963,58,3,2045-11-01T00:00:00.0,0.0
10964,59,3,2045-11-01T00:00:00.0,0.0
10965,60,3,2045-11-01T00:00:00.0,0.0
10966,56,3,2046-11-01T00:00:00.0,0.0
10967,57,3,2046-11-01T00:00:00.0,0.0
10968,58,3,2046-11-01T00:00:00.0,0.0
10969,59,3,2046-11-01T00:00:00.0,0.0
10970,60,3,2046-11-01T00:00:00.0,0.0
10971,56,3,2047-11-01T00:00:00.0,0.0
10972,57,3,2047-11-01T00:00:00.0,0.0
10973,58,3,2047-11-01T00:00:00.0,0.0
10974,59,3,2047-11-01T00:00:00.0,0.0
10975,60,3,2047-11-01T00:00:00.0,0.0
10976,56,3,2048-11-01T00:00:00.0,0.0
10977,57,3,2048-11-01T00:00:00.0,0.0
10978,58,3,2048-11-01T00:00:00.0,0.0
10979,59,3,2048-11-01T00:00:00.0,0.0
10980,60,3,2048-11-01T00:00:00.0,0.0
10981,56,3,2049-11-01T00:00:00.0,0.0
10982,57,3,2049-11-01T00:00:00.0,0.0
10983,58,3,2049-11-01T00:00:00.0,0.0
10984,59,3,2049-11-01T00:00:00.0,0.0
10985,60,3,2049-11-01T00:00:00.0,0.0
10986,56,3,2050-11-01T00:00:00.0,0.0
10987,57,3,2050-11-01T00:00:00.0,0.0
10988,58,3,2050-11-01T00:00:00.0,0.0
10989,59,3,2050-11-01T00:00:00.0,0.0
10990,60,3,2050-11-01T00:00:00.0,0.0
10991,56,3,2051-11-01T00:00:00.0,0.0
10992,57,3,2051-11-01T00:00:00.0,0.0
10993,58,3,2051-11-01T00:00:00.0,0.0
10994,59,3,2051-11-01T00:00:00.0,0.0
10995,60,3,2051-11-01T00:00:00.0,0.0
10996,56,3,2052-11-01T00:00:00.0,0.0
10997,57,3,2052-11-01T00:00:00.0,0.0
10998,58,3,2052-11-01T00:00:00.0,0.0
10999,59,3,2052-11-01T00:00:00.0,0.0
11000,60,3,2052-11-01T00:00:00.0,0.0
11001,56,3,2053-11-01T00:00:00.0,0.0
11002,57,3,2053-11-01T00:00:00.0,0.0
11003,58,3,2053-11-01T00:00:00.0,0.0
11004,59,3,2053-11-01T00:00:00.0,0.0
11005,60,3,2053-11-01T00:00:00.0,0.0
11006,56,3,2024-04-01T00:00:00.0,0.0
11007,57,3,2024-04-01T00:00:00.0,0.0
11008,58,3,2024-04-01T00:00:00.0,0.0
11009,59,3,2024-04-01T00:00:00.0,0.0
11010,60,3,2024-04-01T00:00:00.0,0.0
11011,56,3,2025-04-01T00:00:00.0,0.0
11012,57,3,2025-04-01T00:00:00.0,0.0
11013,58,3,2025-04-01T00:00:00.0,0.0
11014,59,3,2025-04-01T00:00:00.0,0.0
11015,60,3,2025-04-01T00:00:00.0,0.0
11016,56,3,2026-04-01T00:00:00.0,0.0
11017,57,3,2026-04-01T00:00:00.0,0.0
11018,58,3,2026-04-01T00:00:00.0,0.0
11019,59,3,2026-04-01T00:00:00.0,0.0
11020,60,3,2026-04-01T00:00:00.0,0.0
11021,56,3,2027-04-01T00:00:00.0,0.0
11022,57,3,2027-04-01T00:00:00.0,0.0
11023,58,3,2027-04-01T00:00:00.0,0.0
11024,59,3,2027-04-01T00:00:00.0,0.0
11025,60,3,2027-04-01T00:00:00.0,0.0
11026,56,3,2028-04-01T00:00:00.0,0.0
11027,57,3,2028-04-01T00:00:00.0,0.0
11028,58,3,2028-04-01T00:00:00.0,0.0
11029,59,3,2028-04-01T00:00:00.0,0.0
11030,60,3,2028-04-01T00:00:00.0,0.0
11031,56,3,2029-04-01T00:00:00.0,0.0
11032,57,3,2029-04-01T00:00:00.0,0.0
11033,58,3,2029-04-01T00:00:00.0,0.0
11034,59,3,2029-04-01T00:00:00.0,0.0
11035,60,3,2029-04-01T00:00:00.0,0.0
11036,56,3,2030-04-01T00:00:00.0,0.0
11037,57,3,2030-04-01T00:00:00.0,0.0
11038,58,3,2030-04-01T00:00:00.0,0.0
11039,59,3,2030-04-01T00:00:00.0,0.0
11040,60,3,2030-04-01T00:00:00.0,0.0
11041,56,3,2031-04-01T00:00:00.0,0.0
11042,57,3,2031-04-01T00:00:00.0,0.0
11043,58,3,2031-04-01T00:00:00.0,0.0
11044,59,3,2031-04-01T00:00:00.0,0.0
11045,60,3,2031-04-01T00:00:00.0,0.0
11046,56,3,2032-04-01T00:00:00.0,0.0
11047,57,3,2032-04-01T00:00:00.0,0.0
11048,58,3,2032-04-01T00:00:00.0,0.0
11049,59,3,2032-04-01T00:00:00.0,0.0
11050,60,3,2032-04-01T00:00:00.0,0.0
11051,56,3,2033-04-01T00:00:00.0,0.0
11052,57,3,2033-04-01T00:00:00.0,0.0
11053,58,3,2033-04-01T00:00:00.0,0.0
11054,59,3,2033-04-01T00:00:00.0,0.0
11055,60,3,2033-04-01T00:00:00.0,0.0
11056,56,3,2034-04-01T00:00:00.0,0.0
11057,57,3,2034-04-01T00:00:00.0,0.0
11058,58,3,2034-04-01T00:00:00.0,0.0
11059,59,3,2034-04-01T00:00:00.0,0.0
11060,60,3,2034-04-01T00:00:00.0,0.0
11061,56,3,2035-04-01T00:00:00.0,0.0
11062,57,3,2035-04-01T00:00:00.0,0.0
11063,58,3,2035-04-01T00:00:00.0,0.0
11064,59,3,2035-04-01T00:00:00.0,0.0
11065,60,3,2035-04-01T00:00:00.0,0.0
11066,56,3,2036-04-01T00:00:00.0,0.0
11067,57,3,2036-04-01T00:00:00.0,0.0
11068,58,3,2036-04-01T00:00:00.0,0.0
11069,59,3,2036-04-01T00:00:00.0,0.0
11070,60,3,2036-04-01T00:00:00.0,0.0
11071,56,3,2037-04-01T00:00:00.0,0.0
11072,57,3,2037-04-01T00:00:00.0,0.0
11073,58,3,2037-04-01T00:00:00.0,0.0
11074,59,3,2037-04-01T00:00:00.0,0.0
11075,60,3,2037-04-01T00:00:00.0,0.0
11076,56,3,2038-04-01T00:00:00.0,0.0
11077,57,3,2038-04-01T00:00:00.0,0.0
11078,58,3,2038-04-01T00:00:00.0,0.0
11079,59,3,2038-04-01T00:00:00.0,0.0
11080,60,3,2038-04-01T00:00:00.0,0.0
11081,56,3,2039-04-01T00:00:00.0,0.0
11082,57,3,2039-04-01T00:00:00.0,0.0
11083,58,3,2039-04-01T00:00:00.0,0.0
11084,59,3,2039-04-01T00:00:00.0,0.0
11085,60,3,2039-04-01T00:00:00.0,0.0
11086,56,3,2040-04-01T00:00:00.0,0.0
11087,57,3,2040-04-01T00:00:00.0,0.0
11088,58,3,2040-04-01T00:00:00.0,0.0
11089,59,3,2040-04-01T00:00:00.0,0.0
11090,60,3,2040-04-01T00:00:00.0,0.0
11091,56,3,2041-04-01T00:00:00.0,0.0
11092,57,3,2041-04-01T00:00:00.0,0.0
11093,58,3,2041-04-01T00:00:00.0,0.0
11094,59,3,2041-04-01T00:00:00.0,0.0
11095,60,3,2041-04-01T00:00:00.0,0.0
11096,56,3,2042-04-01T00:00:00.0,0.0
11097,57,3,2042-04-01T00:00:00.0,0.0
11098,58,3,2042-04-01T00:00:00.0,0.0
11099,59,3,2042-04-01T00:00:00.0,0.0
11100,60,3,2042-04-01T00:00:00.0,0.0
11101,56,3,2043-04-01T00:00:00.0,0.0
11102,57,3,2043-04-01T00:00:00.0,0.0
11103,58,3,2043-04-01T00:00:00.0,0.0
11104,59,3,2043-04-01T00:00:00.0,0.0
11105,60,3,2043-04-01T00:00:00.0,0.0
11106,56,3,2044-04-01T00:00:00.0,0.0
11107,57,3,2044-04-01T00:00:00.0,0.0
11108,58,3,2044-04-01T00:00:00.0,0.0
11109,59,3,2044-04-01T00:00:00.0,0.0
11110,60,3,2044-04-01T00:00:00.0,0.0
11111,56,3,2045-04-01T00:00:00.0,0.0
11112,57,3,2045-04-01T00:00:00.0,0.0
11113,58,3,2045-04-01T00:00:00.0,0.0
11114,59,3,2045-04-01T00:00:00.0,0.0
11115,60,3,2045-04-01T00:00:00.0,0.0
11116,56,3,2046-04-01T00:00:00.0,0.0
11117,57,3,2046-04-01T00:00:00.0,0.0
11118,58,3,2046-04-01T00:00:00.0,0.0
11119,59,3,2046-04-01T00:00:00.0,0.0
11120,60,3,2046-04-01T00:00:00.0,0.0
11121,56,3,2047-04-01T00:00:00.0,0.0
11122,57,3,2047-04-01T00:00:00.0,0.0
11123,58,3,2047-04-01T00:00:00.0,0.0
11124,59,3,2047-04-01T00:00:00.0,0.0
11125,60,3,2047-04-01T00:00:00.0,0.0
11126,56,3,2048-04-01T00:00:00.0,0.0
11127,57,3,2048-04-01T00:00:00.0,0.0
11128,58,3,2048-04-01T00:00:00.0,0.0
11129,59,3,2048-04-01T00:00:00.0,0.0
11130,60,3,2048-04-01T00:00:00.0,0.0
11131,56,3,2049-04-01T00:00:00.0,0.0
11132,57,3,2049-04-01T00:00:00.0,0.0
11133,58,3,2049-04-01T00:00:00.0,0.0
11134,59,3,2049-04-01T00:00:00.0,0.0
11135,60,3,2049-04-01T00:00:00.0,0.0
11136,56,3,2050-04-01T00:00:00.0,0.0
11137,57,3,2050-04-01T00:00:00.0,0.0
11138,58,3,2050-04-01T00:00:00.0,0.0
11139,59,3,2050-04-01T00:00:00.0,0.0
11140,60,3,2050-04-01T00:00:00.0,0.0
11141,56,3,2051-04-01T00:00:00.0,0.0
11142,57,3,2051-04-01T00:00:00.0,0.0
11143,58,3,2051-04-01T00:00:00.0,0.0
11144,59,3,2051-04-01T00:00:00.0,0.0
11145,60,3,2051-04-01T00:00:00.0,0.0
11146,56,3,2052-04-01T00:00:00.0,0.0
11147,57,3,2052-04-01T00:00:00.0,0.0
11148,58,3,2052-04-01T00:00:00.0,0.0
11149,59,3,2052-04-01T00:00:00.0,0.0
11150,60,3,2052-04-01T00:00:00.0,0.0
11151,56,3,2053-04-01T00:00:00.0,0.0
11152,57,3,2053-04-01T00:00:00.0,0.0
11153,58,3,2053-04-01T00:00:00.0,0.0
11154,59,3,2053-04-01T00:00:00.0,0.0
11155,60,3,2053-04-01T00:00:00.0,0.0
11156,56,3,2054-04-01T00:00:00.0,0.0
11157,57,3,2054-04-01T00:00:00.0,0.0
11158,58,3,2054-04-01T00:00:00.0,0.0
11159,59,3,2054-04-01T00:00:00.0,0.0
11160,60,3,2054-04-01T00:00:00.0,0.0
11161,61,2,2040-02-09T00:00:00.0,94.751
11162,61,2,2040-02-09T01:00:00.0,88.786
11163,61,2,2040-02-09T02:00:00.0,79.433
11164,61,2,2040-02-09T03:00:00.0,68.279
11165,61,2,2040-02-09T04:00:00.0,58.176
11166,61,2,2040-02-09T05:00:00.0,53.249
11167,61,2,2040-02-09T06:00:00.0,59.089
11168,61,2,2040-02-09T07:00:00.0,74.17
11169,61,2,2040-02-09T08:00:00.0,90.875
11170,61,2,2040-02-09T09:00:00.0,109.135
11171,61,2,2040-02-09T10:00:00.0,125.136
11172,61,2,2040-02-09T11:00:00.0,130.402
11173,61,2,2040-02-09T12:00:00.0,125.985
11174,61,2,2040-02-09T13:00:00.0,117.421
11175,61,2,2040-02-09T14:00:00.0,108.804
11176,61,2,2040-02-09T15:00:00.0,100.467
11177,61,2,2040-02-09T16:00:00.0,90.25
11178,61,2,2040-02-09T17:00:00.0,84.515
11179,61,2,2040-02-09T18:00:00.0,85.298
11180,61,2,2040-02-09T19:00:00.0,91.999
11181,61,2,2040-02-09T20:00:00.0,101.718
11182,61,2,2040-02-09T21:00:00.0,105.958
11183,61,2,2040-02-09T22:00:00.0,104.901
11184,61,2,2040-02-09T23:00:00.0,99.449
11185,61,2,2040-02-10T00:00:00.0,94.751
11186,61,2,2040-02-10T01:00:00.0,88.786
11187,61,2,2040-02-10T02:00:00.0,79.433
11188,61,2,2040-02-10T03:00:00.0,68.279
11189,61,2,2040-02-10T04:00:00.0,58.176
11190,61,2,2040-02-10T05:00:00.0,53.249
11191,61,2,2040-02-10T06:00:00.0,59.089
11192,61,2,2040-02-10T07:00:00.0,74.17
11193,61,2,2040-02-10T08:00:00.0,90.875
11194,61,2,2040-02-10T09:00:00.0,109.135
11195,61,2,2040-02-10T10:00:00.0,125.136
11196,61,2,2040-02-10T11:00:00.0,130.402
11197,61,2,2040-02-10T12:00:00.0,125.985
11198,61,2,2040-02-10T13:00:00.0,117.421
11199,61,2,2040-02-10T14:00:00.0,108.804
11200,61,2,2040-02-10T15:00:00.0,100.467
11201,61,2,2040-02-10T16:00:00.0,90.25
11202,61,2,2040-02-10T17:00:00.0,84.515
11203,61,2,2040-02-10T18:00:00.0,85.298
11204,61,2,2040-02-10T19:00:00.0,91.999
11205,61,2,2040-02-10T20:00:00.0,101.718
11206,61,2,2040-02-10T21:00:00.0,105.958
11207,61,2,2040-02-10T22:00:00.0,104.901
11208,61,2,2040-02-10T23:00:00.0,99.449
11209,61,2,2040-02-11T00:00:00.0,107.91
11210,61,2,2040-02-11T01:00:00.0,100.635
11211,61,2,2040-02-11T02:00:00.0,89.566
11212,61,2,2040-02-11T03:00:00.0,76.593
11213,61,2,2040-02-11T04:00:00.0,64.972
11214,61,2,2040-02-11T05:00:00.0,59.387
11215,61,2,2040-02-11T06:00:00.0,66.231
11216,61,2,2040-02-11T07:00:00.0,83.924
11217,61,2,2040-02-11T08:00:00.0,103.56
11218,61,2,2040-02-11T09:00:00.0,124.989
11219,61,2,2040-02-11T10:00:00.0,143.634
11220,61,2,2040-02-11T11:00:00.0,149.883
11221,61,2,2040-02-11T12:00:00.0,144.885
11222,61,2,2040-02-11T13:00:00.0,134.982
11223,61,2,2040-02-11T14:00:00.0,125.0
11224,61,2,2040-02-11T15:00:00.0,115.386
11225,61,2,2040-02-11T16:00:00.0,103.723
11226,61,2,2040-02-11T17:00:00.0,97.271
11227,61,2,2040-02-11T18:00:00.0,98.334
11228,61,2,2040-02-11T19:00:00.0,106.12
11229,61,2,2040-02-11T20:00:00.0,117.21
11230,61,2,2040-02-11T21:00:00.0,121.851
11231,61,2,2040-02-11T22:00:00.0,120.32
11232,61,2,2040-02-11T23:00:00.0,113.724
11233,62,2,2040-02-09T00:00:00.0,112.514
11234,62,2,2040-02-09T01:00:00.0,105.43
11235,62,2,2040-02-09T02:00:00.0,94.324
11236,62,2,2040-02-09T03:00:00.0,81.078
11237,62,2,2040-02-09T04:00:00.0,69.082
11238,62,2,2040-02-09T05:00:00.0,63.232
11239,62,2,2040-02-09T06:00:00.0,70.166
11240,62,2,2040-02-09T07:00:00.0,88.074
11241,62,2,2040-02-09T08:00:00.0,107.911
11242,62,2,2040-02-09T09:00:00.0,129.594
11243,62,2,2040-02-09T10:00:00.0,148.595
11244,62,2,2040-02-09T11:00:00.0,154.848
11245,62,2,2040-02-09T12:00:00.0,149.603
11246,62,2,2040-02-09T13:00:00.0,139.434
11247,62,2,2040-02-09T14:00:00.0,129.201
11248,62,2,2040-02-09T15:00:00.0,119.3
11249,62,2,2040-02-09T16:00:00.0,107.169
11250,62,2,2040-02-09T17:00:00.0,100.359
11251,62,2,2040-02-09T18:00:00.0,101.288
11252,62,2,2040-02-09T19:00:00.0,109.245
11253,62,2,2040-02-09T20:00:00.0,120.786
11254,62,2,2040-02-09T21:00:00.0,125.821
11255,62,2,2040-02-09T22:00:00.0,124.566
11256,62,2,2040-02-09T23:00:00.0,118.092
11257,62,2,2040-02-10T00:00:00.0,112.514
11258,62,2,2040-02-10T01:00:00.0,105.43
11259,62,2,2040-02-10T02:00:00.0,94.324
11260,62,2,2040-02-10T03:00:00.0,81.078
11261,62,2,2040-02-10T04:00:00.0,69.082
11262,62,2,2040-02-10T05:00:00.0,63.232
11263,62,2,2040-02-10T06:00:00.0,70.166
11264,62,2,2040-02-10T07:00:00.0,88.074
11265,62,2,2040-02-10T08:00:00.0,107.911
11266,62,2,2040-02-10T09:00:00.0,129.594
11267,62,2,2040-02-10T10:00:00.0,148.595
11268,62,2,2040-02-10T11:00:00.0,154.848
11269,62,2,2040-02-10T12:00:00.0,149.603
11270,62,2,2040-02-10T13:00:00.0,139.434
11271,62,2,2040-02-10T14:00:00.0,129.201
11272,62,2,2040-02-10T15:00:00.0,119.3
11273,62,2,2040-02-10T16:00:00.0,107.169
11274,62,2,2040-02-10T17:00:00.0,100.359
11275,62,2,2040-02-10T18:00:00.0,101.288
11276,62,2,2040-02-10T19:00:00.0,109.245
11277,62,2,2040-02-10T20:00:00.0,120.786
11278,62,2,2040-02-10T21:00:00.0,125.821
11279,62,2,2040-02-10T22:00:00.0,124.566
11280,62,2,2040-02-10T23:00:00.0,118.092
11281,62,2,2040-02-11T00:00:00.0,128.139
11282,62,2,2040-02-11T01:00:00.0,119.5
11283,62,2,2040-02-11T02:00:00.0,106.356
11284,62,2,2040-02-11T03:00:00.0,90.951
11285,62,2,2040-02-11T04:00:00.0,77.152
11286,62,2,2040-02-11T05:00:00.0,70.52
11287,62,2,2040-02-11T06:00:00.0,78.647
11288,62,2,2040-02-11T07:00:00.0,99.657
11289,62,2,2040-02-11T08:00:00.0,122.974
11290,62,2,2040-02-11T09:00:00.0,148.419
11291,62,2,2040-02-11T10:00:00.0,170.56
11292,62,2,2040-02-11T11:00:00.0,177.981
11293,62,2,2040-02-11T12:00:00.0,172.045
11294,62,2,2040-02-11T13:00:00.0,160.286
11295,62,2,2040-02-11T14:00:00.0,148.433
11296,62,2,2040-02-11T15:00:00.0,137.016
11297,62,2,2040-02-11T16:00:00.0,123.168
11298,62,2,2040-02-11T17:00:00.0,115.506
11299,62,2,2040-02-11T18:00:00.0,116.769
11300,62,2,2040-02-11T19:00:00.0,126.013
11301,62,2,2040-02-11T20:00:00.0,139.182
11302,62,2,2040-02-11T21:00:00.0,144.694
11303,62,2,2040-02-11T22:00:00.0,142.876
11304,62,2,2040-02-11T23:00:00.0,135.044
11305,63,2,2040-02-09T00:00:00.0,10.853
11306,63,2,2040-02-09T01:00:00.0,10.17
11307,63,2,2040-02-09T02:00:00.0,9.099
11308,63,2,2040-02-09T03:00:00.0,7.821
11309,63,2,2040-02-09T04:00:00.0,6.664
11310,63,2,2040-02-09T05:00:00.0,6.1
11311,63,2,2040-02-09T06:00:00.0,6.768
11312,63,2,2040-02-09T07:00:00.0,8.496
11313,63,2,2040-02-09T08:00:00.0,10.409
11314,63,2,2040-02-09T09:00:00.0,12.501
11315,63,2,2040-02-09T10:00:00.0,14.334
11316,63,2,2040-02-09T11:00:00.0,14.937
11317,63,2,2040-02-09T12:00:00.0,14.431
11318,63,2,2040-02-09T13:00:00.0,13.45
11319,63,2,2040-02-09T14:00:00.0,12.463
11320,63,2,2040-02-09T15:00:00.0,11.508
11321,63,2,2040-02-09T16:00:00.0,10.338
11322,63,2,2040-02-09T17:00:00.0,9.681
11323,63,2,2040-02-09T18:00:00.0,9.771
11324,63,2,2040-02-09T19:00:00.0,10.538
11325,63,2,2040-02-09T20:00:00.0,11.651
11326,63,2,2040-02-09T21:00:00.0,12.137
11327,63,2,2040-02-09T22:00:00.0,12.016
11328,63,2,2040-02-09T23:00:00.0,11.392
11329,63,2,2040-02-10T00:00:00.0,10.853
11330,63,2,2040-02-10T01:00:00.0,10.17
11331,63,2,2040-02-10T02:00:00.0,9.099
11332,63,2,2040-02-10T03:00:00.0,7.821
11333,63,2,2040-02-10T04:00:00.0,6.664
11334,63,2,2040-02-10T05:00:00.0,6.1
11335,63,2,2040-02-10T06:00:00.0,6.768
11336,63,2,2040-02-10T07:00:00.0,8.496
11337,63,2,2040-02-10T08:00:00.0,10.409
11338,63,2,2040-02-10T09:00:00.0,12.501
11339,63,2,2040-02-10T10:00:00.0,14.334
11340,63,2,2040-02-10T11:00:00.0,14.937
11341,63,2,2040-02-10T12:00:00.0,14.431
11342,63,2,2040-02-10T13:00:00.0,13.45
11343,63,2,2040-02-10T14:00:00.0,12.463
11344,63,2,2040-02-10T15:00:00.0,11.508
11345,63,2,2040-02-10T16:00:00.0,10.338
11346,63,2,2040-02-10T17:00:00.0,9.681
11347,63,2,2040-02-10T18:00:00.0,9.771
11348,63,2,2040-02-10T19:00:00.0,10.538
11349,63,2,2040-02-10T20:00:00.0,11.651
11350,63,2,2040-02-10T21:00:00.0,12.137
11351,63,2,2040-02-10T22:00:00.0,12.016
11352,63,2,2040-02-10T23:00:00.0,11.392
11353,63,2,2040-02-11T00:00:00.0,12.361
11354,63,2,2040-02-11T01:00:00.0,11.527
11355,63,2,2040-02-11T02:00:00.0,10.26
11356,63,2,2040-02-11T03:00:00.0,8.773
11357,63,2,2040-02-11T04:00:00.0,7.442
11358,63,2,2040-02-11T05:00:00.0,6.803
11359,63,2,2040-02-11T06:00:00.0,7.587
11360,63,2,2040-02-11T07:00:00.0,9.613
11361,63,2,2040-02-11T08:00:00.0,11.862
11362,63,2,2040-02-11T09:00:00.0,14.317
11363,63,2,2040-02-11T10:00:00.0,16.453
11364,63,2,2040-02-11T11:00:00.0,17.169
11365,63,2,2040-02-11T12:00:00.0,16.596
11366,63,2,2040-02-11T13:00:00.0,15.462
11367,63,2,2040-02-11T14:00:00.0,14.318
11368,63,2,2040-02-11T15:00:00.0,13.217
11369,63,2,2040-02-11T16:00:00.0,11.881
11370,63,2,2040-02-11T17:00:00.0,11.142
11371,63,2,2040-02-11T18:00:00.0,11.264
11372,63,2,2040-02-11T19:00:00.0,12.156
11373,63,2,2040-02-11T20:00:00.0,13.426
11374,63,2,2040-02-11T21:00:00.0,13.958
11375,63,2,2040-02-11T22:00:00.0,13.782
11376,63,2,2040-02-11T23:00:00.0,13.027
11377,64,2,2040-02-09T00:00:00.0,736.996
11378,64,2,2040-02-09T01:00:00.0,690.595
11379,64,2,2040-02-09T02:00:00.0,617.848
11380,64,2,2040-02-09T03:00:00.0,531.084
11381,64,2,2040-02-09T04:00:00.0,452.507
11382,64,2,2040-02-09T05:00:00.0,414.185
11383,64,2,2040-02-09T06:00:00.0,459.604
11384,64,2,2040-02-09T07:00:00.0,576.909
11385,64,2,2040-02-09T08:00:00.0,706.843
11386,64,2,2040-02-09T09:00:00.0,848.873
11387,64,2,2040-02-09T10:00:00.0,973.334
11388,64,2,2040-02-09T11:00:00.0,1014.294
11389,64,2,2040-02-09T12:00:00.0,979.94
11390,64,2,2040-02-09T13:00:00.0,913.327
11391,64,2,2040-02-09T14:00:00.0,846.3
11392,64,2,2040-02-09T15:00:00.0,781.449
11393,64,2,2040-02-09T16:00:00.0,701.983
11394,64,2,2040-02-09T17:00:00.0,657.378
11395,64,2,2040-02-09T18:00:00.0,663.463
11396,64,2,2040-02-09T19:00:00.0,715.587
11397,64,2,2040-02-09T20:00:00.0,791.18
11398,64,2,2040-02-09T21:00:00.0,824.162
11399,64,2,2040-02-09T22:00:00.0,815.938
11400,64,2,2040-02-09T23:00:00.0,773.535
11401,64,2,2040-02-10T00:00:00.0,736.996
11402,64,2,2040-02-10T01:00:00.0,690.595
11403,64,2,2040-02-10T02:00:00.0,617.848
11404,64,2,2040-02-10T03:00:00.0,531.084
11405,64,2,2040-02-10T04:00:00.0,452.507
11406,64,2,2040-02-10T05:00:00.0,414.185
11407,64,2,2040-02-10T06:00:00.0,459.604
11408,64,2,2040-02-10T07:00:00.0,576.909
11409,64,2,2040-02-10T08:00:00.0,706.843
11410,64,2,2040-02-10T09:00:00.0,848.873
11411,64,2,2040-02-10T10:00:00.0,973.334
11412,64,2,2040-02-10T11:00:00.0,1014.294
11413,64,2,2040-02-10T12:00:00.0,979.94
11414,64,2,2040-02-10T13:00:00.0,913.327
11415,64,2,2040-02-10T14:00:00.0,846.3
11416,64,2,2040-02-10T15:00:00.0,781.449
11417,64,2,2040-02-10T16:00:00.0,701.983
11418,64,2,2040-02-10T17:00:00.0,657.378
11419,64,2,2040-02-10T18:00:00.0,663.463
11420,64,2,2040-02-10T19:00:00.0,715.587
11421,64,2,2040-02-10T20:00:00.0,791.18
11422,64,2,2040-02-10T21:00:00.0,824.162
11423,64,2,2040-02-10T22:00:00.0,815.938
11424,64,2,2040-02-10T23:00:00.0,773.535
11425,64,2,2040-02-11T00:00:00.0,839.348
11426,64,2,2040-02-11T01:00:00.0,782.76
11427,64,2,2040-02-11T02:00:00.0,696.664
11428,64,2,2040-02-11T03:00:00.0,595.753
11429,64,2,2040-02-11T04:00:00.0,505.366
11430,64,2,2040-02-11T05:00:00.0,461.924
11431,64,2,2040-02-11T06:00:00.0,515.16
11432,64,2,2040-02-11T07:00:00.0,652.779
11433,64,2,2040-02-11T08:00:00.0,805.513
11434,64,2,2040-02-11T09:00:00.0,972.188
11435,64,2,2040-02-11T10:00:00.0,1117.216
11436,64,2,2040-02-11T11:00:00.0,1165.821
11437,64,2,2040-02-11T12:00:00.0,1126.941
11438,64,2,2040-02-11T13:00:00.0,1049.917
11439,64,2,2040-02-11T14:00:00.0,972.277
11440,64,2,2040-02-11T15:00:00.0,897.495
11441,64,2,2040-02-11T16:00:00.0,806.782
11442,64,2,2040-02-11T17:00:00.0,756.597
11443,64,2,2040-02-11T18:00:00.0,764.865
11444,64,2,2040-02-11T19:00:00.0,825.42
11445,64,2,2040-02-11T20:00:00.0,911.682
11446,64,2,2040-02-11T21:00:00.0,947.781
11447,64,2,2040-02-11T22:00:00.0,935.876
11448,64,2,2040-02-11T23:00:00.0,884.572
11449,65,2,2040-02-09T00:00:00.0,150.783
11450,65,2,2040-02-09T01:00:00.0,142.675
11451,65,2,2040-02-09T02:00:00.0,129.037
11452,65,2,2040-02-09T03:00:00.0,112.121
11453,65,2,2040-02-09T04:00:00.0,96.458
11454,65,2,2040-02-09T05:00:00.0,88.645
11455,65,2,2040-02-09T06:00:00.0,97.533
11456,65,2,2040-02-09T07:00:00.0,120.3
11457,65,2,2040-02-09T08:00:00.0,145.399
11458,65,2,2040-02-09T09:00:00.0,172.841
11459,65,2,2040-02-09T10:00:00.0,197.176
11460,65,2,2040-02-09T11:00:00.0,204.876
11461,65,2,2040-02-09T12:00:00.0,197.808
11462,65,2,2040-02-09T13:00:00.0,184.714
11463,65,2,2040-02-09T14:00:00.0,171.657
11464,65,2,2040-02-09T15:00:00.0,158.809
11465,65,2,2040-02-09T16:00:00.0,142.553
11466,65,2,2040-02-09T17:00:00.0,132.904
11467,65,2,2040-02-09T18:00:00.0,133.342
11468,65,2,2040-02-09T19:00:00.0,143.226
11469,65,2,2040-02-09T20:00:00.0,158.338
11470,65,2,2040-02-09T21:00:00.0,165.404
11471,65,2,2040-02-09T22:00:00.0,164.556
11472,65,2,2040-02-09T23:00:00.0,156.945
11473,65,2,2040-02-10T00:00:00.0,150.783
11474,65,2,2040-02-10T01:00:00.0,142.675
11475,65,2,2040-02-10T02:00:00.0,129.037
11476,65,2,2040-02-10T03:00:00.0,112.121
11477,65,2,2040-02-10T04:00:00.0,96.458
11478,65,2,2040-02-10T05:00:00.0,88.645
11479,65,2,2040-02-10T06:00:00.0,97.533
11480,65,2,2040-02-10T07:00:00.0,120.3
11481,65,2,2040-02-10T08:00:00.0,145.399
11482,65,2,2040-02-10T09:00:00.0,172.841
11483,65,2,2040-02-10T10:00:00.0,197.176
11484,65,2,2040-02-10T11:00:00.0,204.876
11485,65,2,2040-02-10T12:00:00.0,197.808
11486,65,2,2040-02-10T13:00:00.0,184.714
11487,65,2,2040-02-10T14:00:00.0,171.657
11488,65,2,2040-02-10T15:00:00.0,158.809
11489,65,2,2040-02-10T16:00:00.0,142.553
11490,65,2,2040-02-10T17:00:00.0,132.904
11491,65,2,2040-02-10T18:00:00.0,133.342
11492,65,2,2040-02-10T19:00:00.0,143.226
11493,65,2,2040-02-10T20:00:00.0,158.338
11494,65,2,2040-02-10T21:00:00.0,165.404
11495,65,2,2040-02-10T22:00:00.0,164.556
11496,65,2,2040-02-10T23:00:00.0,156.945
11497,65,2,2040-02-11T00:00:00.0,171.382
11498,65,2,2040-02-11T01:00:00.0,161.35
11499,65,2,2040-02-11T02:00:00.0,145.143
11500,65,2,2040-02-11T03:00:00.0,125.461
11501,65,2,2040-02-11T04:00:00.0,107.464
11502,65,2,2040-02-11T05:00:00.0,98.63
11503,65,2,2040-02-11T06:00:00.0,109.065
11504,65,2,2040-02-11T07:00:00.0,135.825
11505,65,2,2040-02-11T08:00:00.0,165.395
11506,65,2,2040-02-11T09:00:00.0,197.663
11507,65,2,2040-02-11T10:00:00.0,226.039
11508,65,2,2040-02-11T11:00:00.0,235.218
11509,65,2,2040-02-11T12:00:00.0,227.239
11510,65,2,2040-02-11T13:00:00.0,212.106
11511,65,2,2040-02-11T14:00:00.0,196.985
11512,65,2,2040-02-11T15:00:00.0,182.183
11513,65,2,2040-02-11T16:00:00.0,163.658
11514,65,2,2040-02-11T17:00:00.0,152.818
11515,65,2,2040-02-11T18:00:00.0,153.6
11516,65,2,2040-02-11T19:00:00.0,165.087
11517,65,2,2040-02-11T20:00:00.0,182.294
11518,65,2,2040-02-11T21:00:00.0,190.001
11519,65,2,2040-02-11T22:00:00.0,188.481
11520,65,2,2040-02-11T23:00:00.0,179.173
11521,66,2,2040-02-09T00:00:00.0,102.896
11522,66,2,2040-02-09T01:00:00.0,97.363
11523,66,2,2040-02-09T02:00:00.0,88.056
11524,66,2,2040-02-09T03:00:00.0,76.513
11525,66,2,2040-02-09T04:00:00.0,65.824
11526,66,2,2040-02-09T05:00:00.0,60.492
11527,66,2,2040-02-09T06:00:00.0,66.557
11528,66,2,2040-02-09T07:00:00.0,82.094
11529,66,2,2040-02-09T08:00:00.0,99.222
11530,66,2,2040-02-09T09:00:00.0,117.948
11531,66,2,2040-02-09T10:00:00.0,134.555
11532,66,2,2040-02-09T11:00:00.0,139.809
11533,66,2,2040-02-09T12:00:00.0,134.986
11534,66,2,2040-02-09T13:00:00.0,126.05
11535,66,2,2040-02-09T14:00:00.0,117.14
11536,66,2,2040-02-09T15:00:00.0,108.373
11537,66,2,2040-02-09T16:00:00.0,97.28
11538,66,2,2040-02-09T17:00:00.0,90.695
11539,66,2,2040-02-09T18:00:00.0,90.994
11540,66,2,2040-02-09T19:00:00.0,97.739
11541,66,2,2040-02-09T20:00:00.0,108.052
11542,66,2,2040-02-09T21:00:00.0,112.873
11543,66,2,2040-02-09T22:00:00.0,112.295
11544,66,2,2040-02-09T23:00:00.0,107.101
11545,66,2,2040-02-10T00:00:00.0,102.896
11546,66,2,2040-02-10T01:00:00.0,97.363
11547,66,2,2040-02-10T02:00:00.0,88.056
11548,66,2,2040-02-10T03:00:00.0,76.513
11549,66,2,2040-02-10T04:00:00.0,65.824
11550,66,2,2040-02-10T05:00:00.0,60.492
11551,66,2,2040-02-10T06:00:00.0,66.557
11552,66,2,2040-02-10T07:00:00.0,82.094
11553,66,2,2040-02-10T08:00:00.0,99.222
11554,66,2,2040-02-10T09:00:00.0,117.948
11555,66,2,2040-02-10T10:00:00.0,134.555
11556,66,2,2040-02-10T11:00:00.0,139.809
11557,66,2,2040-02-10T12:00:00.0,134.986
11558,66,2,2040-02-10T13:00:00.0,126.05
11559,66,2,2040-02-10T14:00:00.0,117.14
11560,66,2,2040-02-10T15:00:00.0,108.373
11561,66,2,2040-02-10T16:00:00.0,97.28
11562,66,2,2040-02-10T17:00:00.0,90.695
11563,66,2,2040-02-10T18:00:00.0,90.994
11564,66,2,2040-02-10T19:00:00.0,97.739
11565,66,2,2040-02-10T20:00:00.0,108.052
11566,66,2,2040-02-10T21:00:00.0,112.873
11567,66,2,2040-02-10T22:00:00.0,112.295
11568,66,2,2040-02-10T23:00:00.0,107.101
11569,66,2,2040-02-11T00:00:00.0,116.953
11570,66,2,2040-02-11T01:00:00.0,110.107
11571,66,2,2040-02-11T02:00:00.0,99.047
11572,66,2,2040-02-11T03:00:00.0,85.616
11573,66,2,2040-02-11T04:00:00.0,73.335
11574,66,2,2040-02-11T05:00:00.0,67.306
11575,66,2,2040-02-11T06:00:00.0,74.427
11576,66,2,2040-02-11T07:00:00.0,92.688
11577,66,2,2040-02-11T08:00:00.0,112.867
11578,66,2,2040-02-11T09:00:00.0,134.887
11579,66,2,2040-02-11T10:00:00.0,154.251
11580,66,2,2040-02-11T11:00:00.0,160.515
11581,66,2,2040-02-11T12:00:00.0,155.07
11582,66,2,2040-02-11T13:00:00.0,144.743
11583,66,2,2040-02-11T14:00:00.0,134.425
11584,66,2,2040-02-11T15:00:00.0,124.324
11585,66,2,2040-02-11T16:00:00.0,111.682
11586,66,2,2040-02-11T17:00:00.0,104.285
11587,66,2,2040-02-11T18:00:00.0,104.818
11588,66,2,2040-02-11T19:00:00.0,112.657
11589,66,2,2040-02-11T20:00:00.0,124.399
11590,66,2,2040-02-11T21:00:00.0,129.658
11591,66,2,2040-02-11T22:00:00.0,128.621
11592,66,2,2040-02-11T23:00:00.0,122.269
11593,67,2,2040-02-09T00:00:00.0,950.055
11594,67,2,2040-02-09T01:00:00.0,898.964
11595,67,2,2040-02-09T02:00:00.0,813.036
11596,67,2,2040-02-09T03:00:00.0,706.454
11597,67,2,2040-02-09T04:00:00.0,607.763
11598,67,2,2040-02-09T05:00:00.0,558.533
11599,67,2,2040-02-09T06:00:00.0,614.534
11600,67,2,2040-02-09T07:00:00.0,757.988
11601,67,2,2040-02-09T08:00:00.0,916.132
11602,67,2,2040-02-09T09:00:00.0,1089.036
11603,67,2,2040-02-09T10:00:00.0,1242.365
11604,67,2,2040-02-09T11:00:00.0,1290.881
11605,67,2,2040-02-09T12:00:00.0,1246.347
11606,67,2,2040-02-09T13:00:00.0,1163.844
11607,67,2,2040-02-09T14:00:00.0,1081.576
11608,67,2,2040-02-09T15:00:00.0,1000.626
11609,67,2,2040-02-09T16:00:00.0,898.197
11610,67,2,2040-02-09T17:00:00.0,837.4
11611,67,2,2040-02-09T18:00:00.0,840.161
11612,67,2,2040-02-09T19:00:00.0,902.438
11613,67,2,2040-02-09T20:00:00.0,997.658
11614,67,2,2040-02-09T21:00:00.0,1042.179
11615,67,2,2040-02-09T22:00:00.0,1036.835
11616,67,2,2040-02-09T23:00:00.0,988.879
11617,67,2,2040-02-10T00:00:00.0,950.055
11618,67,2,2040-02-10T01:00:00.0,898.964
11619,67,2,2040-02-10T02:00:00.0,813.036
11620,67,2,2040-02-10T03:00:00.0,706.454
11621,67,2,2040-02-10T04:00:00.0,607.763
11622,67,2,2040-02-10T05:00:00.0,558.533
11623,67,2,2040-02-10T06:00:00.0,614.534
11624,67,2,2040-02-10T07:00:00.0,757.988
11625,67,2,2040-02-10T08:00:00.0,916.132
11626,67,2,2040-02-10T09:00:00.0,1089.036
11627,67,2,2040-02-10T10:00:00.0,1242.365
11628,67,2,2040-02-10T11:00:00.0,1290.881
11629,67,2,2040-02-10T12:00:00.0,1246.347
11630,67,2,2040-02-10T13:00:00.0,1163.844
11631,67,2,2040-02-10T14:00:00.0,1081.576
11632,67,2,2040-02-10T15:00:00.0,1000.626
11633,67,2,2040-02-10T16:00:00.0,898.197
11634,67,2,2040-02-10T17:00:00.0,837.4
11635,67,2,2040-02-10T18:00:00.0,840.161
11636,67,2,2040-02-10T19:00:00.0,902.438
11637,67,2,2040-02-10T20:00:00.0,997.658
11638,67,2,2040-02-10T21:00:00.0,1042.179
11639,67,2,2040-02-10T22:00:00.0,1036.835
11640,67,2,2040-02-10T23:00:00.0,988.879
11641,67,2,2040-02-11T00:00:00.0,1079.842
11642,67,2,2040-02-11T01:00:00.0,1016.634
11643,67,2,2040-02-11T02:00:00.0,914.517
11644,67,2,2040-02-11T03:00:00.0,790.505
11645,67,2,2040-02-11T04:00:00.0,677.111
11646,67,2,2040-02-11T05:00:00.0,621.447
11647,67,2,2040-02-11T06:00:00.0,687.193
11648,67,2,2040-02-11T07:00:00.0,855.806
11649,67,2,2040-02-11T08:00:00.0,1042.123
11650,67,2,2040-02-11T09:00:00.0,1245.432
11651,67,2,2040-02-11T10:00:00.0,1424.227
11652,67,2,2040-02-11T11:00:00.0,1482.063
11653,67,2,2040-02-11T12:00:00.0,1431.789
11654,67,2,2040-02-11T13:00:00.0,1336.437
11655,67,2,2040-02-11T14:00:00.0,1241.165
11656,67,2,2040-02-11T15:00:00.0,1147.899
11657,67,2,2040-02-11T16:00:00.0,1031.177
11658,67,2,2040-02-11T17:00:00.0,962.876
11659,67,2,2040-02-11T18:00:00.0,967.804
11660,67,2,2040-02-11T19:00:00.0,1040.177
11661,67,2,2040-02-11T20:00:00.0,1148.594
11662,67,2,2040-02-11T21:00:00.0,1197.156
11663,67,2,2040-02-11T22:00:00.0,1187.581
11664,67,2,2040-02-11T23:00:00.0,1128.931
11665,68,2,2040-02-09T00:00:00.0,153.036
11666,68,2,2040-02-09T01:00:00.0,144.806
11667,68,2,2040-02-09T02:00:00.0,130.965
11668,68,2,2040-02-09T03:00:00.0,113.797
11669,68,2,2040-02-09T04:00:00.0,97.899
11670,68,2,2040-02-09T05:00:00.0,89.969
11671,68,2,2040-02-09T06:00:00.0,98.99
11672,68,2,2040-02-09T07:00:00.0,122.098
11673,68,2,2040-02-09T08:00:00.0,147.572
11674,68,2,2040-02-09T09:00:00.0,175.423
11675,68,2,2040-02-09T10:00:00.0,200.122
11676,68,2,2040-02-09T11:00:00.0,207.937
11677,68,2,2040-02-09T12:00:00.0,200.763
11678,68,2,2040-02-09T13:00:00.0,187.474
11679,68,2,2040-02-09T14:00:00.0,174.222
11680,68,2,2040-02-09T15:00:00.0,161.182
11681,68,2,2040-02-09T16:00:00.0,144.683
11682,68,2,2040-02-09T17:00:00.0,134.89
11683,68,2,2040-02-09T18:00:00.0,135.334
11684,68,2,2040-02-09T19:00:00.0,145.366
11685,68,2,2040-02-09T20:00:00.0,160.704
11686,68,2,2040-02-09T21:00:00.0,167.876
11687,68,2,2040-02-09T22:00:00.0,167.015
11688,68,2,2040-02-09T23:00:00.0,159.29
11689,68,2,2040-02-10T00:00:00.0,153.036
11690,68,2,2040-02-10T01:00:00.0,144.806
11691,68,2,2040-02-10T02:00:00.0,130.965
11692,68,2,2040-02-10T03:00:00.0,113.797
11693,68,2,2040-02-10T04:00:00.0,97.899
11694,68,2,2040-02-10T05:00:00.0,89.969
11695,68,2,2040-02-10T06:00:00.0,98.99
11696,68,2,2040-02-10T07:00:00.0,122.098
11697,68,2,2040-02-10T08:00:00.0,147.572
11698,68,2,2040-02-10T09:00:00.0,175.423
11699,68,2,2040-02-10T10:00:00.0,200.122
11700,68,2,2040-02-10T11:00:00.0,207.937
11701,68,2,2040-02-10T12:00:00.0,200.763
11702,68,2,2040-02-10T13:00:00.0,187.474
11703,68,2,2040-02-10T14:00:00.0,174.222
11704,68,2,2040-02-10T15:00:00.0,161.182
11705,68,2,2040-02-10T16:00:00.0,144.683
11706,68,2,2040-02-10T17:00:00.0,134.89
11707,68,2,2040-02-10T18:00:00.0,135.334
11708,68,2,2040-02-10T19:00:00.0,145.366
11709,68,2,2040-02-10T20:00:00.0,160.704
11710,68,2,2040-02-10T21:00:00.0,167.876
11711,68,2,2040-02-10T22:00:00.0,167.015
11712,68,2,2040-02-10T23:00:00.0,159.29
11713,68,2,2040-02-11T00:00:00.0,173.942
11714,68,2,2040-02-11T01:00:00.0,163.761
11715,68,2,2040-02-11T02:00:00.0,147.312
11716,68,2,2040-02-11T03:00:00.0,127.336
11717,68,2,2040-02-11T04:00:00.0,109.07
11718,68,2,2040-02-11T05:00:00.0,100.104
11719,68,2,2040-02-11T06:00:00.0,110.694
11720,68,2,2040-02-11T07:00:00.0,137.854
11721,68,2,2040-02-11T08:00:00.0,167.867
11722,68,2,2040-02-11T09:00:00.0,200.616
11723,68,2,2040-02-11T10:00:00.0,229.416
11724,68,2,2040-02-11T11:00:00.0,238.733
11725,68,2,2040-02-11T12:00:00.0,230.635
11726,68,2,2040-02-11T13:00:00.0,215.275
11727,68,2,2040-02-11T14:00:00.0,199.929
11728,68,2,2040-02-11T15:00:00.0,184.905
11729,68,2,2040-02-11T16:00:00.0,166.103
11730,68,2,2040-02-11T17:00:00.0,155.101
11731,68,2,2040-02-11T18:00:00.0,155.895
11732,68,2,2040-02-11T19:00:00.0,167.553
11733,68,2,2040-02-11T20:00:00.0,185.017
11734,68,2,2040-02-11T21:00:00.0,192.839
11735,68,2,2040-02-11T22:00:00.0,191.297
11736,68,2,2040-02-11T23:00:00.0,181.85
11737,69,2,2040-02-09T00:00:00.0,1107.948
11738,69,2,2040-02-09T01:00:00.0,1033.027
11739,69,2,2040-02-09T02:00:00.0,918.965
11740,69,2,2040-02-09T03:00:00.0,785.318
11741,69,2,2040-02-09T04:00:00.0,665.51
11742,69,2,2040-02-09T05:00:00.0,607.604
11743,69,2,2040-02-09T06:00:00.0,677.148
11744,69,2,2040-02-09T07:00:00.0,857.776
11745,69,2,2040-02-09T08:00:00.0,1058.346
11746,69,2,2040-02-09T09:00:00.0,1277.673
11747,69,2,2040-02-09T10:00:00.0,1468.902
11748,69,2,2040-02-09T11:00:00.0,1532.987
11749,69,2,2040-02-09T12:00:00.0,1481.445
11750,69,2,2040-02-09T13:00:00.0,1379.186
11751,69,2,2040-02-09T14:00:00.0,1275.749
11752,69,2,2040-02-09T15:00:00.0,1176.579
11753,69,2,2040-02-09T16:00:00.0,1057.19
11754,69,2,2040-02-09T17:00:00.0,992.432
11755,69,2,2040-02-09T18:00:00.0,1005.0
11756,69,2,2040-02-09T19:00:00.0,1086.751
11757,69,2,2040-02-09T20:00:00.0,1202.105
11758,69,2,2040-02-09T21:00:00.0,1250.78
11759,69,2,2040-02-09T22:00:00.0,1235.411
11760,69,2,2040-02-09T23:00:00.0,1167.757
11761,69,2,2040-02-10T00:00:00.0,1107.948
11762,69,2,2040-02-10T01:00:00.0,1033.027
11763,69,2,2040-02-10T02:00:00.0,918.965
11764,69,2,2040-02-10T03:00:00.0,785.318
11765,69,2,2040-02-10T04:00:00.0,665.51
11766,69,2,2040-02-10T05:00:00.0,607.604
11767,69,2,2040-02-10T06:00:00.0,677.148
11768,69,2,2040-02-10T07:00:00.0,857.776
11769,69,2,2040-02-10T08:00:00.0,1058.346
11770,69,2,2040-02-10T09:00:00.0,1277.673
11771,69,2,2040-02-10T10:00:00.0,1468.902
11772,69,2,2040-02-10T11:00:00.0,1532.987
11773,69,2,2040-02-10T12:00:00.0,1481.445
11774,69,2,2040-02-10T13:00:00.0,1379.186
11775,69,2,2040-02-10T14:00:00.0,1275.749
11776,69,2,2040-02-10T15:00:00.0,1176.579
11777,69,2,2040-02-10T16:00:00.0,1057.19
11778,69,2,2040-02-10T17:00:00.0,992.432
11779,69,2,2040-02-10T18:00:00.0,1005.0
11780,69,2,2040-02-10T19:00:00.0,1086.751
11781,69,2,2040-02-10T20:00:00.0,1202.105
11782,69,2,2040-02-10T21:00:00.0,1250.78
11783,69,2,2040-02-10T22:00:00.0,1235.411
11784,69,2,2040-02-10T23:00:00.0,1167.757
11785,69,2,2040-02-11T00:00:00.0,1263.101
11786,69,2,2040-02-11T01:00:00.0,1172.269
11787,69,2,2040-02-11T02:00:00.0,1037.527
11788,69,2,2040-02-11T03:00:00.0,882.121
11789,69,2,2040-02-11T04:00:00.0,744.227
11790,69,2,2040-02-11T05:00:00.0,678.493
11791,69,2,2040-02-11T06:00:00.0,759.945
11792,69,2,2040-02-11T07:00:00.0,971.67
11793,69,2,2040-02-11T08:00:00.0,1207.187
11794,69,2,2040-02-11T09:00:00.0,1464.334
11795,69,2,2040-02-11T10:00:00.0,1687.089
11796,69,2,2040-02-11T11:00:00.0,1762.978
11797,69,2,2040-02-11T12:00:00.0,1704.568
11798,69,2,2040-02-11T13:00:00.0,1586.298
11799,69,2,2040-02-11T14:00:00.0,1466.469
11800,69,2,2040-02-11T15:00:00.0,1352.065
11801,69,2,2040-02-11T16:00:00.0,1215.659
11802,69,2,2040-02-11T17:00:00.0,1142.752
11803,69,2,2040-02-11T18:00:00.0,1159.049
11804,69,2,2040-02-11T19:00:00.0,1254.01
11805,69,2,2040-02-11T20:00:00.0,1385.793
11806,69,2,2040-02-11T21:00:00.0,1439.188
11807,69,2,2040-02-11T22:00:00.0,1418.0
11808,69,2,2040-02-11T23:00:00.0,1336.514
11809,70,2,2040-02-09T00:00:00.0,66.616
11810,70,2,2040-02-09T01:00:00.0,62.447
11811,70,2,2040-02-09T02:00:00.0,55.89
11812,70,2,2040-02-09T03:00:00.0,48.057
11813,70,2,2040-02-09T04:00:00.0,40.954
11814,70,2,2040-02-09T05:00:00.0,37.48
11815,70,2,2040-02-09T06:00:00.0,41.564
11816,70,2,2040-02-09T07:00:00.0,52.127
11817,70,2,2040-02-09T08:00:00.0,63.828
11818,70,2,2040-02-09T09:00:00.0,76.624
11819,70,2,2040-02-09T10:00:00.0,87.849
11820,70,2,2040-02-09T11:00:00.0,91.537
11821,70,2,2040-02-09T12:00:00.0,88.429
11822,70,2,2040-02-09T13:00:00.0,82.409
11823,70,2,2040-02-09T14:00:00.0,76.349
11824,70,2,2040-02-09T15:00:00.0,70.488
11825,70,2,2040-02-09T16:00:00.0,63.31
11826,70,2,2040-02-09T17:00:00.0,59.289
11827,70,2,2040-02-09T18:00:00.0,59.849
11828,70,2,2040-02-09T19:00:00.0,64.574
11829,70,2,2040-02-09T20:00:00.0,71.423
11830,70,2,2040-02-09T21:00:00.0,74.427
11831,70,2,2040-02-09T22:00:00.0,73.705
11832,70,2,2040-02-09T23:00:00.0,69.894
11833,70,2,2040-02-10T00:00:00.0,66.616
11834,70,2,2040-02-10T01:00:00.0,62.447
11835,70,2,2040-02-10T02:00:00.0,55.89
11836,70,2,2040-02-10T03:00:00.0,48.057
11837,70,2,2040-02-10T04:00:00.0,40.954
11838,70,2,2040-02-10T05:00:00.0,37.48
11839,70,2,2040-02-10T06:00:00.0,41.564
11840,70,2,2040-02-10T07:00:00.0,52.127
11841,70,2,2040-02-10T08:00:00.0,63.828
11842,70,2,2040-02-10T09:00:00.0,76.624
11843,70,2,2040-02-10T10:00:00.0,87.849
11844,70,2,2040-02-10T11:00:00.0,91.537
11845,70,2,2040-02-10T12:00:00.0,88.429
11846,70,2,2040-02-10T13:00:00.0,82.409
11847,70,2,2040-02-10T14:00:00.0,76.349
11848,70,2,2040-02-10T15:00:00.0,70.488
11849,70,2,2040-02-10T16:00:00.0,63.31
11850,70,2,2040-02-10T17:00:00.0,59.289
11851,70,2,2040-02-10T18:00:00.0,59.849
11852,70,2,2040-02-10T19:00:00.0,64.574
11853,70,2,2040-02-10T20:00:00.0,71.423
11854,70,2,2040-02-10T21:00:00.0,74.427
11855,70,2,2040-02-10T22:00:00.0,73.705
11856,70,2,2040-02-10T23:00:00.0,69.894
11857,70,2,2040-02-11T00:00:00.0,75.862
11858,70,2,2040-02-11T01:00:00.0,70.775
11859,70,2,2040-02-11T02:00:00.0,63.014
11860,70,2,2040-02-11T03:00:00.0,53.903
11861,70,2,2040-02-11T04:00:00.0,45.733
11862,70,2,2040-02-11T05:00:00.0,41.795
11863,70,2,2040-02-11T06:00:00.0,46.583
11864,70,2,2040-02-11T07:00:00.0,58.976
11865,70,2,2040-02-11T08:00:00.0,72.731
11866,70,2,2040-02-11T09:00:00.0,87.749
11867,70,2,2040-02-11T10:00:00.0,100.829
11868,70,2,2040-02-11T11:00:00.0,105.207
11869,70,2,2040-02-11T12:00:00.0,101.689
11870,70,2,2040-02-11T13:00:00.0,94.729
11871,70,2,2040-02-11T14:00:00.0,87.709
11872,70,2,2040-02-11T15:00:00.0,80.951
11873,70,2,2040-02-11T16:00:00.0,72.757
11874,70,2,2040-02-11T17:00:00.0,68.235
11875,70,2,2040-02-11T18:00:00.0,68.993
11876,70,2,2040-02-11T19:00:00.0,74.483
11877,70,2,2040-02-11T20:00:00.0,82.299
11878,70,2,2040-02-11T21:00:00.0,85.587
11879,70,2,2040-02-11T22:00:00.0,84.535
11880,70,2,2040-02-11T23:00:00.0,79.922
11881,71,2,2040-02-09T00:00:00.0,250.842
11882,71,2,2040-02-09T01:00:00.0,239.193
11883,71,2,2040-02-09T02:00:00.0,220.017
11884,71,2,2040-02-09T03:00:00.0,193.424
11885,71,2,2040-02-09T04:00:00.0,165.378
11886,71,2,2040-02-09T05:00:00.0,143.835
11887,71,2,2040-02-09T06:00:00.0,144.339
11888,71,2,2040-02-09T07:00:00.0,173.951
11889,71,2,2040-02-09T08:00:00.0,213.546
11890,71,2,2040-02-09T09:00:00.0,257.897
11891,71,2,2040-02-09T10:00:00.0,304.943
11892,71,2,2040-02-09T11:00:00.0,332.023
11893,71,2,2040-02-09T12:00:00.0,330.837
11894,71,2,2040-02-09T13:00:00.0,312.303
11895,71,2,2040-02-09T14:00:00.0,289.287
11896,71,2,2040-02-09T15:00:00.0,268.918
11897,71,2,2040-02-09T16:00:00.0,242.23
11898,71,2,2040-02-09T17:00:00.0,219.824
11899,71,2,2040-02-09T18:00:00.0,212.739
11900,71,2,2040-02-09T19:00:00.0,221.092
11901,71,2,2040-02-09T20:00:00.0,245.805
11902,71,2,2040-02-09T21:00:00.0,264.884
11903,71,2,2040-02-09T22:00:00.0,271.169
11904,71,2,2040-02-09T23:00:00.0,262.069
11905,71,2,2040-02-10T00:00:00.0,250.842
11906,71,2,2040-02-10T01:00:00.0,239.193
11907,71,2,2040-02-10T02:00:00.0,220.017
11908,71,2,2040-02-10T03:00:00.0,193.424
11909,71,2,2040-02-10T04:00:00.0,165.378
11910,71,2,2040-02-10T05:00:00.0,143.835
11911,71,2,2040-02-10T06:00:00.0,144.339
11912,71,2,2040-02-10T07:00:00.0,173.951
11913,71,2,2040-02-10T08:00:00.0,213.546
11914,71,2,2040-02-10T09:00:00.0,257.897
11915,71,2,2040-02-10T10:00:00.0,304.943
11916,71,2,2040-02-10T11:00:00.0,332.023
11917,71,2,2040-02-10T12:00:00.0,330.837
11918,71,2,2040-02-10T13:00:00.0,312.303
11919,71,2,2040-02-10T14:00:00.0,289.287
11920,71,2,2040-02-10T15:00:00.0,268.918
11921,71,2,2040-02-10T16:00:00.0,242.23
11922,71,2,2040-02-10T17:00:00.0,219.824
11923,71,2,2040-02-10T18:00:00.0,212.739
11924,71,2,2040-02-10T19:00:00.0,221.092
11925,71,2,2040-02-10T20:00:00.0,245.805
11926,71,2,2040-02-10T21:00:00.0,264.884
11927,71,2,2040-02-10T22:00:00.0,271.169
11928,71,2,2040-02-10T23:00:00.0,262.069
11929,71,2,2040-02-11T00:00:00.0,286.018
11930,71,2,2040-02-11T01:00:00.0,271.474
11931,71,2,2040-02-11T02:00:00.0,248.416
11932,71,2,2040-02-11T03:00:00.0,217.239
11933,71,2,2040-02-11T04:00:00.0,184.814
11934,71,2,2040-02-11T05:00:00.0,160.209
11935,71,2,2040-02-11T06:00:00.0,160.972
11936,71,2,2040-02-11T07:00:00.0,195.722
11937,71,2,2040-02-11T08:00:00.0,242.274
11938,71,2,2040-02-11T09:00:00.0,294.515
11939,71,2,2040-02-11T10:00:00.0,349.435
11940,71,2,2040-02-11T11:00:00.0,381.171
11941,71,2,2040-02-11T12:00:00.0,380.203
11942,71,2,2040-02-11T13:00:00.0,358.886
11943,71,2,2040-02-11T14:00:00.0,332.242
11944,71,2,2040-02-11T15:00:00.0,308.654
11945,71,2,2040-02-11T16:00:00.0,278.082
11946,71,2,2040-02-11T17:00:00.0,252.636
11947,71,2,2040-02-11T18:00:00.0,244.937
11948,71,2,2040-02-11T19:00:00.0,254.891
11949,71,2,2040-02-11T20:00:00.0,283.283
11950,71,2,2040-02-11T21:00:00.0,304.771
11951,71,2,2040-02-11T22:00:00.0,311.218
11952,71,2,2040-02-11T23:00:00.0,299.942
11953,72,2,2040-02-09T00:00:00.0,12.76
11954,72,2,2040-02-09T01:00:00.0,12.167
11955,72,2,2040-02-09T02:00:00.0,11.192
11956,72,2,2040-02-09T03:00:00.0,9.839
11957,72,2,2040-02-09T04:00:00.0,8.412
11958,72,2,2040-02-09T05:00:00.0,7.316
11959,72,2,2040-02-09T06:00:00.0,7.342
11960,72,2,2040-02-09T07:00:00.0,8.848
11961,72,2,2040-02-09T08:00:00.0,10.862
11962,72,2,2040-02-09T09:00:00.0,13.118
11963,72,2,2040-02-09T10:00:00.0,15.511
11964,72,2,2040-02-09T11:00:00.0,16.889
11965,72,2,2040-02-09T12:00:00.0,16.829
11966,72,2,2040-02-09T13:00:00.0,15.886
11967,72,2,2040-02-09T14:00:00.0,14.715
11968,72,2,2040-02-09T15:00:00.0,13.679
11969,72,2,2040-02-09T16:00:00.0,12.321
11970,72,2,2040-02-09T17:00:00.0,11.182
11971,72,2,2040-02-09T18:00:00.0,10.821
11972,72,2,2040-02-09T19:00:00.0,11.246
11973,72,2,2040-02-09T20:00:00.0,12.503
11974,72,2,2040-02-09T21:00:00.0,13.474
11975,72,2,2040-02-09T22:00:00.0,13.793
11976,72,2,2040-02-09T23:00:00.0,13.331
11977,72,2,2040-02-10T00:00:00.0,12.76
11978,72,2,2040-02-10T01:00:00.0,12.167
11979,72,2,2040-02-10T02:00:00.0,11.192
11980,72,2,2040-02-10T03:00:00.0,9.839
11981,72,2,2040-02-10T04:00:00.0,8.412
11982,72,2,2040-02-10T05:00:00.0,7.316
11983,72,2,2040-02-10T06:00:00.0,7.342
11984,72,2,2040-02-10T07:00:00.0,8.848
11985,72,2,2040-02-10T08:00:00.0,10.862
11986,72,2,2040-02-10T09:00:00.0,13.118
11987,72,2,2040-02-10T10:00:00.0,15.511
11988,72,2,2040-02-10T11:00:00.0,16.889
11989,72,2,2040-02-10T12:00:00.0,16.829
11990,72,2,2040-02-10T13:00:00.0,15.886
11991,72,2,2040-02-10T14:00:00.0,14.715
11992,72,2,2040-02-10T15:00:00.0,13.679
11993,72,2,2040-02-10T16:00:00.0,12.321
11994,72,2,2040-02-10T17:00:00.0,11.182
11995,72,2,2040-02-10T18:00:00.0,10.821
11996,72,2,2040-02-10T19:00:00.0,11.246
11997,72,2,2040-02-10T20:00:00.0,12.503
11998,72,2,2040-02-10T21:00:00.0,13.474
11999,72,2,2040-02-10T22:00:00.0,13.793
12000,72,2,2040-02-10T23:00:00.0,13.331
12001,72,2,2040-02-11T00:00:00.0,14.549
12002,72,2,2040-02-11T01:00:00.0,13.809
12003,72,2,2040-02-11T02:00:00.0,12.636
12004,72,2,2040-02-11T03:00:00.0,11.05
12005,72,2,2040-02-11T04:00:00.0,9.401
12006,72,2,2040-02-11T05:00:00.0,8.149
12007,72,2,2040-02-11T06:00:00.0,8.188
12008,72,2,2040-02-11T07:00:00.0,9.956
12009,72,2,2040-02-11T08:00:00.0,12.324
12010,72,2,2040-02-11T09:00:00.0,14.981
12011,72,2,2040-02-11T10:00:00.0,17.775
12012,72,2,2040-02-11T11:00:00.0,19.389
12013,72,2,2040-02-11T12:00:00.0,19.34
12014,72,2,2040-02-11T13:00:00.0,18.255
12015,72,2,2040-02-11T14:00:00.0,16.9
12016,72,2,2040-02-11T15:00:00.0,15.7
12017,72,2,2040-02-11T16:00:00.0,14.145
12018,72,2,2040-02-11T17:00:00.0,12.851
12019,72,2,2040-02-11T18:00:00.0,12.459
12020,72,2,2040-02-11T19:00:00.0,12.965
12021,72,2,2040-02-11T20:00:00.0,14.41
12022,72,2,2040-02-11T21:00:00.0,15.503
12023,72,2,2040-02-11T22:00:00.0,15.831
12024,72,2,2040-02-11T23:00:00.0,15.257
