id,id_gen,scenario,date,value
1,78,1,2044-07-01T00:00:00.0,106.0
2,78,2,2044-07-01T00:00:00.0,106.0
3,78,3,2044-07-01T00:00:00.0,106.0
4,92,2,2040-02-09T00:00:00.0,0.0
5,92,2,2040-02-09T01:00:00.0,0.0
6,92,2,2040-02-09T02:00:00.0,0.0
7,92,2,2040-02-09T03:00:00.0,0.0
8,92,2,2040-02-09T04:00:00.0,0.0
9,92,2,2040-02-09T05:00:00.0,2.4777
10,92,2,2040-02-09T06:00:00.0,115.6889
11,92,2,2040-02-09T07:00:00.0,385.8457
12,92,2,2040-02-09T08:00:00.0,622.1185
13,92,2,2040-02-09T09:00:00.0,807.0548
14,92,2,2040-02-09T10:00:00.0,970.2736
15,92,2,2040-02-09T11:00:00.0,1055.0501
16,92,2,2040-02-09T12:00:00.0,1087.6988
17,92,2,2040-02-09T13:00:00.0,1053.8778
18,92,2,2040-02-09T14:00:00.0,931.2098
19,92,2,2040-02-09T15:00:00.0,742.0022
20,92,2,2040-02-09T16:00:00.0,506.7637
21,92,2,2040-02-09T17:00:00.0,196.6673
22,92,2,2040-02-09T18:00:00.0,9.9807
23,92,2,2040-02-09T19:00:00.0,0.0
24,92,2,2040-02-09T20:00:00.0,0.0
25,92,2,2040-02-09T21:00:00.0,0.0
26,92,2,2040-02-09T22:00:00.0,0.0
27,92,2,2040-02-09T23:00:00.0,0.0
28,92,2,2040-02-10T00:00:00.0,0.0
29,92,2,2040-02-10T01:00:00.0,0.0
30,92,2,2040-02-10T02:00:00.0,0.0
31,92,2,2040-02-10T03:00:00.0,0.0
32,92,2,2040-02-10T04:00:00.0,0.0
33,92,2,2040-02-10T05:00:00.0,2.6557
34,92,2,2040-02-10T06:00:00.0,136.0936
35,92,2,2040-02-10T07:00:00.0,444.3989
36,92,2,2040-02-10T08:00:00.0,723.0224
37,92,2,2040-02-10T09:00:00.0,945.0914
38,92,2,2040-02-10T10:00:00.0,1081.8252
39,92,2,2040-02-10T11:00:00.0,1157.2419
40,92,2,2040-02-10T12:00:00.0,1189.3477
41,92,2,2040-02-10T13:00:00.0,1152.6834
42,92,2,2040-02-10T14:00:00.0,1026.7957
43,92,2,2040-02-10T15:00:00.0,813.589
44,92,2,2040-02-10T16:00:00.0,506.1337
45,92,2,2040-02-10T17:00:00.0,189.3857
46,92,2,2040-02-10T18:00:00.0,10.3551
47,92,2,2040-02-10T19:00:00.0,0.0
48,92,2,2040-02-10T20:00:00.0,0.0
49,92,2,2040-02-10T21:00:00.0,0.0
50,92,2,2040-02-10T22:00:00.0,0.0
51,92,2,2040-02-10T23:00:00.0,0.0
52,92,2,2040-02-11T00:00:00.0,0.0
53,92,2,2040-02-11T01:00:00.0,0.0
54,92,2,2040-02-11T02:00:00.0,0.0
55,92,2,2040-02-11T03:00:00.0,0.0
56,92,2,2040-02-11T04:00:00.0,0.0
57,92,2,2040-02-11T05:00:00.0,2.9372
58,92,2,2040-02-11T06:00:00.0,144.0679
59,92,2,2040-02-11T07:00:00.0,480.0792
60,92,2,2040-02-11T08:00:00.0,771.603
61,92,2,2040-02-11T09:00:00.0,996.2571
62,92,2,2040-02-11T10:00:00.0,1133.154
63,92,2,2040-02-11T11:00:00.0,1197.5631
64,92,2,2040-02-11T12:00:00.0,1182.8648
65,92,2,2040-02-11T13:00:00.0,1128.4461
66,92,2,2040-02-11T14:00:00.0,998.3951
67,92,2,2040-02-11T15:00:00.0,798.922
68,92,2,2040-02-11T16:00:00.0,527.4566
69,92,2,2040-02-11T17:00:00.0,193.9543
70,92,2,2040-02-11T18:00:00.0,9.2204
71,92,2,2040-02-11T19:00:00.0,0.0
72,92,2,2040-02-11T20:00:00.0,0.0
73,92,2,2040-02-11T21:00:00.0,0.0
74,92,2,2040-02-11T22:00:00.0,0.0
75,92,2,2040-02-11T23:00:00.0,0.0
76,93,2,2040-02-09T00:00:00.0,0.0
77,93,2,2040-02-09T01:00:00.0,0.0
78,93,2,2040-02-09T02:00:00.0,0.0
79,93,2,2040-02-09T03:00:00.0,0.0
80,93,2,2040-02-09T04:00:00.0,0.0
81,93,2,2040-02-09T05:00:00.0,2.5774
82,93,2,2040-02-09T06:00:00.0,120.342
83,93,2,2040-02-09T07:00:00.0,401.3649
84,93,2,2040-02-09T08:00:00.0,647.1409
85,93,2,2040-02-09T09:00:00.0,839.5157
86,93,2,2040-02-09T10:00:00.0,1009.2993
87,93,2,2040-02-09T11:00:00.0,1097.4857
88,93,2,2040-02-09T12:00:00.0,1131.4476
89,93,2,2040-02-09T13:00:00.0,1096.2662
90,93,2,2040-02-09T14:00:00.0,968.6644
91,93,2,2040-02-09T15:00:00.0,771.8465
92,93,2,2040-02-09T16:00:00.0,527.1464
93,93,2,2040-02-09T17:00:00.0,204.5775
94,93,2,2040-02-09T18:00:00.0,10.3822
95,93,2,2040-02-09T19:00:00.0,0.0
96,93,2,2040-02-09T20:00:00.0,0.0
97,93,2,2040-02-09T21:00:00.0,0.0
98,93,2,2040-02-09T22:00:00.0,0.0
99,93,2,2040-02-09T23:00:00.0,0.0
100,93,2,2040-02-10T00:00:00.0,0.0
101,93,2,2040-02-10T01:00:00.0,0.0
102,93,2,2040-02-10T02:00:00.0,0.0
103,93,2,2040-02-10T03:00:00.0,0.0
104,93,2,2040-02-10T04:00:00.0,0.0
105,93,2,2040-02-10T05:00:00.0,2.7625
106,93,2,2040-02-10T06:00:00.0,141.5675
107,93,2,2040-02-10T07:00:00.0,462.2733
108,93,2,2040-02-10T08:00:00.0,752.1033
109,93,2,2040-02-10T09:00:00.0,983.1044
110,93,2,2040-02-10T10:00:00.0,1125.3378
111,93,2,2040-02-10T11:00:00.0,1203.7879
112,93,2,2040-02-10T12:00:00.0,1237.185
113,93,2,2040-02-10T13:00:00.0,1199.0459
114,93,2,2040-02-10T14:00:00.0,1068.0949
115,93,2,2040-02-10T15:00:00.0,846.3127
116,93,2,2040-02-10T16:00:00.0,526.4911
117,93,2,2040-02-10T17:00:00.0,197.0031
118,93,2,2040-02-10T18:00:00.0,10.7716
119,93,2,2040-02-10T19:00:00.0,0.0
120,93,2,2040-02-10T20:00:00.0,0.0
121,93,2,2040-02-10T21:00:00.0,0.0
122,93,2,2040-02-10T22:00:00.0,0.0
123,93,2,2040-02-10T23:00:00.0,0.0
124,93,2,2040-02-11T00:00:00.0,0.0
125,93,2,2040-02-11T01:00:00.0,0.0
126,93,2,2040-02-11T02:00:00.0,0.0
127,93,2,2040-02-11T03:00:00.0,0.0
128,93,2,2040-02-11T04:00:00.0,0.0
129,93,2,2040-02-11T05:00:00.0,3.0553
130,93,2,2040-02-11T06:00:00.0,149.8625
131,93,2,2040-02-11T07:00:00.0,499.3886
132,93,2,2040-02-11T08:00:00.0,802.638
133,93,2,2040-02-11T09:00:00.0,1036.328
134,93,2,2040-02-11T10:00:00.0,1178.7311
135,93,2,2040-02-11T11:00:00.0,1245.7308
136,93,2,2040-02-11T12:00:00.0,1230.4413
137,93,2,2040-02-11T13:00:00.0,1173.8338
138,93,2,2040-02-11T14:00:00.0,1038.5519
139,93,2,2040-02-11T15:00:00.0,831.0557
140,93,2,2040-02-11T16:00:00.0,548.6717
141,93,2,2040-02-11T17:00:00.0,201.7555
142,93,2,2040-02-11T18:00:00.0,9.5913
143,93,2,2040-02-11T19:00:00.0,0.0
144,93,2,2040-02-11T20:00:00.0,0.0
145,93,2,2040-02-11T21:00:00.0,0.0
146,93,2,2040-02-11T22:00:00.0,0.0
147,93,2,2040-02-11T23:00:00.0,0.0
148,94,2,2040-02-09T00:00:00.0,0.0
149,94,2,2040-02-09T01:00:00.0,0.0
150,94,2,2040-02-09T02:00:00.0,0.0
151,94,2,2040-02-09T03:00:00.0,0.0
152,94,2,2040-02-09T04:00:00.0,0.0
153,94,2,2040-02-09T05:00:00.0,0.2425
154,94,2,2040-02-09T06:00:00.0,11.3226
155,94,2,2040-02-09T07:00:00.0,37.7633
156,94,2,2040-02-09T08:00:00.0,60.8876
157,94,2,2040-02-09T09:00:00.0,78.9876
158,94,2,2040-02-09T10:00:00.0,94.962
159,94,2,2040-02-09T11:00:00.0,103.2592
160,94,2,2040-02-09T12:00:00.0,106.4546
161,94,2,2040-02-09T13:00:00.0,103.1445
162,94,2,2040-02-09T14:00:00.0,91.1388
163,94,2,2040-02-09T15:00:00.0,72.6208
164,94,2,2040-02-09T16:00:00.0,49.5977
165,94,2,2040-02-09T17:00:00.0,19.2481
166,94,2,2040-02-09T18:00:00.0,0.9768
167,94,2,2040-02-09T19:00:00.0,0.0
168,94,2,2040-02-09T20:00:00.0,0.0
169,94,2,2040-02-09T21:00:00.0,0.0
170,94,2,2040-02-09T22:00:00.0,0.0
171,94,2,2040-02-09T23:00:00.0,0.0
172,94,2,2040-02-10T00:00:00.0,0.0
173,94,2,2040-02-10T01:00:00.0,0.0
174,94,2,2040-02-10T02:00:00.0,0.0
175,94,2,2040-02-10T03:00:00.0,0.0
176,94,2,2040-02-10T04:00:00.0,0.0
177,94,2,2040-02-10T05:00:00.0,0.2599
178,94,2,2040-02-10T06:00:00.0,13.3197
179,94,2,2040-02-10T07:00:00.0,43.494
180,94,2,2040-02-10T08:00:00.0,70.7632
181,94,2,2040-02-10T09:00:00.0,92.4974
182,94,2,2040-02-10T10:00:00.0,105.8798
183,94,2,2040-02-10T11:00:00.0,113.2609
184,94,2,2040-02-10T12:00:00.0,116.4031
185,94,2,2040-02-10T13:00:00.0,112.8147
186,94,2,2040-02-10T14:00:00.0,100.4939
187,94,2,2040-02-10T15:00:00.0,79.6271
188,94,2,2040-02-10T16:00:00.0,49.536
189,94,2,2040-02-10T17:00:00.0,18.5354
190,94,2,2040-02-10T18:00:00.0,1.0135
191,94,2,2040-02-10T19:00:00.0,0.0
192,94,2,2040-02-10T20:00:00.0,0.0
193,94,2,2040-02-10T21:00:00.0,0.0
194,94,2,2040-02-10T22:00:00.0,0.0
195,94,2,2040-02-10T23:00:00.0,0.0
196,94,2,2040-02-11T00:00:00.0,0.0
197,94,2,2040-02-11T01:00:00.0,0.0
198,94,2,2040-02-11T02:00:00.0,0.0
199,94,2,2040-02-11T03:00:00.0,0.0
200,94,2,2040-02-11T04:00:00.0,0.0
201,94,2,2040-02-11T05:00:00.0,0.2875
202,94,2,2040-02-11T06:00:00.0,14.1001
203,94,2,2040-02-11T07:00:00.0,46.986
204,94,2,2040-02-11T08:00:00.0,75.5179
205,94,2,2040-02-11T09:00:00.0,97.5051
206,94,2,2040-02-11T10:00:00.0,110.9034
207,94,2,2040-02-11T11:00:00.0,117.2072
208,94,2,2040-02-11T12:00:00.0,115.7686
209,94,2,2040-02-11T13:00:00.0,110.4426
210,94,2,2040-02-11T14:00:00.0,97.7143
211,94,2,2040-02-11T15:00:00.0,78.1916
212,94,2,2040-02-11T16:00:00.0,51.6229
213,94,2,2040-02-11T17:00:00.0,18.9826
214,94,2,2040-02-11T18:00:00.0,0.9024
215,94,2,2040-02-11T19:00:00.0,0.0
216,94,2,2040-02-11T20:00:00.0,0.0
217,94,2,2040-02-11T21:00:00.0,0.0
218,94,2,2040-02-11T22:00:00.0,0.0
219,94,2,2040-02-11T23:00:00.0,0.0
220,95,2,2040-02-09T00:00:00.0,0.0
221,95,2,2040-02-09T01:00:00.0,0.0
222,95,2,2040-02-09T02:00:00.0,0.0
223,95,2,2040-02-09T03:00:00.0,0.0
224,95,2,2040-02-09T04:00:00.0,0.0
225,95,2,2040-02-09T05:00:00.0,16.915
226,95,2,2040-02-09T06:00:00.0,789.7975
227,95,2,2040-02-09T07:00:00.0,2634.1336
228,95,2,2040-02-09T08:00:00.0,4247.1468
229,95,2,2040-02-09T09:00:00.0,5509.6905
230,95,2,2040-02-09T10:00:00.0,6623.9703
231,95,2,2040-02-09T11:00:00.0,7202.7321
232,95,2,2040-02-09T12:00:00.0,7425.6221
233,95,2,2040-02-09T13:00:00.0,7194.7286
234,95,2,2040-02-09T14:00:00.0,6357.2856
235,95,2,2040-02-09T15:00:00.0,5065.5819
236,95,2,2040-02-09T16:00:00.0,3459.6299
237,95,2,2040-02-09T17:00:00.0,1342.6299
238,95,2,2040-02-09T18:00:00.0,68.1374
239,95,2,2040-02-09T19:00:00.0,0.0
240,95,2,2040-02-09T20:00:00.0,0.0
241,95,2,2040-02-09T21:00:00.0,0.0
242,95,2,2040-02-09T22:00:00.0,0.0
243,95,2,2040-02-09T23:00:00.0,0.0
244,95,2,2040-02-10T00:00:00.0,0.0
245,95,2,2040-02-10T01:00:00.0,0.0
246,95,2,2040-02-10T02:00:00.0,0.0
247,95,2,2040-02-10T03:00:00.0,0.0
248,95,2,2040-02-10T04:00:00.0,0.0
249,95,2,2040-02-10T05:00:00.0,18.1301
250,95,2,2040-02-10T06:00:00.0,929.0989
251,95,2,2040-02-10T07:00:00.0,3033.8716
252,95,2,2040-02-10T08:00:00.0,4936.0087
253,95,2,2040-02-10T09:00:00.0,6452.0543
254,95,2,2040-02-10T10:00:00.0,7385.5234
255,95,2,2040-02-10T11:00:00.0,7900.3867
256,95,2,2040-02-10T12:00:00.0,8119.5699
257,95,2,2040-02-10T13:00:00.0,7869.2656
258,95,2,2040-02-10T14:00:00.0,7009.8422
259,95,2,2040-02-10T15:00:00.0,5554.2989
260,95,2,2040-02-10T16:00:00.0,3455.3293
261,95,2,2040-02-10T17:00:00.0,1292.9193
262,95,2,2040-02-10T18:00:00.0,70.6933
263,95,2,2040-02-10T19:00:00.0,0.0
264,95,2,2040-02-10T20:00:00.0,0.0
265,95,2,2040-02-10T21:00:00.0,0.0
266,95,2,2040-02-10T22:00:00.0,0.0
267,95,2,2040-02-10T23:00:00.0,0.0
268,95,2,2040-02-11T00:00:00.0,0.0
269,95,2,2040-02-11T01:00:00.0,0.0
270,95,2,2040-02-11T02:00:00.0,0.0
271,95,2,2040-02-11T03:00:00.0,0.0
272,95,2,2040-02-11T04:00:00.0,0.0
273,95,2,2040-02-11T05:00:00.0,20.052
274,95,2,2040-02-11T06:00:00.0,983.5388
275,95,2,2040-02-11T07:00:00.0,3277.4574
276,95,2,2040-02-11T08:00:00.0,5267.6645
277,95,2,2040-02-11T09:00:00.0,6801.3578
278,95,2,2040-02-11T10:00:00.0,7735.9407
279,95,2,2040-02-11T11:00:00.0,8175.6556
280,95,2,2040-02-11T12:00:00.0,8075.3114
281,95,2,2040-02-11T13:00:00.0,7703.7998
282,95,2,2040-02-11T14:00:00.0,6815.9534
283,95,2,2040-02-11T15:00:00.0,5454.1683
284,95,2,2040-02-11T16:00:00.0,3600.8988
285,95,2,2040-02-11T17:00:00.0,1324.1089
286,95,2,2040-02-11T18:00:00.0,62.9472
287,95,2,2040-02-11T19:00:00.0,0.0
288,95,2,2040-02-11T20:00:00.0,0.0
289,95,2,2040-02-11T21:00:00.0,0.0
290,95,2,2040-02-11T22:00:00.0,0.0
291,95,2,2040-02-11T23:00:00.0,0.0
292,96,2,2040-02-09T00:00:00.0,0.0
293,96,2,2040-02-09T01:00:00.0,0.0
294,96,2,2040-02-09T02:00:00.0,0.0
295,96,2,2040-02-09T03:00:00.0,0.0
296,96,2,2040-02-09T04:00:00.0,0.0
297,96,2,2040-02-09T05:00:00.0,2.625
298,96,2,2040-02-09T06:00:00.0,199.5265
299,96,2,2040-02-09T07:00:00.0,663.7889
300,96,2,2040-02-09T08:00:00.0,1088.1191
301,96,2,2040-02-09T09:00:00.0,1446.3094
302,96,2,2040-02-09T10:00:00.0,1691.2563
303,96,2,2040-02-09T11:00:00.0,1810.3369
304,96,2,2040-02-09T12:00:00.0,1812.035
305,96,2,2040-02-09T13:00:00.0,1692.9005
306,96,2,2040-02-09T14:00:00.0,1488.2031
307,96,2,2040-02-09T15:00:00.0,1247.5734
308,96,2,2040-02-09T16:00:00.0,868.1303
309,96,2,2040-02-09T17:00:00.0,405.7414
310,96,2,2040-02-09T18:00:00.0,40.2379
311,96,2,2040-02-09T19:00:00.0,0.0
312,96,2,2040-02-09T20:00:00.0,0.0
313,96,2,2040-02-09T21:00:00.0,0.0
314,96,2,2040-02-09T22:00:00.0,0.0
315,96,2,2040-02-09T23:00:00.0,0.0
316,96,2,2040-02-10T00:00:00.0,0.0
317,96,2,2040-02-10T01:00:00.0,0.0
318,96,2,2040-02-10T02:00:00.0,0.0
319,96,2,2040-02-10T03:00:00.0,0.0
320,96,2,2040-02-10T04:00:00.0,0.0
321,96,2,2040-02-10T05:00:00.0,1.7115
322,96,2,2040-02-10T06:00:00.0,201.0635
323,96,2,2040-02-10T07:00:00.0,672.2566
324,96,2,2040-02-10T08:00:00.0,1102.3967
325,96,2,2040-02-10T09:00:00.0,1428.0936
326,96,2,2040-02-10T10:00:00.0,1649.9322
327,96,2,2040-02-10T11:00:00.0,1764.9684
328,96,2,2040-02-10T12:00:00.0,1760.0644
329,96,2,2040-02-10T13:00:00.0,1669.123
330,96,2,2040-02-10T14:00:00.0,1467.3675
331,96,2,2040-02-10T15:00:00.0,1173.1696
332,96,2,2040-02-10T16:00:00.0,808.8927
333,96,2,2040-02-10T17:00:00.0,381.3047
334,96,2,2040-02-10T18:00:00.0,41.3193
335,96,2,2040-02-10T19:00:00.0,0.0
336,96,2,2040-02-10T20:00:00.0,0.0
337,96,2,2040-02-10T21:00:00.0,0.0
338,96,2,2040-02-10T22:00:00.0,0.0
339,96,2,2040-02-10T23:00:00.0,0.0
340,96,2,2040-02-11T00:00:00.0,0.0
341,96,2,2040-02-11T01:00:00.0,0.0
342,96,2,2040-02-11T02:00:00.0,0.0
343,96,2,2040-02-11T03:00:00.0,0.0
344,96,2,2040-02-11T04:00:00.0,0.0
345,96,2,2040-02-11T05:00:00.0,1.9043
346,96,2,2040-02-11T06:00:00.0,168.1466
347,96,2,2040-02-11T07:00:00.0,539.3062
348,96,2,2040-02-11T08:00:00.0,954.2028
349,96,2,2040-02-11T09:00:00.0,1305.0621
350,96,2,2040-02-11T10:00:00.0,1556.2123
351,96,2,2040-02-11T11:00:00.0,1680.5772
352,96,2,2040-02-11T12:00:00.0,1621.871
353,96,2,2040-02-11T13:00:00.0,1550.2639
354,96,2,2040-02-11T14:00:00.0,1329.5569
355,96,2,2040-02-11T15:00:00.0,950.7848
356,96,2,2040-02-11T16:00:00.0,640.7012
357,96,2,2040-02-11T17:00:00.0,308.2872
358,96,2,2040-02-11T18:00:00.0,28.2514
359,96,2,2040-02-11T19:00:00.0,0.0
360,96,2,2040-02-11T20:00:00.0,0.0
361,96,2,2040-02-11T21:00:00.0,0.0
362,96,2,2040-02-11T22:00:00.0,0.0
363,96,2,2040-02-11T23:00:00.0,0.0
364,97,2,2040-02-09T00:00:00.0,0.0
365,97,2,2040-02-09T01:00:00.0,0.0
366,97,2,2040-02-09T02:00:00.0,0.0
367,97,2,2040-02-09T03:00:00.0,0.0
368,97,2,2040-02-09T04:00:00.0,0.0
369,97,2,2040-02-09T05:00:00.0,1.6812
370,97,2,2040-02-09T06:00:00.0,127.7862
371,97,2,2040-02-09T07:00:00.0,425.1217
372,97,2,2040-02-09T08:00:00.0,696.8828
373,97,2,2040-02-09T09:00:00.0,926.2847
374,97,2,2040-02-09T10:00:00.0,1083.1602
375,97,2,2040-02-09T11:00:00.0,1159.4251
376,97,2,2040-02-09T12:00:00.0,1160.5126
377,97,2,2040-02-09T13:00:00.0,1084.2132
378,97,2,2040-02-09T14:00:00.0,953.1154
379,97,2,2040-02-09T15:00:00.0,799.0048
380,97,2,2040-02-09T16:00:00.0,555.9915
381,97,2,2040-02-09T17:00:00.0,259.8559
382,97,2,2040-02-09T18:00:00.0,25.7703
383,97,2,2040-02-09T19:00:00.0,0.0
384,97,2,2040-02-09T20:00:00.0,0.0
385,97,2,2040-02-09T21:00:00.0,0.0
386,97,2,2040-02-09T22:00:00.0,0.0
387,97,2,2040-02-09T23:00:00.0,0.0
388,97,2,2040-02-10T00:00:00.0,0.0
389,97,2,2040-02-10T01:00:00.0,0.0
390,97,2,2040-02-10T02:00:00.0,0.0
391,97,2,2040-02-10T03:00:00.0,0.0
392,97,2,2040-02-10T04:00:00.0,0.0
393,97,2,2040-02-10T05:00:00.0,1.0962
394,97,2,2040-02-10T06:00:00.0,128.7705
395,97,2,2040-02-10T07:00:00.0,430.5448
396,97,2,2040-02-10T08:00:00.0,706.0268
397,97,2,2040-02-10T09:00:00.0,914.6184
398,97,2,2040-02-10T10:00:00.0,1056.6943
399,97,2,2040-02-10T11:00:00.0,1130.3689
400,97,2,2040-02-10T12:00:00.0,1127.2281
401,97,2,2040-02-10T13:00:00.0,1068.985
402,97,2,2040-02-10T14:00:00.0,939.7713
403,97,2,2040-02-10T15:00:00.0,751.3531
404,97,2,2040-02-10T16:00:00.0,518.053
405,97,2,2040-02-10T17:00:00.0,244.2055
406,97,2,2040-02-10T18:00:00.0,26.4628
407,97,2,2040-02-10T19:00:00.0,0.0
408,97,2,2040-02-10T20:00:00.0,0.0
409,97,2,2040-02-10T21:00:00.0,0.0
410,97,2,2040-02-10T22:00:00.0,0.0
411,97,2,2040-02-10T23:00:00.0,0.0
412,97,2,2040-02-11T00:00:00.0,0.0
413,97,2,2040-02-11T01:00:00.0,0.0
414,97,2,2040-02-11T02:00:00.0,0.0
415,97,2,2040-02-11T03:00:00.0,0.0
416,97,2,2040-02-11T04:00:00.0,0.0
417,97,2,2040-02-11T05:00:00.0,1.2196
418,97,2,2040-02-11T06:00:00.0,107.689
419,97,2,2040-02-11T07:00:00.0,345.3971
420,97,2,2040-02-11T08:00:00.0,611.1164
421,97,2,2040-02-11T09:00:00.0,835.8232
422,97,2,2040-02-11T10:00:00.0,996.6716
423,97,2,2040-02-11T11:00:00.0,1076.3208
424,97,2,2040-02-11T12:00:00.0,1038.7226
425,97,2,2040-02-11T13:00:00.0,992.8621
426,97,2,2040-02-11T14:00:00.0,851.5108
427,97,2,2040-02-11T15:00:00.0,608.9274
428,97,2,2040-02-11T16:00:00.0,410.3352
429,97,2,2040-02-11T17:00:00.0,197.4416
430,97,2,2040-02-11T18:00:00.0,18.0935
431,97,2,2040-02-11T19:00:00.0,0.0
432,97,2,2040-02-11T20:00:00.0,0.0
433,97,2,2040-02-11T21:00:00.0,0.0
434,97,2,2040-02-11T22:00:00.0,0.0
435,97,2,2040-02-11T23:00:00.0,0.0
436,98,2,2040-02-09T00:00:00.0,0.0
437,98,2,2040-02-09T01:00:00.0,0.0
438,98,2,2040-02-09T02:00:00.0,0.0
439,98,2,2040-02-09T03:00:00.0,0.0
440,98,2,2040-02-09T04:00:00.0,0.0
441,98,2,2040-02-09T05:00:00.0,12.799
442,98,2,2040-02-09T06:00:00.0,972.8458
443,98,2,2040-02-09T07:00:00.0,3236.4833
444,98,2,2040-02-09T08:00:00.0,5305.421
445,98,2,2040-02-09T09:00:00.0,7051.8754
446,98,2,2040-02-09T10:00:00.0,8246.1803
447,98,2,2040-02-09T11:00:00.0,8826.7905
448,98,2,2040-02-09T12:00:00.0,8835.0701
449,98,2,2040-02-09T13:00:00.0,8254.1971
450,98,2,2040-02-09T14:00:00.0,7256.1391
451,98,2,2040-02-09T15:00:00.0,6082.8837
452,98,2,2040-02-09T16:00:00.0,4232.8056
453,98,2,2040-02-09T17:00:00.0,1978.3027
454,98,2,2040-02-09T18:00:00.0,196.191
455,98,2,2040-02-09T19:00:00.0,0.0
456,98,2,2040-02-09T20:00:00.0,0.0
457,98,2,2040-02-09T21:00:00.0,0.0
458,98,2,2040-02-09T22:00:00.0,0.0
459,98,2,2040-02-09T23:00:00.0,0.0
460,98,2,2040-02-10T00:00:00.0,0.0
461,98,2,2040-02-10T01:00:00.0,0.0
462,98,2,2040-02-10T02:00:00.0,0.0
463,98,2,2040-02-10T03:00:00.0,0.0
464,98,2,2040-02-10T04:00:00.0,0.0
465,98,2,2040-02-10T05:00:00.0,8.3451
466,98,2,2040-02-10T06:00:00.0,980.3397
467,98,2,2040-02-10T07:00:00.0,3277.7699
468,98,2,2040-02-10T08:00:00.0,5375.035
469,98,2,2040-02-10T09:00:00.0,6963.0589
470,98,2,2040-02-10T10:00:00.0,8044.6936
471,98,2,2040-02-10T11:00:00.0,8605.584
472,98,2,2040-02-10T12:00:00.0,8581.673
473,98,2,2040-02-10T13:00:00.0,8138.2637
474,98,2,2040-02-10T14:00:00.0,7154.5498
475,98,2,2040-02-10T15:00:00.0,5720.1079
476,98,2,2040-02-10T16:00:00.0,3943.9763
477,98,2,2040-02-10T17:00:00.0,1859.1549
478,98,2,2040-02-10T18:00:00.0,201.4636
479,98,2,2040-02-10T19:00:00.0,0.0
480,98,2,2040-02-10T20:00:00.0,0.0
481,98,2,2040-02-10T21:00:00.0,0.0
482,98,2,2040-02-10T22:00:00.0,0.0
483,98,2,2040-02-10T23:00:00.0,0.0
484,98,2,2040-02-11T00:00:00.0,0.0
485,98,2,2040-02-11T01:00:00.0,0.0
486,98,2,2040-02-11T02:00:00.0,0.0
487,98,2,2040-02-11T03:00:00.0,0.0
488,98,2,2040-02-11T04:00:00.0,0.0
489,98,2,2040-02-11T05:00:00.0,9.2849
490,98,2,2040-02-11T06:00:00.0,819.8443
491,98,2,2040-02-11T07:00:00.0,2629.5341
492,98,2,2040-02-11T08:00:00.0,4652.4754
493,98,2,2040-02-11T09:00:00.0,6363.1853
494,98,2,2040-02-11T10:00:00.0,7587.7365
495,98,2,2040-02-11T11:00:00.0,8194.1118
496,98,2,2040-02-11T12:00:00.0,7907.8735
497,98,2,2040-02-11T13:00:00.0,7558.7338
498,98,2,2040-02-11T14:00:00.0,6482.6163
499,98,2,2040-02-11T15:00:00.0,4635.8103
500,98,2,2040-02-11T16:00:00.0,3123.9132
501,98,2,2040-02-11T17:00:00.0,1503.1381
502,98,2,2040-02-11T18:00:00.0,137.7472
503,98,2,2040-02-11T19:00:00.0,0.0
504,98,2,2040-02-11T20:00:00.0,0.0
505,98,2,2040-02-11T21:00:00.0,0.0
506,98,2,2040-02-11T22:00:00.0,0.0
507,98,2,2040-02-11T23:00:00.0,0.0
508,99,2,2040-02-09T00:00:00.0,0.0
509,99,2,2040-02-09T01:00:00.0,0.0
510,99,2,2040-02-09T02:00:00.0,0.0
511,99,2,2040-02-09T03:00:00.0,0.0
512,99,2,2040-02-09T04:00:00.0,0.0
513,99,2,2040-02-09T05:00:00.0,3.022
514,99,2,2040-02-09T06:00:00.0,229.7036
515,99,2,2040-02-09T07:00:00.0,764.1826
516,99,2,2040-02-09T08:00:00.0,1252.69
517,99,2,2040-02-09T09:00:00.0,1665.0542
518,99,2,2040-02-09T10:00:00.0,1947.0476
519,99,2,2040-02-09T11:00:00.0,2084.1384
520,99,2,2040-02-09T12:00:00.0,2086.0934
521,99,2,2040-02-09T13:00:00.0,1948.9405
522,99,2,2040-02-09T14:00:00.0,1713.284
523,99,2,2040-02-09T15:00:00.0,1436.2606
524,99,2,2040-02-09T16:00:00.0,999.4293
525,99,2,2040-02-09T17:00:00.0,467.1071
526,99,2,2040-02-09T18:00:00.0,46.3237
527,99,2,2040-02-09T19:00:00.0,0.0
528,99,2,2040-02-09T20:00:00.0,0.0
529,99,2,2040-02-09T21:00:00.0,0.0
530,99,2,2040-02-09T22:00:00.0,0.0
531,99,2,2040-02-09T23:00:00.0,0.0
532,99,2,2040-02-10T00:00:00.0,0.0
533,99,2,2040-02-10T01:00:00.0,0.0
534,99,2,2040-02-10T02:00:00.0,0.0
535,99,2,2040-02-10T03:00:00.0,0.0
536,99,2,2040-02-10T04:00:00.0,0.0
537,99,2,2040-02-10T05:00:00.0,1.9704
538,99,2,2040-02-10T06:00:00.0,231.473
539,99,2,2040-02-10T07:00:00.0,773.9309
540,99,2,2040-02-10T08:00:00.0,1269.1269
541,99,2,2040-02-10T09:00:00.0,1644.0833
542,99,2,2040-02-10T10:00:00.0,1899.4736
543,99,2,2040-02-10T11:00:00.0,2031.9082
544,99,2,2040-02-10T12:00:00.0,2026.2625
545,99,2,2040-02-10T13:00:00.0,1921.5669
546,99,2,2040-02-10T14:00:00.0,1689.2972
547,99,2,2040-02-10T15:00:00.0,1350.6038
548,99,2,2040-02-10T16:00:00.0,931.2323
549,99,2,2040-02-10T17:00:00.0,438.9745
550,99,2,2040-02-10T18:00:00.0,47.5686
551,99,2,2040-02-10T19:00:00.0,0.0
552,99,2,2040-02-10T20:00:00.0,0.0
553,99,2,2040-02-10T21:00:00.0,0.0
554,99,2,2040-02-10T22:00:00.0,0.0
555,99,2,2040-02-10T23:00:00.0,0.0
556,99,2,2040-02-11T00:00:00.0,0.0
557,99,2,2040-02-11T01:00:00.0,0.0
558,99,2,2040-02-11T02:00:00.0,0.0
559,99,2,2040-02-11T03:00:00.0,0.0
560,99,2,2040-02-11T04:00:00.0,0.0
561,99,2,2040-02-11T05:00:00.0,2.1923
562,99,2,2040-02-11T06:00:00.0,193.5776
563,99,2,2040-02-11T07:00:00.0,620.8727
564,99,2,2040-02-11T08:00:00.0,1098.5196
565,99,2,2040-02-11T09:00:00.0,1502.4441
566,99,2,2040-02-11T10:00:00.0,1791.5791
567,99,2,2040-02-11T11:00:00.0,1934.7534
568,99,2,2040-02-11T12:00:00.0,1867.1683
569,99,2,2040-02-11T13:00:00.0,1784.7311
570,99,2,2040-02-11T14:00:00.0,1530.6435
571,99,2,2040-02-11T15:00:00.0,1094.5848
572,99,2,2040-02-11T16:00:00.0,737.6031
573,99,2,2040-02-11T17:00:00.0,354.9136
574,99,2,2040-02-11T18:00:00.0,32.5242
575,99,2,2040-02-11T19:00:00.0,0.0
576,99,2,2040-02-11T20:00:00.0,0.0
577,99,2,2040-02-11T21:00:00.0,0.0
578,99,2,2040-02-11T22:00:00.0,0.0
579,99,2,2040-02-11T23:00:00.0,0.0
580,100,2,2040-02-09T00:00:00.0,0.0
581,100,2,2040-02-09T01:00:00.0,0.0
582,100,2,2040-02-09T02:00:00.0,0.0
583,100,2,2040-02-09T03:00:00.0,0.0
584,100,2,2040-02-09T04:00:00.0,0.0
585,100,2,2040-02-09T05:00:00.0,0.0
586,100,2,2040-02-09T06:00:00.0,463.8496
587,100,2,2040-02-09T07:00:00.0,2737.449
588,100,2,2040-02-09T08:00:00.0,4356.2148
589,100,2,2040-02-09T09:00:00.0,7020.4122
590,100,2,2040-02-09T10:00:00.0,8249.751
591,100,2,2040-02-09T11:00:00.0,9093.3269
592,100,2,2040-02-09T12:00:00.0,9327.3551
593,100,2,2040-02-09T13:00:00.0,8722.8577
594,100,2,2040-02-09T14:00:00.0,7739.0632
595,100,2,2040-02-09T15:00:00.0,5563.2824
596,100,2,2040-02-09T16:00:00.0,4410.7566
597,100,2,2040-02-09T17:00:00.0,2282.8606
598,100,2,2040-02-09T18:00:00.0,648.2307
599,100,2,2040-02-09T19:00:00.0,9.0974
600,100,2,2040-02-09T20:00:00.0,0.0
601,100,2,2040-02-09T21:00:00.0,0.0
602,100,2,2040-02-09T22:00:00.0,0.0
603,100,2,2040-02-09T23:00:00.0,0.0
604,100,2,2040-02-10T00:00:00.0,0.0
605,100,2,2040-02-10T01:00:00.0,0.0
606,100,2,2040-02-10T02:00:00.0,0.0
607,100,2,2040-02-10T03:00:00.0,0.0
608,100,2,2040-02-10T04:00:00.0,0.0
609,100,2,2040-02-10T05:00:00.0,0.0
610,100,2,2040-02-10T06:00:00.0,231.6857
611,100,2,2040-02-10T07:00:00.0,1365.8521
612,100,2,2040-02-10T08:00:00.0,2913.5212
613,100,2,2040-02-10T09:00:00.0,4713.9753
614,100,2,2040-02-10T10:00:00.0,7476.5671
615,100,2,2040-02-10T11:00:00.0,10121.589
616,100,2,2040-02-10T12:00:00.0,10530.3249
617,100,2,2040-02-10T13:00:00.0,10308.6051
618,100,2,2040-02-10T14:00:00.0,9463.132
619,100,2,2040-02-10T15:00:00.0,7954.8176
620,100,2,2040-02-10T16:00:00.0,6025.3852
621,100,2,2040-02-10T17:00:00.0,3456.9844
622,100,2,2040-02-10T18:00:00.0,874.3031
623,100,2,2040-02-10T19:00:00.0,2.5271
624,100,2,2040-02-10T20:00:00.0,0.0
625,100,2,2040-02-10T21:00:00.0,0.0
626,100,2,2040-02-10T22:00:00.0,0.0
627,100,2,2040-02-10T23:00:00.0,0.0
628,100,2,2040-02-11T00:00:00.0,0.0
629,100,2,2040-02-11T01:00:00.0,0.0
630,100,2,2040-02-11T02:00:00.0,0.0
631,100,2,2040-02-11T03:00:00.0,0.0
632,100,2,2040-02-11T04:00:00.0,0.0
633,100,2,2040-02-11T05:00:00.0,0.0
634,100,2,2040-02-11T06:00:00.0,434.9539
635,100,2,2040-02-11T07:00:00.0,2061.2704
636,100,2,2040-02-11T08:00:00.0,4012.5101
637,100,2,2040-02-11T09:00:00.0,5359.6864
638,100,2,2040-02-11T10:00:00.0,6325.958
639,100,2,2040-02-11T11:00:00.0,7467.3551
640,100,2,2040-02-11T12:00:00.0,8571.9261
641,100,2,2040-02-11T13:00:00.0,9606.942
642,100,2,2040-02-11T14:00:00.0,9168.3891
643,100,2,2040-02-11T15:00:00.0,6891.8188
644,100,2,2040-02-11T16:00:00.0,5221.4529
645,100,2,2040-02-11T17:00:00.0,2421.9029
646,100,2,2040-02-11T18:00:00.0,569.8934
647,100,2,2040-02-11T19:00:00.0,3.4796
648,100,2,2040-02-11T20:00:00.0,0.0
649,100,2,2040-02-11T21:00:00.0,0.0
650,100,2,2040-02-11T22:00:00.0,0.0
651,100,2,2040-02-11T23:00:00.0,0.0
652,101,2,2040-02-09T00:00:00.0,0.0
653,101,2,2040-02-09T01:00:00.0,0.0
654,101,2,2040-02-09T02:00:00.0,0.0
655,101,2,2040-02-09T03:00:00.0,0.0
656,101,2,2040-02-09T04:00:00.0,0.0
657,101,2,2040-02-09T05:00:00.0,0.0509
658,101,2,2040-02-09T06:00:00.0,10.6136
659,101,2,2040-02-09T07:00:00.0,23.8144
660,101,2,2040-02-09T08:00:00.0,78.0176
661,101,2,2040-02-09T09:00:00.0,162.5308
662,101,2,2040-02-09T10:00:00.0,203.8334
663,101,2,2040-02-09T11:00:00.0,276.5346
664,101,2,2040-02-09T12:00:00.0,302.8324
665,101,2,2040-02-09T13:00:00.0,324.242
666,101,2,2040-02-09T14:00:00.0,347.8849
667,101,2,2040-02-09T15:00:00.0,327.2457
668,101,2,2040-02-09T16:00:00.0,180.0314
669,101,2,2040-02-09T17:00:00.0,91.1426
670,101,2,2040-02-09T18:00:00.0,24.3812
671,101,2,2040-02-09T19:00:00.0,0.0509
672,101,2,2040-02-09T20:00:00.0,0.0
673,101,2,2040-02-09T21:00:00.0,0.0
674,101,2,2040-02-09T22:00:00.0,0.0
675,101,2,2040-02-09T23:00:00.0,0.0
676,101,2,2040-02-10T00:00:00.0,0.0
677,101,2,2040-02-10T01:00:00.0,0.0
678,101,2,2040-02-10T02:00:00.0,0.0
679,101,2,2040-02-10T03:00:00.0,0.0
680,101,2,2040-02-10T04:00:00.0,0.0
681,101,2,2040-02-10T05:00:00.0,0.1528
682,101,2,2040-02-10T06:00:00.0,11.7366
683,101,2,2040-02-10T07:00:00.0,105.0221
684,101,2,2040-02-10T08:00:00.0,245.3736
685,101,2,2040-02-10T09:00:00.0,360.1775
686,101,2,2040-02-10T10:00:00.0,448.7344
687,101,2,2040-02-10T11:00:00.0,500.5844
688,101,2,2040-02-10T12:00:00.0,571.9461
689,101,2,2040-02-10T13:00:00.0,480.3828
690,101,2,2040-02-10T14:00:00.0,463.317
691,101,2,2040-02-10T15:00:00.0,439.9172
692,101,2,2040-02-10T16:00:00.0,346.0974
693,101,2,2040-02-10T17:00:00.0,180.098
694,101,2,2040-02-10T18:00:00.0,37.9677
695,101,2,2040-02-10T19:00:00.0,0.2037
696,101,2,2040-02-10T20:00:00.0,0.0
697,101,2,2040-02-10T21:00:00.0,0.0
698,101,2,2040-02-10T22:00:00.0,0.0
699,101,2,2040-02-10T23:00:00.0,0.0
700,101,2,2040-02-11T00:00:00.0,0.0
701,101,2,2040-02-11T01:00:00.0,0.0
702,101,2,2040-02-11T02:00:00.0,0.0
703,101,2,2040-02-11T03:00:00.0,0.0
704,101,2,2040-02-11T04:00:00.0,0.0
705,101,2,2040-02-11T05:00:00.0,0.2037
706,101,2,2040-02-11T06:00:00.0,28.1556
707,101,2,2040-02-11T07:00:00.0,119.0495
708,101,2,2040-02-11T08:00:00.0,197.398
709,101,2,2040-02-11T09:00:00.0,316.5963
710,101,2,2040-02-11T10:00:00.0,264.6671
711,101,2,2040-02-11T11:00:00.0,278.3267
712,101,2,2040-02-11T12:00:00.0,365.3629
713,101,2,2040-02-11T13:00:00.0,356.7527
714,101,2,2040-02-11T14:00:00.0,292.9149
715,101,2,2040-02-11T15:00:00.0,274.1087
716,101,2,2040-02-11T16:00:00.0,207.7308
717,101,2,2040-02-11T17:00:00.0,110.1271
718,101,2,2040-02-11T18:00:00.0,28.3934
719,101,2,2040-02-11T19:00:00.0,0.1019
720,101,2,2040-02-11T20:00:00.0,0.0
721,101,2,2040-02-11T21:00:00.0,0.0
722,101,2,2040-02-11T22:00:00.0,0.0
723,101,2,2040-02-11T23:00:00.0,0.0
724,102,2,2040-02-09T00:00:00.0,0.0
725,102,2,2040-02-09T01:00:00.0,0.0
726,102,2,2040-02-09T02:00:00.0,0.0
727,102,2,2040-02-09T03:00:00.0,0.0
728,102,2,2040-02-09T04:00:00.0,0.0
729,102,2,2040-02-09T05:00:00.0,0.0
730,102,2,2040-02-09T06:00:00.0,35.2336
731,102,2,2040-02-09T07:00:00.0,608.1532
732,102,2,2040-02-09T08:00:00.0,1642.4799
733,102,2,2040-02-09T09:00:00.0,2576.0779
734,102,2,2040-02-09T10:00:00.0,3195.6865
735,102,2,2040-02-09T11:00:00.0,3740.0525
736,102,2,2040-02-09T12:00:00.0,4014.8019
737,102,2,2040-02-09T13:00:00.0,3963.4242
738,102,2,2040-02-09T14:00:00.0,3649.5455
739,102,2,2040-02-09T15:00:00.0,3191.9312
740,102,2,2040-02-09T16:00:00.0,2506.8801
741,102,2,2040-02-09T17:00:00.0,1603.2435
742,102,2,2040-02-09T18:00:00.0,585.5512
743,102,2,2040-02-09T19:00:00.0,29.8692
744,102,2,2040-02-09T20:00:00.0,0.0
745,102,2,2040-02-09T21:00:00.0,0.0
746,102,2,2040-02-09T22:00:00.0,0.0
747,102,2,2040-02-09T23:00:00.0,0.0
748,102,2,2040-02-10T00:00:00.0,0.0
749,102,2,2040-02-10T01:00:00.0,0.0
750,102,2,2040-02-10T02:00:00.0,0.0
751,102,2,2040-02-10T03:00:00.0,0.0
752,102,2,2040-02-10T04:00:00.0,0.0
753,102,2,2040-02-10T05:00:00.0,0.0
754,102,2,2040-02-10T06:00:00.0,37.6232
755,102,2,2040-02-10T07:00:00.0,596.24
756,102,2,2040-02-10T08:00:00.0,1591.6976
757,102,2,2040-02-10T09:00:00.0,2525.8536
758,102,2,2040-02-10T10:00:00.0,3316.0612
759,102,2,2040-02-10T11:00:00.0,3826.0548
760,102,2,2040-02-10T12:00:00.0,4055.852
761,102,2,2040-02-10T13:00:00.0,3991.9787
762,102,2,2040-02-10T14:00:00.0,3757.7464
763,102,2,2040-02-10T15:00:00.0,3262.109
764,102,2,2040-02-10T16:00:00.0,2558.1969
765,102,2,2040-02-10T17:00:00.0,1566.0148
766,102,2,2040-02-10T18:00:00.0,571.5076
767,102,2,2040-02-10T19:00:00.0,29.6309
768,102,2,2040-02-10T20:00:00.0,0.0
769,102,2,2040-02-10T21:00:00.0,0.0
770,102,2,2040-02-10T22:00:00.0,0.0
771,102,2,2040-02-10T23:00:00.0,0.0
772,102,2,2040-02-11T00:00:00.0,0.0
773,102,2,2040-02-11T01:00:00.0,0.0
774,102,2,2040-02-11T02:00:00.0,0.0
775,102,2,2040-02-11T03:00:00.0,0.0
776,102,2,2040-02-11T04:00:00.0,0.0
777,102,2,2040-02-11T05:00:00.0,0.0
778,102,2,2040-02-11T06:00:00.0,29.499
779,102,2,2040-02-11T07:00:00.0,469.6073
780,102,2,2040-02-11T08:00:00.0,1160.9201
781,102,2,2040-02-11T09:00:00.0,1898.1635
782,102,2,2040-02-11T10:00:00.0,3137.5941
783,102,2,2040-02-11T11:00:00.0,3794.2788
784,102,2,2040-02-11T12:00:00.0,3973.0902
785,102,2,2040-02-11T13:00:00.0,3913.8942
786,102,2,2040-02-11T14:00:00.0,3776.5809
787,102,2,2040-02-11T15:00:00.0,3324.2543
788,102,2,2040-02-11T16:00:00.0,2530.3299
789,102,2,2040-02-11T17:00:00.0,1558.454
790,102,2,2040-02-11T18:00:00.0,571.7426
791,102,2,2040-02-11T19:00:00.0,29.392
792,102,2,2040-02-11T20:00:00.0,0.0
793,102,2,2040-02-11T21:00:00.0,0.0
794,102,2,2040-02-11T22:00:00.0,0.0
795,102,2,2040-02-11T23:00:00.0,0.0
796,103,2,2040-02-09T00:00:00.0,0.0
797,103,2,2040-02-09T01:00:00.0,0.0
798,103,2,2040-02-09T02:00:00.0,0.0
799,103,2,2040-02-09T03:00:00.0,0.0
800,103,2,2040-02-09T04:00:00.0,0.0
801,103,2,2040-02-09T05:00:00.0,0.0
802,103,2,2040-02-09T06:00:00.0,1.5404
803,103,2,2040-02-09T07:00:00.0,26.5886
804,103,2,2040-02-09T08:00:00.0,71.8096
805,103,2,2040-02-09T09:00:00.0,112.6267
806,103,2,2040-02-09T10:00:00.0,139.7161
807,103,2,2040-02-09T11:00:00.0,163.5159
808,103,2,2040-02-09T12:00:00.0,175.528
809,103,2,2040-02-09T13:00:00.0,173.2818
810,103,2,2040-02-09T14:00:00.0,159.5589
811,103,2,2040-02-09T15:00:00.0,139.5519
812,103,2,2040-02-09T16:00:00.0,109.6013
813,103,2,2040-02-09T17:00:00.0,70.0942
814,103,2,2040-02-09T18:00:00.0,25.6004
815,103,2,2040-02-09T19:00:00.0,1.3059
816,103,2,2040-02-09T20:00:00.0,0.0
817,103,2,2040-02-09T21:00:00.0,0.0
818,103,2,2040-02-09T22:00:00.0,0.0
819,103,2,2040-02-09T23:00:00.0,0.0
820,103,2,2040-02-10T00:00:00.0,0.0
821,103,2,2040-02-10T01:00:00.0,0.0
822,103,2,2040-02-10T02:00:00.0,0.0
823,103,2,2040-02-10T03:00:00.0,0.0
824,103,2,2040-02-10T04:00:00.0,0.0
825,103,2,2040-02-10T05:00:00.0,0.0
826,103,2,2040-02-10T06:00:00.0,1.6449
827,103,2,2040-02-10T07:00:00.0,26.0677
828,103,2,2040-02-10T08:00:00.0,69.5894
829,103,2,2040-02-10T09:00:00.0,110.4309
830,103,2,2040-02-10T10:00:00.0,144.9789
831,103,2,2040-02-10T11:00:00.0,167.276
832,103,2,2040-02-10T12:00:00.0,177.3227
833,103,2,2040-02-10T13:00:00.0,174.5302
834,103,2,2040-02-10T14:00:00.0,164.2895
835,103,2,2040-02-10T15:00:00.0,142.6201
836,103,2,2040-02-10T16:00:00.0,111.8449
837,103,2,2040-02-10T17:00:00.0,68.4665
838,103,2,2040-02-10T18:00:00.0,24.9864
839,103,2,2040-02-10T19:00:00.0,1.2955
840,103,2,2040-02-10T20:00:00.0,0.0
841,103,2,2040-02-10T21:00:00.0,0.0
842,103,2,2040-02-10T22:00:00.0,0.0
843,103,2,2040-02-10T23:00:00.0,0.0
844,103,2,2040-02-11T00:00:00.0,0.0
845,103,2,2040-02-11T01:00:00.0,0.0
846,103,2,2040-02-11T02:00:00.0,0.0
847,103,2,2040-02-11T03:00:00.0,0.0
848,103,2,2040-02-11T04:00:00.0,0.0
849,103,2,2040-02-11T05:00:00.0,0.0
850,103,2,2040-02-11T06:00:00.0,1.2897
851,103,2,2040-02-11T07:00:00.0,20.5313
852,103,2,2040-02-11T08:00:00.0,50.7557
853,103,2,2040-02-11T09:00:00.0,82.9881
854,103,2,2040-02-11T10:00:00.0,137.1763
855,103,2,2040-02-11T11:00:00.0,165.8867
856,103,2,2040-02-11T12:00:00.0,173.7044
857,103,2,2040-02-11T13:00:00.0,171.1163
858,103,2,2040-02-11T14:00:00.0,165.1129
859,103,2,2040-02-11T15:00:00.0,145.3371
860,103,2,2040-02-11T16:00:00.0,110.6266
861,103,2,2040-02-11T17:00:00.0,68.136
862,103,2,2040-02-11T18:00:00.0,24.9967
863,103,2,2040-02-11T19:00:00.0,1.285
864,103,2,2040-02-11T20:00:00.0,0.0
865,103,2,2040-02-11T21:00:00.0,0.0
866,103,2,2040-02-11T22:00:00.0,0.0
867,103,2,2040-02-11T23:00:00.0,0.0
868,104,2,2040-02-09T00:00:00.0,0.0
869,104,2,2040-02-09T01:00:00.0,0.0
870,104,2,2040-02-09T02:00:00.0,0.0
871,104,2,2040-02-09T03:00:00.0,0.0
872,104,2,2040-02-09T04:00:00.0,0.0
873,104,2,2040-02-09T05:00:00.0,1.4733607338925148
874,104,2,2040-02-09T06:00:00.0,756.0776481220639
875,104,2,2040-02-09T07:00:00.0,2353.539064672172
876,104,2,2040-02-09T08:00:00.0,3235.3545019244116
877,104,2,2040-02-09T09:00:00.0,3344.571631090044
878,104,2,2040-02-09T10:00:00.0,3222.024828292658
879,104,2,2040-02-09T11:00:00.0,3071.53175987884
880,104,2,2040-02-09T12:00:00.0,3124.1017776100593
881,104,2,2040-02-09T13:00:00.0,3266.5391455743243
882,104,2,2040-02-09T14:00:00.0,3237.5787328764295
883,104,2,2040-02-09T15:00:00.0,3383.5065415845893
884,104,2,2040-02-09T16:00:00.0,2856.282815740066
885,104,2,2040-02-09T17:00:00.0,1436.4924368986328
886,104,2,2040-02-09T18:00:00.0,179.12095051315092
887,104,2,2040-02-09T19:00:00.0,0.0
888,104,2,2040-02-09T20:00:00.0,0.0
889,104,2,2040-02-09T21:00:00.0,0.0
890,104,2,2040-02-09T22:00:00.0,0.0
891,104,2,2040-02-09T23:00:00.0,0.0
892,104,2,2040-02-10T00:00:00.0,0.0
893,104,2,2040-02-10T01:00:00.0,0.0
894,104,2,2040-02-10T02:00:00.0,0.0
895,104,2,2040-02-10T03:00:00.0,0.0
896,104,2,2040-02-10T04:00:00.0,0.0
897,104,2,2040-02-10T05:00:00.0,0.6200479097404185
898,104,2,2040-02-10T06:00:00.0,843.0911702805225
899,104,2,2040-02-10T07:00:00.0,2613.9080780176096
900,104,2,2040-02-10T08:00:00.0,3480.1455969595613
901,104,2,2040-02-10T09:00:00.0,3648.3536356049135
902,104,2,2040-02-10T10:00:00.0,3666.52697174
903,104,2,2040-02-10T11:00:00.0,3486.1815269998683
904,104,2,2040-02-10T12:00:00.0,3570.3770306061547
905,104,2,2040-02-10T13:00:00.0,3504.57029718632
906,104,2,2040-02-10T14:00:00.0,3509.964365050813
907,104,2,2040-02-10T15:00:00.0,3445.7588010655863
908,104,2,2040-02-10T16:00:00.0,3458.3581696044685
909,104,2,2040-02-10T17:00:00.0,1816.5482755118474
910,104,2,2040-02-10T18:00:00.0,195.12325297243535
911,104,2,2040-02-10T19:00:00.0,0.0
912,104,2,2040-02-10T20:00:00.0,0.0
913,104,2,2040-02-10T21:00:00.0,0.0
914,104,2,2040-02-10T22:00:00.0,0.0
915,104,2,2040-02-10T23:00:00.0,0.0
916,104,2,2040-02-11T00:00:00.0,0.0
917,104,2,2040-02-11T01:00:00.0,0.0
918,104,2,2040-02-11T02:00:00.0,0.0
919,104,2,2040-02-11T03:00:00.0,0.0
920,104,2,2040-02-11T04:00:00.0,0.0
921,104,2,2040-02-11T05:00:00.0,0.6237474808882915
922,104,2,2040-02-11T06:00:00.0,559.0453056228891
923,104,2,2040-02-11T07:00:00.0,1869.8151905282716
924,104,2,2040-02-11T08:00:00.0,2603.14334530773
925,104,2,2040-02-11T09:00:00.0,3200.006055905809
926,104,2,2040-02-11T10:00:00.0,3439.2278478488106
927,104,2,2040-02-11T11:00:00.0,3453.41424072281
928,104,2,2040-02-11T12:00:00.0,3431.8141805116056
929,104,2,2040-02-11T13:00:00.0,3503.4339781690696
930,104,2,2040-02-11T14:00:00.0,3485.321289755427
931,104,2,2040-02-11T15:00:00.0,3371.1122894793207
932,104,2,2040-02-11T16:00:00.0,3118.357892955763
933,104,2,2040-02-11T17:00:00.0,1523.1928479907192
934,104,2,2040-02-11T18:00:00.0,168.39897738105694
935,104,2,2040-02-11T19:00:00.0,0.0
936,104,2,2040-02-11T20:00:00.0,0.0
937,104,2,2040-02-11T21:00:00.0,0.0
938,104,2,2040-02-11T22:00:00.0,0.0
939,104,2,2040-02-11T23:00:00.0,0.0
940,105,2,2040-02-09T00:00:00.0,0.0
941,105,2,2040-02-09T01:00:00.0,0.0
942,105,2,2040-02-09T02:00:00.0,0.0
943,105,2,2040-02-09T03:00:00.0,0.0
944,105,2,2040-02-09T04:00:00.0,0.0
945,105,2,2040-02-09T05:00:00.0,1.7546638045686347
946,105,2,2040-02-09T06:00:00.0,496.4069462608414
947,105,2,2040-02-09T07:00:00.0,1953.0303831173057
948,105,2,2040-02-09T08:00:00.0,2998.903420713199
949,105,2,2040-02-09T09:00:00.0,3211.9126703953625
950,105,2,2040-02-09T10:00:00.0,3228.778998986085
951,105,2,2040-02-09T11:00:00.0,3235.690618091449
952,105,2,2040-02-09T12:00:00.0,3163.623570464133
953,105,2,2040-02-09T13:00:00.0,2946.100585398486
954,105,2,2040-02-09T14:00:00.0,2712.7253289506943
955,105,2,2040-02-09T15:00:00.0,2640.9991380795814
956,105,2,2040-02-09T16:00:00.0,2273.963428539818
957,105,2,2040-02-09T17:00:00.0,1622.6459299391233
958,105,2,2040-02-09T18:00:00.0,457.01222516487394
959,105,2,2040-02-09T19:00:00.0,12.965794253283905
960,105,2,2040-02-09T20:00:00.0,0.0
961,105,2,2040-02-09T21:00:00.0,0.0
962,105,2,2040-02-09T22:00:00.0,0.0
963,105,2,2040-02-09T23:00:00.0,0.0
964,105,2,2040-02-10T00:00:00.0,0.0
965,105,2,2040-02-10T01:00:00.0,0.0
966,105,2,2040-02-10T02:00:00.0,0.0
967,105,2,2040-02-10T03:00:00.0,0.0
968,105,2,2040-02-10T04:00:00.0,0.0
969,105,2,2040-02-10T05:00:00.0,0.28707033110883445
970,105,2,2040-02-10T06:00:00.0,333.6944294735354
971,105,2,2040-02-10T07:00:00.0,1515.2126937380738
972,105,2,2040-02-10T08:00:00.0,2541.334892278366
973,105,2,2040-02-10T09:00:00.0,2953.0410624425617
974,105,2,2040-02-10T10:00:00.0,3095.460103061894
975,105,2,2040-02-10T11:00:00.0,3147.229135420615
976,105,2,2040-02-10T12:00:00.0,3185.783734443315
977,105,2,2040-02-10T13:00:00.0,3246.086973167438
978,105,2,2040-02-10T14:00:00.0,3246.5039512500002
979,105,2,2040-02-10T15:00:00.0,3239.710335356004
980,105,2,2040-02-10T16:00:00.0,3155.5082765143115
981,105,2,2040-02-10T17:00:00.0,2353.620200545297
982,105,2,2040-02-10T18:00:00.0,828.2537198542548
983,105,2,2040-02-10T19:00:00.0,12.709397474654295
984,105,2,2040-02-10T20:00:00.0,0.0
985,105,2,2040-02-10T21:00:00.0,0.0
986,105,2,2040-02-10T22:00:00.0,0.0
987,105,2,2040-02-10T23:00:00.0,0.0
988,105,2,2040-02-11T00:00:00.0,0.0
989,105,2,2040-02-11T01:00:00.0,0.0
990,105,2,2040-02-11T02:00:00.0,0.0
991,105,2,2040-02-11T03:00:00.0,0.0
992,105,2,2040-02-11T04:00:00.0,0.0
993,105,2,2040-02-11T05:00:00.0,0.8872620362669047
994,105,2,2040-02-11T06:00:00.0,186.3986872923045
995,105,2,2040-02-11T07:00:00.0,930.5537287404235
996,105,2,2040-02-11T08:00:00.0,1993.894984864787
997,105,2,2040-02-11T09:00:00.0,2297.672257500798
998,105,2,2040-02-11T10:00:00.0,2409.774105865784
999,105,2,2040-02-11T11:00:00.0,2725.1225986734476
1000,105,2,2040-02-11T12:00:00.0,2892.9493146496343
1001,105,2,2040-02-11T13:00:00.0,3092.3318353735212
1002,105,2,2040-02-11T14:00:00.0,2981.516762810902
1003,105,2,2040-02-11T15:00:00.0,2758.691340859841
1004,105,2,2040-02-11T16:00:00.0,2335.5475080144392
1005,105,2,2040-02-11T17:00:00.0,1693.7196897129031
1006,105,2,2040-02-11T18:00:00.0,612.7190483217491
1007,105,2,2040-02-11T19:00:00.0,8.533780265099438
1008,105,2,2040-02-11T20:00:00.0,0.0
1009,105,2,2040-02-11T21:00:00.0,0.0
1010,105,2,2040-02-11T22:00:00.0,0.0
1011,105,2,2040-02-11T23:00:00.0,0.0
1012,106,2,2040-02-09T00:00:00.0,0.0
1013,106,2,2040-02-09T01:00:00.0,0.0
1014,106,2,2040-02-09T02:00:00.0,0.0
1015,106,2,2040-02-09T03:00:00.0,0.0
1016,106,2,2040-02-09T04:00:00.0,0.0
1017,106,2,2040-02-09T05:00:00.0,97.89557927084216
1018,106,2,2040-02-09T06:00:00.0,982.9166762294974
1019,106,2,2040-02-09T07:00:00.0,2957.2437242725355
1020,106,2,2040-02-09T08:00:00.0,2754.467564172778
1021,106,2,2040-02-09T09:00:00.0,3153.411199608019
1022,106,2,2040-02-09T10:00:00.0,3602.3060531739275
1023,106,2,2040-02-09T11:00:00.0,3386.71792941647
1024,106,2,2040-02-09T12:00:00.0,3484.0188810167165
1025,106,2,2040-02-09T13:00:00.0,3540.4209410285293
1026,106,2,2040-02-09T14:00:00.0,3441.2088001973334
1027,106,2,2040-02-09T15:00:00.0,3458.9138893632144
1028,106,2,2040-02-09T16:00:00.0,3379.1762585329916
1029,106,2,2040-02-09T17:00:00.0,1650.9241515121043
1030,106,2,2040-02-09T18:00:00.0,171.61003808224814
1031,106,2,2040-02-09T19:00:00.0,0.0
1032,106,2,2040-02-09T20:00:00.0,0.0
1033,106,2,2040-02-09T21:00:00.0,0.0
1034,106,2,2040-02-09T22:00:00.0,0.0
1035,106,2,2040-02-09T23:00:00.0,0.0
1036,106,2,2040-02-10T00:00:00.0,0.0
1037,106,2,2040-02-10T01:00:00.0,0.0
1038,106,2,2040-02-10T02:00:00.0,0.0
1039,106,2,2040-02-10T03:00:00.0,0.0
1040,106,2,2040-02-10T04:00:00.0,0.0
1041,106,2,2040-02-10T05:00:00.0,87.11166660016336
1042,106,2,2040-02-10T06:00:00.0,1175.7499744361226
1043,106,2,2040-02-10T07:00:00.0,3584.938922680722
1044,106,2,2040-02-10T08:00:00.0,3712.090410047689
1045,106,2,2040-02-10T09:00:00.0,3716.5858039122413
1046,106,2,2040-02-10T10:00:00.0,3718.8165176549805
1047,106,2,2040-02-10T11:00:00.0,3718.7733968261364
1048,106,2,2040-02-10T12:00:00.0,3717.1358215417204
1049,106,2,2040-02-10T13:00:00.0,3713.919958256716
1050,106,2,2040-02-10T14:00:00.0,3715.4083200397627
1051,106,2,2040-02-10T15:00:00.0,3707.248888025645
1052,106,2,2040-02-10T16:00:00.0,3447.0849412709968
1053,106,2,2040-02-10T17:00:00.0,1624.6824279517605
1054,106,2,2040-02-10T18:00:00.0,184.272413969856
1055,106,2,2040-02-10T19:00:00.0,0.0
1056,106,2,2040-02-10T20:00:00.0,0.0
1057,106,2,2040-02-10T21:00:00.0,0.0
1058,106,2,2040-02-10T22:00:00.0,0.0
1059,106,2,2040-02-10T23:00:00.0,0.0
1060,106,2,2040-02-11T00:00:00.0,0.0
1061,106,2,2040-02-11T01:00:00.0,0.0
1062,106,2,2040-02-11T02:00:00.0,0.0
1063,106,2,2040-02-11T03:00:00.0,0.0
1064,106,2,2040-02-11T04:00:00.0,0.0
1065,106,2,2040-02-11T05:00:00.0,67.70213572616879
1066,106,2,2040-02-11T06:00:00.0,852.8991215265696
1067,106,2,2040-02-11T07:00:00.0,2704.6609320912926
1068,106,2,2040-02-11T08:00:00.0,3260.7986509614393
1069,106,2,2040-02-11T09:00:00.0,3693.8570263030433
1070,106,2,2040-02-11T10:00:00.0,3655.70951332164
1071,106,2,2040-02-11T11:00:00.0,3708.975573358799
1072,106,2,2040-02-11T12:00:00.0,3670.1741898498594
1073,106,2,2040-02-11T13:00:00.0,3498.8137431697423
1074,106,2,2040-02-11T14:00:00.0,3581.840119022313
1075,106,2,2040-02-11T15:00:00.0,3570.1649705958703
1076,106,2,2040-02-11T16:00:00.0,3199.629536449149
1077,106,2,2040-02-11T17:00:00.0,1475.367109534658
1078,106,2,2040-02-11T18:00:00.0,176.85155511596375
1079,106,2,2040-02-11T19:00:00.0,0.0
1080,106,2,2040-02-11T20:00:00.0,0.0
1081,106,2,2040-02-11T21:00:00.0,0.0
1082,106,2,2040-02-11T22:00:00.0,0.0
1083,106,2,2040-02-11T23:00:00.0,0.0
1084,107,2,2040-02-09T00:00:00.0,0.0
1085,107,2,2040-02-09T01:00:00.0,0.0
1086,107,2,2040-02-09T02:00:00.0,0.0
1087,107,2,2040-02-09T03:00:00.0,0.0
1088,107,2,2040-02-09T04:00:00.0,0.0
1089,107,2,2040-02-09T05:00:00.0,28.677974304692007
1090,107,2,2040-02-09T06:00:00.0,1741.079534324517
1091,107,2,2040-02-09T07:00:00.0,5438.48560891908
1092,107,2,2040-02-09T08:00:00.0,5352.558002065481
1093,107,2,2040-02-09T09:00:00.0,5686.076910726457
1094,107,2,2040-02-09T10:00:00.0,5796.686808577202
1095,107,2,2040-02-09T11:00:00.0,6502.202949116993
1096,107,2,2040-02-09T12:00:00.0,7150.702713321027
1097,107,2,2040-02-09T13:00:00.0,7375.8353433085
1098,107,2,2040-02-09T14:00:00.0,6751.586998634834
1099,107,2,2040-02-09T15:00:00.0,6272.865704067713
1100,107,2,2040-02-09T16:00:00.0,5442.858253379039
1101,107,2,2040-02-09T17:00:00.0,2627.8467997168973
1102,107,2,2040-02-09T18:00:00.0,328.13016154289653
1103,107,2,2040-02-09T19:00:00.0,0.0
1104,107,2,2040-02-09T20:00:00.0,0.0
1105,107,2,2040-02-09T21:00:00.0,0.0
1106,107,2,2040-02-09T22:00:00.0,0.0
1107,107,2,2040-02-09T23:00:00.0,0.0
1108,107,2,2040-02-10T00:00:00.0,0.0
1109,107,2,2040-02-10T01:00:00.0,0.0
1110,107,2,2040-02-10T02:00:00.0,0.0
1111,107,2,2040-02-10T03:00:00.0,0.0
1112,107,2,2040-02-10T04:00:00.0,0.0
1113,107,2,2040-02-10T05:00:00.0,29.42386766595811
1114,107,2,2040-02-10T06:00:00.0,1982.8907866141753
1115,107,2,2040-02-10T07:00:00.0,6084.6905992784295
1116,107,2,2040-02-10T08:00:00.0,7108.58246191465
1117,107,2,2040-02-10T09:00:00.0,7834.112795399525
1118,107,2,2040-02-10T10:00:00.0,8084.86854280821
1119,107,2,2040-02-10T11:00:00.0,8226.009421289362
1120,107,2,2040-02-10T12:00:00.0,8200.26521824531
1121,107,2,2040-02-10T13:00:00.0,8254.018037223894
1122,107,2,2040-02-10T14:00:00.0,8288.527944478203
1123,107,2,2040-02-10T15:00:00.0,8306.463774723607
1124,107,2,2040-02-10T16:00:00.0,7763.456313594716
1125,107,2,2040-02-10T17:00:00.0,3500.0925723427654
1126,107,2,2040-02-10T18:00:00.0,341.55320346991465
1127,107,2,2040-02-10T19:00:00.0,0.0
1128,107,2,2040-02-10T20:00:00.0,0.0
1129,107,2,2040-02-10T21:00:00.0,0.0
1130,107,2,2040-02-10T22:00:00.0,0.0
1131,107,2,2040-02-10T23:00:00.0,0.0
1132,107,2,2040-02-11T00:00:00.0,0.0
1133,107,2,2040-02-11T01:00:00.0,0.0
1134,107,2,2040-02-11T02:00:00.0,0.0
1135,107,2,2040-02-11T03:00:00.0,0.0
1136,107,2,2040-02-11T04:00:00.0,0.0
1137,107,2,2040-02-11T05:00:00.0,24.98103220114736
1138,107,2,2040-02-11T06:00:00.0,2087.7408364806233
1139,107,2,2040-02-11T07:00:00.0,7120.584383330787
1140,107,2,2040-02-11T08:00:00.0,8166.23410398627
1141,107,2,2040-02-11T09:00:00.0,8356.92511774
1142,107,2,2040-02-11T10:00:00.0,8281.974230539357
1143,107,2,2040-02-11T11:00:00.0,8209.006177523286
1144,107,2,2040-02-11T12:00:00.0,8146.963402055864
1145,107,2,2040-02-11T13:00:00.0,8013.628840109555
1146,107,2,2040-02-11T14:00:00.0,8051.745574598861
1147,107,2,2040-02-11T15:00:00.0,8008.826873592305
1148,107,2,2040-02-11T16:00:00.0,6828.842936982604
1149,107,2,2040-02-11T17:00:00.0,3077.0241118125646
1150,107,2,2040-02-11T18:00:00.0,316.2821644210205
1151,107,2,2040-02-11T19:00:00.0,0.0
1152,107,2,2040-02-11T20:00:00.0,0.0
1153,107,2,2040-02-11T21:00:00.0,0.0
1154,107,2,2040-02-11T22:00:00.0,0.0
1155,107,2,2040-02-11T23:00:00.0,0.0
1156,108,2,2040-02-09T00:00:00.0,0.0
1157,108,2,2040-02-09T01:00:00.0,0.0
1158,108,2,2040-02-09T02:00:00.0,0.0
1159,108,2,2040-02-09T03:00:00.0,0.0
1160,108,2,2040-02-09T04:00:00.0,0.0
1161,108,2,2040-02-09T05:00:00.0,0.0
1162,108,2,2040-02-09T06:00:00.0,66.22371156602335
1163,108,2,2040-02-09T07:00:00.0,765.822011960484
1164,108,2,2040-02-09T08:00:00.0,1943.4598101276347
1165,108,2,2040-02-09T09:00:00.0,2217.8804516713053
1166,108,2,2040-02-09T10:00:00.0,2337.627533119479
1167,108,2,2040-02-09T11:00:00.0,2381.537440689683
1168,108,2,2040-02-09T12:00:00.0,2349.4790613387345
1169,108,2,2040-02-09T13:00:00.0,2257.2387359490353
1170,108,2,2040-02-09T14:00:00.0,2260.1225653411093
1171,108,2,2040-02-09T15:00:00.0,2129.010643109217
1172,108,2,2040-02-09T16:00:00.0,2091.6642483955075
1173,108,2,2040-02-09T17:00:00.0,1841.49928375466
1174,108,2,2040-02-09T18:00:00.0,845.021074572676
1175,108,2,2040-02-09T19:00:00.0,99.11556872686613
1176,108,2,2040-02-09T20:00:00.0,0.0
1177,108,2,2040-02-09T21:00:00.0,0.0
1178,108,2,2040-02-09T22:00:00.0,0.0
1179,108,2,2040-02-09T23:00:00.0,0.0
1180,108,2,2040-02-10T00:00:00.0,0.0
1181,108,2,2040-02-10T01:00:00.0,0.0
1182,108,2,2040-02-10T02:00:00.0,0.0
1183,108,2,2040-02-10T03:00:00.0,0.0
1184,108,2,2040-02-10T04:00:00.0,0.0
1185,108,2,2040-02-10T05:00:00.0,0.0
1186,108,2,2040-02-10T06:00:00.0,55.178338846061806
1187,108,2,2040-02-10T07:00:00.0,634.2012512295477
1188,108,2,2040-02-10T08:00:00.0,1829.710053597365
1189,108,2,2040-02-10T09:00:00.0,2069.3865763281037
1190,108,2,2040-02-10T10:00:00.0,2248.8032869298527
1191,108,2,2040-02-10T11:00:00.0,2341.4376227874473
1192,108,2,2040-02-10T12:00:00.0,2335.651128516192
1193,108,2,2040-02-10T13:00:00.0,2322.0399511746236
1194,108,2,2040-02-10T14:00:00.0,2234.5528708722363
1195,108,2,2040-02-10T15:00:00.0,2077.3566642873407
1196,108,2,2040-02-10T16:00:00.0,2056.8712788422376
1197,108,2,2040-02-10T17:00:00.0,1671.0432634027425
1198,108,2,2040-02-10T18:00:00.0,785.3429888892706
1199,108,2,2040-02-10T19:00:00.0,90.5500729888376
1200,108,2,2040-02-10T20:00:00.0,0.0
1201,108,2,2040-02-10T21:00:00.0,0.0
1202,108,2,2040-02-10T22:00:00.0,0.0
1203,108,2,2040-02-10T23:00:00.0,0.0
1204,108,2,2040-02-11T00:00:00.0,0.0
1205,108,2,2040-02-11T01:00:00.0,0.0
1206,108,2,2040-02-11T02:00:00.0,0.0
1207,108,2,2040-02-11T03:00:00.0,0.0
1208,108,2,2040-02-11T04:00:00.0,0.0
1209,108,2,2040-02-11T05:00:00.0,0.0
1210,108,2,2040-02-11T06:00:00.0,52.15033982232917
1211,108,2,2040-02-11T07:00:00.0,722.1810875210994
1212,108,2,2040-02-11T08:00:00.0,1899.8312842003197
1213,108,2,2040-02-11T09:00:00.0,2113.294304497513
1214,108,2,2040-02-11T10:00:00.0,2308.3936525810736
1215,108,2,2040-02-11T11:00:00.0,2320.8216148853444
1216,108,2,2040-02-11T12:00:00.0,2381.9652234699133
1217,108,2,2040-02-11T13:00:00.0,2394.92848202
1218,108,2,2040-02-11T14:00:00.0,2386.2773782656864
1219,108,2,2040-02-11T15:00:00.0,2307.6911753742897
1220,108,2,2040-02-11T16:00:00.0,2129.198207558693
1221,108,2,2040-02-11T17:00:00.0,1801.984251041414
1222,108,2,2040-02-11T18:00:00.0,851.7561351382878
1223,108,2,2040-02-11T19:00:00.0,88.97384196663579
1224,108,2,2040-02-11T20:00:00.0,0.0
1225,108,2,2040-02-11T21:00:00.0,0.0
1226,108,2,2040-02-11T22:00:00.0,0.0
1227,108,2,2040-02-11T23:00:00.0,0.0
1228,109,2,2040-02-09T00:00:00.0,0.0
1229,109,2,2040-02-09T01:00:00.0,0.0
1230,109,2,2040-02-09T02:00:00.0,0.0
1231,109,2,2040-02-09T03:00:00.0,0.0
1232,109,2,2040-02-09T04:00:00.0,0.0
1233,109,2,2040-02-09T05:00:00.0,0.0
1234,109,2,2040-02-09T06:00:00.0,82.37983816087953
1235,109,2,2040-02-09T07:00:00.0,474.2324529395727
1236,109,2,2040-02-09T08:00:00.0,866.6686763227515
1237,109,2,2040-02-09T09:00:00.0,895.661162972649
1238,109,2,2040-02-09T10:00:00.0,960.3361565600001
1239,109,2,2040-02-09T11:00:00.0,951.2079446803203
1240,109,2,2040-02-09T12:00:00.0,948.6417405013057
1241,109,2,2040-02-09T13:00:00.0,906.6844995438883
1242,109,2,2040-02-09T14:00:00.0,889.4487265324217
1243,109,2,2040-02-09T15:00:00.0,874.6189793059773
1244,109,2,2040-02-09T16:00:00.0,799.9693058815099
1245,109,2,2040-02-09T17:00:00.0,525.0373527115536
1246,109,2,2040-02-09T18:00:00.0,113.87104987692634
1247,109,2,2040-02-09T19:00:00.0,0.0
1248,109,2,2040-02-09T20:00:00.0,0.0
1249,109,2,2040-02-09T21:00:00.0,0.0
1250,109,2,2040-02-09T22:00:00.0,0.0
1251,109,2,2040-02-09T23:00:00.0,0.0
1252,109,2,2040-02-10T00:00:00.0,0.0
1253,109,2,2040-02-10T01:00:00.0,0.0
1254,109,2,2040-02-10T02:00:00.0,0.0
1255,109,2,2040-02-10T03:00:00.0,0.0
1256,109,2,2040-02-10T04:00:00.0,0.0
1257,109,2,2040-02-10T05:00:00.0,0.0
1258,109,2,2040-02-10T06:00:00.0,85.46995515015402
1259,109,2,2040-02-10T07:00:00.0,562.4056741519755
1260,109,2,2040-02-10T08:00:00.0,895.2586692707881
1261,109,2,2040-02-10T09:00:00.0,923.1943641374594
1262,109,2,2040-02-10T10:00:00.0,940.8362072158207
1263,109,2,2040-02-10T11:00:00.0,960.1227325159374
1264,109,2,2040-02-10T12:00:00.0,932.8091663566861
1265,109,2,2040-02-10T13:00:00.0,868.6661610010667
1266,109,2,2040-02-10T14:00:00.0,796.8731151013842
1267,109,2,2040-02-10T15:00:00.0,722.155380611366
1268,109,2,2040-02-10T16:00:00.0,722.3900679108697
1269,109,2,2040-02-10T17:00:00.0,424.636466443133
1270,109,2,2040-02-10T18:00:00.0,67.35916449615847
1271,109,2,2040-02-10T19:00:00.0,0.0
1272,109,2,2040-02-10T20:00:00.0,0.0
1273,109,2,2040-02-10T21:00:00.0,0.0
1274,109,2,2040-02-10T22:00:00.0,0.0
1275,109,2,2040-02-10T23:00:00.0,0.0
1276,109,2,2040-02-11T00:00:00.0,0.0
1277,109,2,2040-02-11T01:00:00.0,0.0
1278,109,2,2040-02-11T02:00:00.0,0.0
1279,109,2,2040-02-11T03:00:00.0,0.0
1280,109,2,2040-02-11T04:00:00.0,0.0
1281,109,2,2040-02-11T05:00:00.0,0.0
1282,109,2,2040-02-11T06:00:00.0,51.49133746876416
1283,109,2,2040-02-11T07:00:00.0,478.46780614154954
1284,109,2,2040-02-11T08:00:00.0,822.3498267038742
1285,109,2,2040-02-11T09:00:00.0,893.028949954097
1286,109,2,2040-02-11T10:00:00.0,926.2073957646586
1287,109,2,2040-02-11T11:00:00.0,892.9696115984276
1288,109,2,2040-02-11T12:00:00.0,796.1599391443589
1289,109,2,2040-02-11T13:00:00.0,895.6515071899863
1290,109,2,2040-02-11T14:00:00.0,821.9455378548816
1291,109,2,2040-02-11T15:00:00.0,771.3590115570186
1292,109,2,2040-02-11T16:00:00.0,686.2655703158359
1293,109,2,2040-02-11T17:00:00.0,298.45334660183033
1294,109,2,2040-02-11T18:00:00.0,45.096532758049214
1295,109,2,2040-02-11T19:00:00.0,0.0
1296,109,2,2040-02-11T20:00:00.0,0.0
1297,109,2,2040-02-11T21:00:00.0,0.0
1298,109,2,2040-02-11T22:00:00.0,0.0
1299,109,2,2040-02-11T23:00:00.0,0.0
1300,110,2,2040-02-09T00:00:00.0,0.0
1301,110,2,2040-02-09T01:00:00.0,0.0
1302,110,2,2040-02-09T02:00:00.0,0.0
1303,110,2,2040-02-09T03:00:00.0,0.0
1304,110,2,2040-02-09T04:00:00.0,0.0
1305,110,2,2040-02-09T05:00:00.0,11.471684276462184
1306,110,2,2040-02-09T06:00:00.0,762.7453286730312
1307,110,2,2040-02-09T07:00:00.0,2333.000332374471
1308,110,2,2040-02-09T08:00:00.0,3663.4144002011653
1309,110,2,2040-02-09T09:00:00.0,3624.449772718207
1310,110,2,2040-02-09T10:00:00.0,3719.6850402116092
1311,110,2,2040-02-09T11:00:00.0,3731.998167400001
1312,110,2,2040-02-09T12:00:00.0,3685.390845897558
1313,110,2,2040-02-09T13:00:00.0,3645.525306847373
1314,110,2,2040-02-09T14:00:00.0,3655.910153956563
1315,110,2,2040-02-09T15:00:00.0,3597.697932317976
1316,110,2,2040-02-09T16:00:00.0,3350.8646086872486
1317,110,2,2040-02-09T17:00:00.0,2404.788390449951
1318,110,2,2040-02-09T18:00:00.0,768.2700700558687
1319,110,2,2040-02-09T19:00:00.0,3.503723259327295
1320,110,2,2040-02-09T20:00:00.0,0.0
1321,110,2,2040-02-09T21:00:00.0,0.0
1322,110,2,2040-02-09T22:00:00.0,0.0
1323,110,2,2040-02-09T23:00:00.0,0.0
1324,110,2,2040-02-10T00:00:00.0,0.0
1325,110,2,2040-02-10T01:00:00.0,0.0
1326,110,2,2040-02-10T02:00:00.0,0.0
1327,110,2,2040-02-10T03:00:00.0,0.0
1328,110,2,2040-02-10T04:00:00.0,0.0
1329,110,2,2040-02-10T05:00:00.0,3.223715718391842
1330,110,2,2040-02-10T06:00:00.0,590.2858484759564
1331,110,2,2040-02-10T07:00:00.0,2041.5104516988365
1332,110,2,2040-02-10T08:00:00.0,3220.1616454247264
1333,110,2,2040-02-10T09:00:00.0,3483.9713242037324
1334,110,2,2040-02-10T10:00:00.0,3609.184424721351
1335,110,2,2040-02-10T11:00:00.0,3639.107001323251
1336,110,2,2040-02-10T12:00:00.0,3645.934736369754
1337,110,2,2040-02-10T13:00:00.0,3644.212829626917
1338,110,2,2040-02-10T14:00:00.0,3519.396436147569
1339,110,2,2040-02-10T15:00:00.0,3178.366633684064
1340,110,2,2040-02-10T16:00:00.0,3126.9943430255153
1341,110,2,2040-02-10T17:00:00.0,2259.5662466292147
1342,110,2,2040-02-10T18:00:00.0,620.5585004848343
1343,110,2,2040-02-10T19:00:00.0,3.0484843236455936
1344,110,2,2040-02-10T20:00:00.0,0.0
1345,110,2,2040-02-10T21:00:00.0,0.0
1346,110,2,2040-02-10T22:00:00.0,0.0
1347,110,2,2040-02-10T23:00:00.0,0.0
1348,110,2,2040-02-11T00:00:00.0,0.0
1349,110,2,2040-02-11T01:00:00.0,0.0
1350,110,2,2040-02-11T02:00:00.0,0.0
1351,110,2,2040-02-11T03:00:00.0,0.0
1352,110,2,2040-02-11T04:00:00.0,0.0
1353,110,2,2040-02-11T05:00:00.0,3.736697364569195
1354,110,2,2040-02-11T06:00:00.0,470.34415776430586
1355,110,2,2040-02-11T07:00:00.0,1368.2710198873617
1356,110,2,2040-02-11T08:00:00.0,2398.8382520084983
1357,110,2,2040-02-11T09:00:00.0,2883.705788218953
1358,110,2,2040-02-11T10:00:00.0,2829.1342443447083
1359,110,2,2040-02-11T11:00:00.0,2987.4856787394406
1360,110,2,2040-02-11T12:00:00.0,2991.094489610133
1361,110,2,2040-02-11T13:00:00.0,2962.528530426117
1362,110,2,2040-02-11T14:00:00.0,2839.6670128394117
1363,110,2,2040-02-11T15:00:00.0,2958.408537237186
1364,110,2,2040-02-11T16:00:00.0,2525.7986975420054
1365,110,2,2040-02-11T17:00:00.0,1799.7547105796432
1366,110,2,2040-02-11T18:00:00.0,577.9794526471305
1367,110,2,2040-02-11T19:00:00.0,2.8922883256892513
1368,110,2,2040-02-11T20:00:00.0,0.0
1369,110,2,2040-02-11T21:00:00.0,0.0
1370,110,2,2040-02-11T22:00:00.0,0.0
1371,110,2,2040-02-11T23:00:00.0,0.0
1372,111,2,2040-02-09T00:00:00.0,0.0
1373,111,2,2040-02-09T01:00:00.0,0.0
1374,111,2,2040-02-09T02:00:00.0,0.0
1375,111,2,2040-02-09T03:00:00.0,0.0
1376,111,2,2040-02-09T04:00:00.0,0.0
1377,111,2,2040-02-09T05:00:00.0,30.747230388238624
1378,111,2,2040-02-09T06:00:00.0,1950.7066239104804
1379,111,2,2040-02-09T07:00:00.0,5931.440029217623
1380,111,2,2040-02-09T08:00:00.0,7433.585106592179
1381,111,2,2040-02-09T09:00:00.0,7539.599409538086
1382,111,2,2040-02-09T10:00:00.0,7550.59336257
1383,111,2,2040-02-09T11:00:00.0,7532.183861197268
1384,111,2,2040-02-09T12:00:00.0,7326.789486636327
1385,111,2,2040-02-09T13:00:00.0,7502.769106333947
1386,111,2,2040-02-09T14:00:00.0,7432.6714141132115
1387,111,2,2040-02-09T15:00:00.0,7426.456798673064
1388,111,2,2040-02-09T16:00:00.0,6956.068677691492
1389,111,2,2040-02-09T17:00:00.0,4723.906470484243
1390,111,2,2040-02-09T18:00:00.0,580.3453213638276
1391,111,2,2040-02-09T19:00:00.0,0.0
1392,111,2,2040-02-09T20:00:00.0,0.0
1393,111,2,2040-02-09T21:00:00.0,0.0
1394,111,2,2040-02-09T22:00:00.0,0.0
1395,111,2,2040-02-09T23:00:00.0,0.0
1396,111,2,2040-02-10T00:00:00.0,0.0
1397,111,2,2040-02-10T01:00:00.0,0.0
1398,111,2,2040-02-10T02:00:00.0,0.0
1399,111,2,2040-02-10T03:00:00.0,0.0
1400,111,2,2040-02-10T04:00:00.0,0.0
1401,111,2,2040-02-10T05:00:00.0,33.26325205020588
1402,111,2,2040-02-10T06:00:00.0,2052.124883552883
1403,111,2,2040-02-10T07:00:00.0,5515.659497668747
1404,111,2,2040-02-10T08:00:00.0,7253.398202494763
1405,111,2,2040-02-10T09:00:00.0,7486.459299188566
1406,111,2,2040-02-10T10:00:00.0,7493.622304062452
1407,111,2,2040-02-10T11:00:00.0,7399.563608412003
1408,111,2,2040-02-10T12:00:00.0,7283.666684717937
1409,111,2,2040-02-10T13:00:00.0,7298.807726972694
1410,111,2,2040-02-10T14:00:00.0,7321.321764351308
1411,111,2,2040-02-10T15:00:00.0,7232.945841153442
1412,111,2,2040-02-10T16:00:00.0,6783.035650472604
1413,111,2,2040-02-10T17:00:00.0,4203.455084395822
1414,111,2,2040-02-10T18:00:00.0,490.8204679424064
1415,111,2,2040-02-10T19:00:00.0,0.0
1416,111,2,2040-02-10T20:00:00.0,0.0
1417,111,2,2040-02-10T21:00:00.0,0.0
1418,111,2,2040-02-10T22:00:00.0,0.0
1419,111,2,2040-02-10T23:00:00.0,0.0
1420,111,2,2040-02-11T00:00:00.0,0.0
1421,111,2,2040-02-11T01:00:00.0,0.0
1422,111,2,2040-02-11T02:00:00.0,0.0
1423,111,2,2040-02-11T03:00:00.0,0.0
1424,111,2,2040-02-11T04:00:00.0,0.0
1425,111,2,2040-02-11T05:00:00.0,16.89735223842007
1426,111,2,2040-02-11T06:00:00.0,941.0018518354008
1427,111,2,2040-02-11T07:00:00.0,4160.574848263403
1428,111,2,2040-02-11T08:00:00.0,6929.816026963842
1429,111,2,2040-02-11T09:00:00.0,7287.937608035488
1430,111,2,2040-02-11T10:00:00.0,7294.738561000039
1431,111,2,2040-02-11T11:00:00.0,7328.061631486564
1432,111,2,2040-02-11T12:00:00.0,7076.499341789206
1433,111,2,2040-02-11T13:00:00.0,6487.850873222842
1434,111,2,2040-02-11T14:00:00.0,5537.392490779587
1435,111,2,2040-02-11T15:00:00.0,5598.483161096623
1436,111,2,2040-02-11T16:00:00.0,4559.722187361205
1437,111,2,2040-02-11T17:00:00.0,3032.459079216802
1438,111,2,2040-02-11T18:00:00.0,476.65880361202875
1439,111,2,2040-02-11T19:00:00.0,0.0
1440,111,2,2040-02-11T20:00:00.0,0.0
1441,111,2,2040-02-11T21:00:00.0,0.0
1442,111,2,2040-02-11T22:00:00.0,0.0
1443,111,2,2040-02-11T23:00:00.0,0.0
1444,112,2,2040-02-09T00:00:00.0,0.0
1445,112,2,2040-02-09T01:00:00.0,0.0
1446,112,2,2040-02-09T02:00:00.0,0.0
1447,112,2,2040-02-09T03:00:00.0,0.0
1448,112,2,2040-02-09T04:00:00.0,0.0
1449,112,2,2040-02-09T05:00:00.0,0.0
1450,112,2,2040-02-09T06:00:00.0,0.0
1451,112,2,2040-02-09T07:00:00.0,0.0
1452,112,2,2040-02-09T08:00:00.0,0.0
1453,112,2,2040-02-09T09:00:00.0,0.0
1454,112,2,2040-02-09T10:00:00.0,0.0
1455,112,2,2040-02-09T11:00:00.0,0.0
1456,112,2,2040-02-09T12:00:00.0,0.0
1457,112,2,2040-02-09T13:00:00.0,0.0
1458,112,2,2040-02-09T14:00:00.0,0.0
1459,112,2,2040-02-09T15:00:00.0,0.0
1460,112,2,2040-02-09T16:00:00.0,0.0
1461,112,2,2040-02-09T17:00:00.0,0.0
1462,112,2,2040-02-09T18:00:00.0,0.0
1463,112,2,2040-02-09T19:00:00.0,0.0
1464,112,2,2040-02-09T20:00:00.0,0.0
1465,112,2,2040-02-09T21:00:00.0,0.0
1466,112,2,2040-02-09T22:00:00.0,0.0
1467,112,2,2040-02-09T23:00:00.0,0.0
1468,112,2,2040-02-10T00:00:00.0,0.0
1469,112,2,2040-02-10T01:00:00.0,0.0
1470,112,2,2040-02-10T02:00:00.0,0.0
1471,112,2,2040-02-10T03:00:00.0,0.0
1472,112,2,2040-02-10T04:00:00.0,0.0
1473,112,2,2040-02-10T05:00:00.0,0.0
1474,112,2,2040-02-10T06:00:00.0,0.0
1475,112,2,2040-02-10T07:00:00.0,0.0
1476,112,2,2040-02-10T08:00:00.0,0.0
1477,112,2,2040-02-10T09:00:00.0,0.0
1478,112,2,2040-02-10T10:00:00.0,0.0
1479,112,2,2040-02-10T11:00:00.0,0.0
1480,112,2,2040-02-10T12:00:00.0,0.0
1481,112,2,2040-02-10T13:00:00.0,0.0
1482,112,2,2040-02-10T14:00:00.0,0.0
1483,112,2,2040-02-10T15:00:00.0,0.0
1484,112,2,2040-02-10T16:00:00.0,0.0
1485,112,2,2040-02-10T17:00:00.0,0.0
1486,112,2,2040-02-10T18:00:00.0,0.0
1487,112,2,2040-02-10T19:00:00.0,0.0
1488,112,2,2040-02-10T20:00:00.0,0.0
1489,112,2,2040-02-10T21:00:00.0,0.0
1490,112,2,2040-02-10T22:00:00.0,0.0
1491,112,2,2040-02-10T23:00:00.0,0.0
1492,112,2,2040-02-11T00:00:00.0,0.0
1493,112,2,2040-02-11T01:00:00.0,0.0
1494,112,2,2040-02-11T02:00:00.0,0.0
1495,112,2,2040-02-11T03:00:00.0,0.0
1496,112,2,2040-02-11T04:00:00.0,0.0
1497,112,2,2040-02-11T05:00:00.0,0.0
1498,112,2,2040-02-11T06:00:00.0,0.0
1499,112,2,2040-02-11T07:00:00.0,0.0
1500,112,2,2040-02-11T08:00:00.0,0.0
1501,112,2,2040-02-11T09:00:00.0,0.0
1502,112,2,2040-02-11T10:00:00.0,0.0
1503,112,2,2040-02-11T11:00:00.0,0.0
1504,112,2,2040-02-11T12:00:00.0,0.0
1505,112,2,2040-02-11T13:00:00.0,0.0
1506,112,2,2040-02-11T14:00:00.0,0.0
1507,112,2,2040-02-11T15:00:00.0,0.0
1508,112,2,2040-02-11T16:00:00.0,0.0
1509,112,2,2040-02-11T17:00:00.0,0.0
1510,112,2,2040-02-11T18:00:00.0,0.0
1511,112,2,2040-02-11T19:00:00.0,0.0
1512,112,2,2040-02-11T20:00:00.0,0.0
1513,112,2,2040-02-11T21:00:00.0,0.0
1514,112,2,2040-02-11T22:00:00.0,0.0
1515,112,2,2040-02-11T23:00:00.0,0.0
1516,113,2,2040-02-09T00:00:00.0,0.0
1517,113,2,2040-02-09T01:00:00.0,0.0
1518,113,2,2040-02-09T02:00:00.0,0.0
1519,113,2,2040-02-09T03:00:00.0,0.0
1520,113,2,2040-02-09T04:00:00.0,0.0
1521,113,2,2040-02-09T05:00:00.0,0.0
1522,113,2,2040-02-09T06:00:00.0,2.450330637382133
1523,113,2,2040-02-09T07:00:00.0,17.520599453029767
1524,113,2,2040-02-09T08:00:00.0,38.18647015780872
1525,113,2,2040-02-09T09:00:00.0,40.94920279577374
1526,113,2,2040-02-09T10:00:00.0,41.01029284500336
1527,113,2,2040-02-09T11:00:00.0,42.23434876064573
1528,113,2,2040-02-09T12:00:00.0,41.80736791829305
1529,113,2,2040-02-09T13:00:00.0,41.813797371414765
1530,113,2,2040-02-09T14:00:00.0,41.42080780608231
1531,113,2,2040-02-09T15:00:00.0,40.745075971011374
1532,113,2,2040-02-09T16:00:00.0,40.62485901061345
1533,113,2,2040-02-09T17:00:00.0,37.897830051438675
1534,113,2,2040-02-09T18:00:00.0,17.36845350624098
1535,113,2,2040-02-09T19:00:00.0,1.9715873840970235
1536,113,2,2040-02-09T20:00:00.0,0.0
1537,113,2,2040-02-09T21:00:00.0,0.0
1538,113,2,2040-02-09T22:00:00.0,0.0
1539,113,2,2040-02-09T23:00:00.0,0.0
1540,113,2,2040-02-10T00:00:00.0,0.0
1541,113,2,2040-02-10T01:00:00.0,0.0
1542,113,2,2040-02-10T02:00:00.0,0.0
1543,113,2,2040-02-10T03:00:00.0,0.0
1544,113,2,2040-02-10T04:00:00.0,0.0
1545,113,2,2040-02-10T05:00:00.0,0.0
1546,113,2,2040-02-10T06:00:00.0,2.295480945089161
1547,113,2,2040-02-10T07:00:00.0,17.995087476861237
1548,113,2,2040-02-10T08:00:00.0,38.4540535909747
1549,113,2,2040-02-10T09:00:00.0,40.39488024638817
1550,113,2,2040-02-10T10:00:00.0,41.02957065171174
1551,113,2,2040-02-10T11:00:00.0,41.002045107920566
1552,113,2,2040-02-10T12:00:00.0,42.12574108444636
1553,113,2,2040-02-10T13:00:00.0,41.99097511262664
1554,113,2,2040-02-10T14:00:00.0,41.28526682062602
1555,113,2,2040-02-10T15:00:00.0,41.53433129528423
1556,113,2,2040-02-10T16:00:00.0,41.36957798022151
1557,113,2,2040-02-10T17:00:00.0,38.381907003039444
1558,113,2,2040-02-10T18:00:00.0,16.71164484725188
1559,113,2,2040-02-10T19:00:00.0,1.8410551749569906
1560,113,2,2040-02-10T20:00:00.0,0.0
1561,113,2,2040-02-10T21:00:00.0,0.0
1562,113,2,2040-02-10T22:00:00.0,0.0
1563,113,2,2040-02-10T23:00:00.0,0.0
1564,113,2,2040-02-11T00:00:00.0,0.0
1565,113,2,2040-02-11T01:00:00.0,0.0
1566,113,2,2040-02-11T02:00:00.0,0.0
1567,113,2,2040-02-11T03:00:00.0,0.0
1568,113,2,2040-02-11T04:00:00.0,0.0
1569,113,2,2040-02-11T05:00:00.0,0.0
1570,113,2,2040-02-11T06:00:00.0,2.11883233525973
1571,113,2,2040-02-11T07:00:00.0,14.27388289980981
1572,113,2,2040-02-11T08:00:00.0,32.661658791801244
1573,113,2,2040-02-11T09:00:00.0,25.18745126187181
1574,113,2,2040-02-11T10:00:00.0,20.35992310489333
1575,113,2,2040-02-11T11:00:00.0,38.36916561445831
1576,113,2,2040-02-11T12:00:00.0,41.95379098309763
1577,113,2,2040-02-11T13:00:00.0,42.491809633931354
1578,113,2,2040-02-11T14:00:00.0,42.3296272431631
1579,113,2,2040-02-11T15:00:00.0,42.9
1580,113,2,2040-02-11T16:00:00.0,42.23429935351881
1581,113,2,2040-02-11T17:00:00.0,36.12844492179404
1582,113,2,2040-02-11T18:00:00.0,14.96767013052965
1583,113,2,2040-02-11T19:00:00.0,1.7334254147792028
1584,113,2,2040-02-11T20:00:00.0,0.0
1585,113,2,2040-02-11T21:00:00.0,0.0
1586,113,2,2040-02-11T22:00:00.0,0.0
1587,113,2,2040-02-11T23:00:00.0,0.0
1588,114,2,2040-02-09T00:00:00.0,5672.2296627425485
1589,114,2,2040-02-09T01:00:00.0,5435.7510735814485
1590,114,2,2040-02-09T02:00:00.0,5268.165294348519
1591,114,2,2040-02-09T03:00:00.0,5349.864374979939
1592,114,2,2040-02-09T04:00:00.0,5506.0503644104765
1593,114,2,2040-02-09T05:00:00.0,5621.286637689735
1594,114,2,2040-02-09T06:00:00.0,5143.721488733556
1595,114,2,2040-02-09T07:00:00.0,5796.338054635471
1596,114,2,2040-02-09T08:00:00.0,5871.756983919558
1597,114,2,2040-02-09T09:00:00.0,5319.373639244579
1598,114,2,2040-02-09T10:00:00.0,4475.150243045631
1599,114,2,2040-02-09T11:00:00.0,3908.6344566792313
1600,114,2,2040-02-09T12:00:00.0,3881.2661714264736
1601,114,2,2040-02-09T13:00:00.0,4234.397625929303
1602,114,2,2040-02-09T14:00:00.0,4334.511654119838
1603,114,2,2040-02-09T15:00:00.0,4369.961699429537
1604,114,2,2040-02-09T16:00:00.0,5421.682399234469
1605,114,2,2040-02-09T17:00:00.0,5973.323510069999
1606,114,2,2040-02-09T18:00:00.0,5952.019594209733
1607,114,2,2040-02-09T19:00:00.0,5933.163005077063
1608,114,2,2040-02-09T20:00:00.0,5823.491613449012
1609,114,2,2040-02-09T21:00:00.0,5837.197272165958
1610,114,2,2040-02-09T22:00:00.0,5724.872591346217
1611,114,2,2040-02-09T23:00:00.0,5323.2424425417685
1612,114,2,2040-02-10T00:00:00.0,4840.430083438692
1613,114,2,2040-02-10T01:00:00.0,4018.453340783613
1614,114,2,2040-02-10T02:00:00.0,3001.7294823434468
1615,114,2,2040-02-10T03:00:00.0,2280.3712098405244
1616,114,2,2040-02-10T04:00:00.0,1793.4985717245645
1617,114,2,2040-02-10T05:00:00.0,1442.2958481486885
1618,114,2,2040-02-10T06:00:00.0,924.3148653755113
1619,114,2,2040-02-10T07:00:00.0,775.4505229201991
1620,114,2,2040-02-10T08:00:00.0,620.4585756049438
1621,114,2,2040-02-10T09:00:00.0,407.4995893511794
1622,114,2,2040-02-10T10:00:00.0,373.72558702446315
1623,114,2,2040-02-10T11:00:00.0,540.9067712570189
1624,114,2,2040-02-10T12:00:00.0,727.4963288575009
1625,114,2,2040-02-10T13:00:00.0,835.2865285036751
1626,114,2,2040-02-10T14:00:00.0,824.1371606703178
1627,114,2,2040-02-10T15:00:00.0,993.126540786411
1628,114,2,2040-02-10T16:00:00.0,2257.0726348392227
1629,114,2,2040-02-10T17:00:00.0,4855.811031777255
1630,114,2,2040-02-10T18:00:00.0,5852.358663462138
1631,114,2,2040-02-10T19:00:00.0,5374.795837057936
1632,114,2,2040-02-10T20:00:00.0,4085.040388402794
1633,114,2,2040-02-10T21:00:00.0,3225.112314220547
1634,114,2,2040-02-10T22:00:00.0,2702.151164058526
1635,114,2,2040-02-10T23:00:00.0,2259.0679466788697
1636,114,2,2040-02-11T00:00:00.0,1725.548412232114
1637,114,2,2040-02-11T01:00:00.0,1207.7874895669543
1638,114,2,2040-02-11T02:00:00.0,758.7032513474825
1639,114,2,2040-02-11T03:00:00.0,449.2418822861058
1640,114,2,2040-02-11T04:00:00.0,186.56117334771912
1641,114,2,2040-02-11T05:00:00.0,90.63558414538304
1642,114,2,2040-02-11T06:00:00.0,48.3794309039419
1643,114,2,2040-02-11T07:00:00.0,30.316285299382532
1644,114,2,2040-02-11T08:00:00.0,24.377295129726296
1645,114,2,2040-02-11T09:00:00.0,22.6374645693386
1646,114,2,2040-02-11T10:00:00.0,78.6723799826933
1647,114,2,2040-02-11T11:00:00.0,183.64375402278094
1648,114,2,2040-02-11T12:00:00.0,265.81597007388183
1649,114,2,2040-02-11T13:00:00.0,381.9159613579389
1650,114,2,2040-02-11T14:00:00.0,610.6583952757842
1651,114,2,2040-02-11T15:00:00.0,945.1935324741837
1652,114,2,2040-02-11T16:00:00.0,1430.5160847367774
1653,114,2,2040-02-11T17:00:00.0,2319.403170669857
1654,114,2,2040-02-11T18:00:00.0,3079.5791871263064
1655,114,2,2040-02-11T19:00:00.0,3008.740192773574
1656,114,2,2040-02-11T20:00:00.0,2606.093108385937
1657,114,2,2040-02-11T21:00:00.0,2354.2215383235934
1658,114,2,2040-02-11T22:00:00.0,1892.0368539262138
1659,114,2,2040-02-11T23:00:00.0,1622.7354092417318
1660,115,2,2040-02-09T00:00:00.0,17337.36664726206
1661,115,2,2040-02-09T01:00:00.0,17886.708601270002
1662,115,2,2040-02-09T02:00:00.0,17790.478513253343
1663,115,2,2040-02-09T03:00:00.0,17698.761307974724
1664,115,2,2040-02-09T04:00:00.0,17211.5694063871
1665,115,2,2040-02-09T05:00:00.0,16988.50880172194
1666,115,2,2040-02-09T06:00:00.0,15754.646044351159
1667,115,2,2040-02-09T07:00:00.0,14293.184214617115
1668,115,2,2040-02-09T08:00:00.0,12645.470035364915
1669,115,2,2040-02-09T09:00:00.0,9612.337838180858
1670,115,2,2040-02-09T10:00:00.0,8546.27763177389
1671,115,2,2040-02-09T11:00:00.0,8421.005115303546
1672,115,2,2040-02-09T12:00:00.0,8102.485137407613
1673,115,2,2040-02-09T13:00:00.0,7073.527854678222
1674,115,2,2040-02-09T14:00:00.0,6732.148465193017
1675,115,2,2040-02-09T15:00:00.0,6952.904712143085
1676,115,2,2040-02-09T16:00:00.0,6363.534288752099
1677,115,2,2040-02-09T17:00:00.0,5153.678396363079
1678,115,2,2040-02-09T18:00:00.0,3949.1887190587713
1679,115,2,2040-02-09T19:00:00.0,4020.31538168001
1680,115,2,2040-02-09T20:00:00.0,4477.21327555781
1681,115,2,2040-02-09T21:00:00.0,4763.82528175712
1682,115,2,2040-02-09T22:00:00.0,4476.357364300368
1683,115,2,2040-02-09T23:00:00.0,3788.6131502885114
1684,115,2,2040-02-10T00:00:00.0,3029.452605545568
1685,115,2,2040-02-10T01:00:00.0,2266.2233231821956
1686,115,2,2040-02-10T02:00:00.0,1625.503815675527
1687,115,2,2040-02-10T03:00:00.0,1323.8062636141444
1688,115,2,2040-02-10T04:00:00.0,1437.0108728384375
1689,115,2,2040-02-10T05:00:00.0,1705.4548840892335
1690,115,2,2040-02-10T06:00:00.0,1433.7029588916164
1691,115,2,2040-02-10T07:00:00.0,1579.3072810133417
1692,115,2,2040-02-10T08:00:00.0,1329.85986515529
1693,115,2,2040-02-10T09:00:00.0,1041.9701314979318
1694,115,2,2040-02-10T10:00:00.0,989.7072022829296
1695,115,2,2040-02-10T11:00:00.0,1348.381883324273
1696,115,2,2040-02-10T12:00:00.0,1069.075309667094
1697,115,2,2040-02-10T13:00:00.0,1344.2236517155202
1698,115,2,2040-02-10T14:00:00.0,1569.3475364375026
1699,115,2,2040-02-10T15:00:00.0,1819.6600497560535
1700,115,2,2040-02-10T16:00:00.0,2043.895798915795
1701,115,2,2040-02-10T17:00:00.0,1842.5016881944632
1702,115,2,2040-02-10T18:00:00.0,2281.2127950720806
1703,115,2,2040-02-10T19:00:00.0,2358.739930649893
1704,115,2,2040-02-10T20:00:00.0,2015.7893736091671
1705,115,2,2040-02-10T21:00:00.0,1453.09081626727
1706,115,2,2040-02-10T22:00:00.0,1181.3999446879861
1707,115,2,2040-02-10T23:00:00.0,1088.1169178837852
1708,115,2,2040-02-11T00:00:00.0,1447.811409483576
1709,115,2,2040-02-11T01:00:00.0,1583.2873754173233
1710,115,2,2040-02-11T02:00:00.0,913.0613736365555
1711,115,2,2040-02-11T03:00:00.0,776.3861549466515
1712,115,2,2040-02-11T04:00:00.0,792.5306134851642
1713,115,2,2040-02-11T05:00:00.0,1568.807278764649
1714,115,2,2040-02-11T06:00:00.0,2378.0036766655394
1715,115,2,2040-02-11T07:00:00.0,3548.9829000326595
1716,115,2,2040-02-11T08:00:00.0,4178.297771525638
1717,115,2,2040-02-11T09:00:00.0,4312.509198307793
1718,115,2,2040-02-11T10:00:00.0,4025.4895212732945
1719,115,2,2040-02-11T11:00:00.0,4819.200438577228
1720,115,2,2040-02-11T12:00:00.0,5836.567920812534
1721,115,2,2040-02-11T13:00:00.0,6689.858285952665
1722,115,2,2040-02-11T14:00:00.0,7710.155129425588
1723,115,2,2040-02-11T15:00:00.0,8657.943075148403
1724,115,2,2040-02-11T16:00:00.0,8775.599837530106
1725,115,2,2040-02-11T17:00:00.0,8500.608016405014
1726,115,2,2040-02-11T18:00:00.0,7403.292357486069
1727,115,2,2040-02-11T19:00:00.0,7589.041974218971
1728,115,2,2040-02-11T20:00:00.0,9145.495573279472
1729,115,2,2040-02-11T21:00:00.0,8924.393835725952
1730,115,2,2040-02-11T22:00:00.0,7818.734230784508
1731,115,2,2040-02-11T23:00:00.0,8172.102132627423
1732,116,2,2040-02-09T00:00:00.0,7505.8905671500925
1733,116,2,2040-02-09T01:00:00.0,7669.99995919
1734,116,2,2040-02-09T02:00:00.0,7627.36658359693
1735,116,2,2040-02-09T03:00:00.0,7230.198138996029
1736,116,2,2040-02-09T04:00:00.0,6551.812429292192
1737,116,2,2040-02-09T05:00:00.0,5867.561589278938
1738,116,2,2040-02-09T06:00:00.0,5536.557253011263
1739,116,2,2040-02-09T07:00:00.0,4158.4521984502435
1740,116,2,2040-02-09T08:00:00.0,3035.684876992672
1741,116,2,2040-02-09T09:00:00.0,1633.4366176602139
1742,116,2,2040-02-09T10:00:00.0,571.2941110061805
1743,116,2,2040-02-09T11:00:00.0,179.33513988666934
1744,116,2,2040-02-09T12:00:00.0,99.2075073138501
1745,116,2,2040-02-09T13:00:00.0,156.01368434472136
1746,116,2,2040-02-09T14:00:00.0,214.59457317079264
1747,116,2,2040-02-09T15:00:00.0,222.6472204775844
1748,116,2,2040-02-09T16:00:00.0,193.93237796243795
1749,116,2,2040-02-09T17:00:00.0,328.2017628487568
1750,116,2,2040-02-09T18:00:00.0,934.4766683554477
1751,116,2,2040-02-09T19:00:00.0,1312.735086697984
1752,116,2,2040-02-09T20:00:00.0,1183.2648172619915
1753,116,2,2040-02-09T21:00:00.0,907.3268976269678
1754,116,2,2040-02-09T22:00:00.0,756.7836417123325
1755,116,2,2040-02-09T23:00:00.0,757.9665897625431
1756,116,2,2040-02-10T00:00:00.0,592.1173192811635
1757,116,2,2040-02-10T01:00:00.0,183.07684705591177
1758,116,2,2040-02-10T02:00:00.0,34.90868233074883
1759,116,2,2040-02-10T03:00:00.0,17.182477293641146
1760,116,2,2040-02-10T04:00:00.0,15.631856169578066
1761,116,2,2040-02-10T05:00:00.0,59.060303865333275
1762,116,2,2040-02-10T06:00:00.0,163.56783959064376
1763,116,2,2040-02-10T07:00:00.0,230.65048297706193
1764,116,2,2040-02-10T08:00:00.0,552.7931299245759
1765,116,2,2040-02-10T09:00:00.0,1309.0648772941731
1766,116,2,2040-02-10T10:00:00.0,1816.990036964289
1767,116,2,2040-02-10T11:00:00.0,1547.4752085915734
1768,116,2,2040-02-10T12:00:00.0,1117.8713873727438
1769,116,2,2040-02-10T13:00:00.0,987.1327296041155
1770,116,2,2040-02-10T14:00:00.0,1119.1343122699461
1771,116,2,2040-02-10T15:00:00.0,1241.4263232112369
1772,116,2,2040-02-10T16:00:00.0,1027.9932663163236
1773,116,2,2040-02-10T17:00:00.0,463.90049289619134
1774,116,2,2040-02-10T18:00:00.0,416.6711389146594
1775,116,2,2040-02-10T19:00:00.0,605.0586298179974
1776,116,2,2040-02-10T20:00:00.0,760.9115516319761
1777,116,2,2040-02-10T21:00:00.0,811.4598977076124
1778,116,2,2040-02-10T22:00:00.0,902.8653409475278
1779,116,2,2040-02-10T23:00:00.0,908.946836547449
1780,116,2,2040-02-11T00:00:00.0,989.0340740305726
1781,116,2,2040-02-11T01:00:00.0,1281.7336701689326
1782,116,2,2040-02-11T02:00:00.0,1819.7340977044794
1783,116,2,2040-02-11T03:00:00.0,2451.1397973690546
1784,116,2,2040-02-11T04:00:00.0,2673.2730179416444
1785,116,2,2040-02-11T05:00:00.0,2227.601125978814
1786,116,2,2040-02-11T06:00:00.0,1515.2967870926614
1787,116,2,2040-02-11T07:00:00.0,1125.3429429771863
1788,116,2,2040-02-11T08:00:00.0,1253.0671710098363
1789,116,2,2040-02-11T09:00:00.0,1830.2586740555805
1790,116,2,2040-02-11T10:00:00.0,2107.8689492948415
1791,116,2,2040-02-11T11:00:00.0,2372.0069458065004
1792,116,2,2040-02-11T12:00:00.0,2481.543799567287
1793,116,2,2040-02-11T13:00:00.0,2251.7437065819954
1794,116,2,2040-02-11T14:00:00.0,1945.6069859293816
1795,116,2,2040-02-11T15:00:00.0,1717.492853103749
1796,116,2,2040-02-11T16:00:00.0,1471.225568868328
1797,116,2,2040-02-11T17:00:00.0,1229.9284811010896
1798,116,2,2040-02-11T18:00:00.0,989.1312305350606
1799,116,2,2040-02-11T19:00:00.0,463.0879306217581
1800,116,2,2040-02-11T20:00:00.0,274.0551635832796
1801,116,2,2040-02-11T21:00:00.0,392.70697690902205
1802,116,2,2040-02-11T22:00:00.0,732.0656787048839
1803,116,2,2040-02-11T23:00:00.0,1536.7134600885745
1804,117,2,2040-02-09T00:00:00.0,6960.323101710354
1805,117,2,2040-02-09T01:00:00.0,7624.886940327018
1806,117,2,2040-02-09T02:00:00.0,8335.31013765
1807,117,2,2040-02-09T03:00:00.0,7575.613077681476
1808,117,2,2040-02-09T04:00:00.0,7286.079296022992
1809,117,2,2040-02-09T05:00:00.0,6700.4672671181215
1810,117,2,2040-02-09T06:00:00.0,7554.560797063908
1811,117,2,2040-02-09T07:00:00.0,7800.15829524711
1812,117,2,2040-02-09T08:00:00.0,7289.58413800729
1813,117,2,2040-02-09T09:00:00.0,6388.144713196036
1814,117,2,2040-02-09T10:00:00.0,5617.752373020605
1815,117,2,2040-02-09T11:00:00.0,4646.010522357226
1816,117,2,2040-02-09T12:00:00.0,4089.8215618771565
1817,117,2,2040-02-09T13:00:00.0,3651.8977948399515
1818,117,2,2040-02-09T14:00:00.0,3319.2439292594204
1819,117,2,2040-02-09T15:00:00.0,3229.5125231059696
1820,117,2,2040-02-09T16:00:00.0,3567.308694984442
1821,117,2,2040-02-09T17:00:00.0,4609.447552515882
1822,117,2,2040-02-09T18:00:00.0,6593.652011232898
1823,117,2,2040-02-09T19:00:00.0,7763.579748342975
1824,117,2,2040-02-09T20:00:00.0,7839.901004581262
1825,117,2,2040-02-09T21:00:00.0,7535.8710767149505
1826,117,2,2040-02-09T22:00:00.0,6602.399200096479
1827,117,2,2040-02-09T23:00:00.0,5815.029221254428
1828,117,2,2040-02-10T00:00:00.0,4747.196182521375
1829,117,2,2040-02-10T01:00:00.0,3526.3327210520215
1830,117,2,2040-02-10T02:00:00.0,2479.223086806508
1831,117,2,2040-02-10T03:00:00.0,1581.1805103649772
1832,117,2,2040-02-10T04:00:00.0,800.1863190405734
1833,117,2,2040-02-10T05:00:00.0,415.8880127004175
1834,117,2,2040-02-10T06:00:00.0,194.00008438056938
1835,117,2,2040-02-10T07:00:00.0,128.5422478126788
1836,117,2,2040-02-10T08:00:00.0,70.5291241132569
1837,117,2,2040-02-10T09:00:00.0,74.48514226295599
1838,117,2,2040-02-10T10:00:00.0,104.4310886056141
1839,117,2,2040-02-10T11:00:00.0,235.9624701407755
1840,117,2,2040-02-10T12:00:00.0,418.2915966015004
1841,117,2,2040-02-10T13:00:00.0,552.2767074411315
1842,117,2,2040-02-10T14:00:00.0,700.84153969959
1843,117,2,2040-02-10T15:00:00.0,804.5230518004298
1844,117,2,2040-02-10T16:00:00.0,1083.166136490712
1845,117,2,2040-02-10T17:00:00.0,1378.526969137036
1846,117,2,2040-02-10T18:00:00.0,1474.6774381180255
1847,117,2,2040-02-10T19:00:00.0,2156.4937091312604
1848,117,2,2040-02-10T20:00:00.0,4193.690614146669
1849,117,2,2040-02-10T21:00:00.0,5208.566439585236
1850,117,2,2040-02-10T22:00:00.0,4546.814445010514
1851,117,2,2040-02-10T23:00:00.0,3280.9842054395217
1852,117,2,2040-02-11T00:00:00.0,2027.531130114231
1853,117,2,2040-02-11T01:00:00.0,1293.3855526207426
1854,117,2,2040-02-11T02:00:00.0,800.8934606281737
1855,117,2,2040-02-11T03:00:00.0,511.445382713822
1856,117,2,2040-02-11T04:00:00.0,269.4719952799079
1857,117,2,2040-02-11T05:00:00.0,205.2408833689758
1858,117,2,2040-02-11T06:00:00.0,85.58264179958691
1859,117,2,2040-02-11T07:00:00.0,77.70461621035042
1860,117,2,2040-02-11T08:00:00.0,242.85294336768857
1861,117,2,2040-02-11T09:00:00.0,386.96159090664366
1862,117,2,2040-02-11T10:00:00.0,412.31862517652104
1863,117,2,2040-02-11T11:00:00.0,408.6420648520743
1864,117,2,2040-02-11T12:00:00.0,475.91546292632904
1865,117,2,2040-02-11T13:00:00.0,665.4809263502134
1866,117,2,2040-02-11T14:00:00.0,1056.1263809435613
1867,117,2,2040-02-11T15:00:00.0,1249.1521198824807
1868,117,2,2040-02-11T16:00:00.0,1329.814497964794
1869,117,2,2040-02-11T17:00:00.0,1438.6077769266426
1870,117,2,2040-02-11T18:00:00.0,2432.270520825268
1871,117,2,2040-02-11T19:00:00.0,3142.6962523916113
1872,117,2,2040-02-11T20:00:00.0,3395.2572537003807
1873,117,2,2040-02-11T21:00:00.0,3704.6220733893065
1874,117,2,2040-02-11T22:00:00.0,3794.007261360494
1875,117,2,2040-02-11T23:00:00.0,3852.0579347987023
1876,118,2,2040-02-09T00:00:00.0,1725.8635731741447
1877,118,2,2040-02-09T01:00:00.0,1827.7894732835275
1878,118,2,2040-02-09T02:00:00.0,1940.4093360167894
1879,118,2,2040-02-09T03:00:00.0,1764.1467954860204
1880,118,2,2040-02-09T04:00:00.0,1775.3829182082814
1881,118,2,2040-02-09T05:00:00.0,1823.130585538737
1882,118,2,2040-02-09T06:00:00.0,2003.7610443521237
1883,118,2,2040-02-09T07:00:00.0,1528.9599243186367
1884,118,2,2040-02-09T08:00:00.0,1275.4468702135002
1885,118,2,2040-02-09T09:00:00.0,1137.7411474149878
1886,118,2,2040-02-09T10:00:00.0,1085.2141750893975
1887,118,2,2040-02-09T11:00:00.0,996.9758640179623
1888,118,2,2040-02-09T12:00:00.0,983.1420069895222
1889,118,2,2040-02-09T13:00:00.0,992.2549806085403
1890,118,2,2040-02-09T14:00:00.0,883.1063724013993
1891,118,2,2040-02-09T15:00:00.0,781.5095574495583
1892,118,2,2040-02-09T16:00:00.0,709.8455654291442
1893,118,2,2040-02-09T17:00:00.0,702.0288849830874
1894,118,2,2040-02-09T18:00:00.0,924.9515774007576
1895,118,2,2040-02-09T19:00:00.0,1231.4599129821158
1896,118,2,2040-02-09T20:00:00.0,1363.3071223114264
1897,118,2,2040-02-09T21:00:00.0,1549.6674963890548
1898,118,2,2040-02-09T22:00:00.0,1722.5667714200606
1899,118,2,2040-02-09T23:00:00.0,1679.3568035340668
1900,118,2,2040-02-10T00:00:00.0,1515.0273904457765
1901,118,2,2040-02-10T01:00:00.0,1390.4073136002703
1902,118,2,2040-02-10T02:00:00.0,1487.079717795101
1903,118,2,2040-02-10T03:00:00.0,1396.480554222852
1904,118,2,2040-02-10T04:00:00.0,1283.483029548774
1905,118,2,2040-02-10T05:00:00.0,1217.7619810939445
1906,118,2,2040-02-10T06:00:00.0,1252.7712013497714
1907,118,2,2040-02-10T07:00:00.0,993.8926241164952
1908,118,2,2040-02-10T08:00:00.0,933.2759806361064
1909,118,2,2040-02-10T09:00:00.0,955.2762221047493
1910,118,2,2040-02-10T10:00:00.0,1176.9442342765276
1911,118,2,2040-02-10T11:00:00.0,1430.8675302590525
1912,118,2,2040-02-10T12:00:00.0,1485.8142686108176
1913,118,2,2040-02-10T13:00:00.0,1174.7205016686228
1914,118,2,2040-02-10T14:00:00.0,1057.7885802533726
1915,118,2,2040-02-10T15:00:00.0,983.1146871912972
1916,118,2,2040-02-10T16:00:00.0,799.8266485367346
1917,118,2,2040-02-10T17:00:00.0,766.6460882023813
1918,118,2,2040-02-10T18:00:00.0,800.7359011382666
1919,118,2,2040-02-10T19:00:00.0,1057.0708177310696
1920,118,2,2040-02-10T20:00:00.0,1207.2208768111552
1921,118,2,2040-02-10T21:00:00.0,1436.371778717865
1922,118,2,2040-02-10T22:00:00.0,1342.0790162125616
1923,118,2,2040-02-10T23:00:00.0,1558.735785317638
1924,118,2,2040-02-11T00:00:00.0,1670.7012450466925
1925,118,2,2040-02-11T01:00:00.0,1372.046568119764
1926,118,2,2040-02-11T02:00:00.0,1254.183540004656
1927,118,2,2040-02-11T03:00:00.0,1089.0780018542755
1928,118,2,2040-02-11T04:00:00.0,1055.0360959527384
1929,118,2,2040-02-11T05:00:00.0,1010.7447138185888
1930,118,2,2040-02-11T06:00:00.0,957.9887496479771
1931,118,2,2040-02-11T07:00:00.0,915.8571247061034
1932,118,2,2040-02-11T08:00:00.0,834.9628827732676
1933,118,2,2040-02-11T09:00:00.0,888.5252054543114
1934,118,2,2040-02-11T10:00:00.0,865.1574774165605
1935,118,2,2040-02-11T11:00:00.0,1000.756648489675
1936,118,2,2040-02-11T12:00:00.0,1620.8119707142387
1937,118,2,2040-02-11T13:00:00.0,1765.497564223912
1938,118,2,2040-02-11T14:00:00.0,2088.873113616506
1939,118,2,2040-02-11T15:00:00.0,2297.6157776436976
1940,118,2,2040-02-11T16:00:00.0,2364.4473964755325
1941,118,2,2040-02-11T17:00:00.0,2694.624377531047
1942,118,2,2040-02-11T18:00:00.0,2994.4989580545885
1943,118,2,2040-02-11T19:00:00.0,3312.2392606064777
1944,118,2,2040-02-11T20:00:00.0,3704.96709101
1945,118,2,2040-02-11T21:00:00.0,3612.613920410082
1946,118,2,2040-02-11T22:00:00.0,3004.9150643627036
1947,118,2,2040-02-11T23:00:00.0,2658.625778243975
1948,119,2,2040-02-09T00:00:00.0,3745.926001038873
1949,119,2,2040-02-09T01:00:00.0,3832.22587065
1950,119,2,2040-02-09T02:00:00.0,3773.806170349988
1951,119,2,2040-02-09T03:00:00.0,3719.6312686624656
1952,119,2,2040-02-09T04:00:00.0,3578.900553891946
1953,119,2,2040-02-09T05:00:00.0,3509.961539752358
1954,119,2,2040-02-09T06:00:00.0,3407.270272206211
1955,119,2,2040-02-09T07:00:00.0,3060.110148652105
1956,119,2,2040-02-09T08:00:00.0,3242.064565357173
1957,119,2,2040-02-09T09:00:00.0,3422.0658348100956
1958,119,2,2040-02-09T10:00:00.0,3567.6561729837736
1959,119,2,2040-02-09T11:00:00.0,3434.038135726975
1960,119,2,2040-02-09T12:00:00.0,3309.9626079071813
1961,119,2,2040-02-09T13:00:00.0,3160.120213212091
1962,119,2,2040-02-09T14:00:00.0,3054.5442481105597
1963,119,2,2040-02-09T15:00:00.0,3051.5744780691607
1964,119,2,2040-02-09T16:00:00.0,3176.8996007889596
1965,119,2,2040-02-09T17:00:00.0,3180.9266392576496
1966,119,2,2040-02-09T18:00:00.0,3050.6698005097232
1967,119,2,2040-02-09T19:00:00.0,2751.2686069734154
1968,119,2,2040-02-09T20:00:00.0,2710.1981000413525
1969,119,2,2040-02-09T21:00:00.0,2944.269767963285
1970,119,2,2040-02-09T22:00:00.0,3394.108079430915
1971,119,2,2040-02-09T23:00:00.0,3646.374582998565
1972,119,2,2040-02-10T00:00:00.0,3643.7025540176155
1973,119,2,2040-02-10T01:00:00.0,3612.817855899956
1974,119,2,2040-02-10T02:00:00.0,3455.245964090838
1975,119,2,2040-02-10T03:00:00.0,3510.0485249241765
1976,119,2,2040-02-10T04:00:00.0,3615.4404859312694
1977,119,2,2040-02-10T05:00:00.0,3649.4741936911305
1978,119,2,2040-02-10T06:00:00.0,3499.4161305331427
1979,119,2,2040-02-10T07:00:00.0,3135.9047037383357
1980,119,2,2040-02-10T08:00:00.0,3077.892645582769
1981,119,2,2040-02-10T09:00:00.0,3140.975137072955
1982,119,2,2040-02-10T10:00:00.0,3056.6115601682905
1983,119,2,2040-02-10T11:00:00.0,2721.134602361382
1984,119,2,2040-02-10T12:00:00.0,2259.212649267224
1985,119,2,2040-02-10T13:00:00.0,1919.0084048238618
1986,119,2,2040-02-10T14:00:00.0,1674.3168436256267
1987,119,2,2040-02-10T15:00:00.0,1612.683745517067
1988,119,2,2040-02-10T16:00:00.0,1664.965155345586
1989,119,2,2040-02-10T17:00:00.0,1869.8612505878039
1990,119,2,2040-02-10T18:00:00.0,2119.491232362433
1991,119,2,2040-02-10T19:00:00.0,2200.0811525144127
1992,119,2,2040-02-10T20:00:00.0,2509.7672293252945
1993,119,2,2040-02-10T21:00:00.0,2796.190020514406
1994,119,2,2040-02-10T22:00:00.0,2969.9592292770453
1995,119,2,2040-02-10T23:00:00.0,2975.189255963479
1996,119,2,2040-02-11T00:00:00.0,2925.35122656458
1997,119,2,2040-02-11T01:00:00.0,2932.524381538169
1998,119,2,2040-02-11T02:00:00.0,2826.8062075424714
1999,119,2,2040-02-11T03:00:00.0,2855.7952629314236
2000,119,2,2040-02-11T04:00:00.0,2860.7612796055523
2001,119,2,2040-02-11T05:00:00.0,2795.9888098334004
2002,119,2,2040-02-11T06:00:00.0,2448.4287765775243
2003,119,2,2040-02-11T07:00:00.0,1392.7471311405113
2004,119,2,2040-02-11T08:00:00.0,1092.7314158434026
2005,119,2,2040-02-11T09:00:00.0,1076.1541559753105
2006,119,2,2040-02-11T10:00:00.0,1072.0252426687234
2007,119,2,2040-02-11T11:00:00.0,832.9060340053616
2008,119,2,2040-02-11T12:00:00.0,527.562943014241
2009,119,2,2040-02-11T13:00:00.0,361.7689686965248
2010,119,2,2040-02-11T14:00:00.0,342.75687111118424
2011,119,2,2040-02-11T15:00:00.0,387.6420771311756
2012,119,2,2040-02-11T16:00:00.0,445.9002561700203
2013,119,2,2040-02-11T17:00:00.0,651.9302497798159
2014,119,2,2040-02-11T18:00:00.0,1142.0375421508234
2015,119,2,2040-02-11T19:00:00.0,1593.7162561972898
2016,119,2,2040-02-11T20:00:00.0,1752.4610398294067
2017,119,2,2040-02-11T21:00:00.0,1747.704091117382
2018,119,2,2040-02-11T22:00:00.0,1691.2210710950876
2019,119,2,2040-02-11T23:00:00.0,1581.6737169238554
2020,120,2,2040-02-09T00:00:00.0,2884.05484315
2021,120,2,2040-02-09T01:00:00.0,2856.042871486252
2022,120,2,2040-02-09T02:00:00.0,2588.0859288004544
2023,120,2,2040-02-09T03:00:00.0,2401.651853206446
2024,120,2,2040-02-09T04:00:00.0,2193.7824599996516
2025,120,2,2040-02-09T05:00:00.0,2150.6278716025204
2026,120,2,2040-02-09T06:00:00.0,1930.0562637035507
2027,120,2,2040-02-09T07:00:00.0,1608.3055629224323
2028,120,2,2040-02-09T08:00:00.0,1602.8520796069608
2029,120,2,2040-02-09T09:00:00.0,1761.9455854445926
2030,120,2,2040-02-09T10:00:00.0,1798.9800198359046
2031,120,2,2040-02-09T11:00:00.0,1752.5844169766578
2032,120,2,2040-02-09T12:00:00.0,1719.8977099384806
2033,120,2,2040-02-09T13:00:00.0,1524.0152965298687
2034,120,2,2040-02-09T14:00:00.0,1338.2447543695664
2035,120,2,2040-02-09T15:00:00.0,1021.7640783775256
2036,120,2,2040-02-09T16:00:00.0,735.9730965154469
2037,120,2,2040-02-09T17:00:00.0,465.467074403271
2038,120,2,2040-02-09T18:00:00.0,343.0265585122491
2039,120,2,2040-02-09T19:00:00.0,313.96305845704734
2040,120,2,2040-02-09T20:00:00.0,452.8755298515299
2041,120,2,2040-02-09T21:00:00.0,731.0395211714884
2042,120,2,2040-02-09T22:00:00.0,1103.516045528001
2043,120,2,2040-02-09T23:00:00.0,1422.957645305415
2044,120,2,2040-02-10T00:00:00.0,1555.2129891509599
2045,120,2,2040-02-10T01:00:00.0,1576.0313042704927
2046,120,2,2040-02-10T02:00:00.0,1548.6687969136626
2047,120,2,2040-02-10T03:00:00.0,1514.3538382348602
2048,120,2,2040-02-10T04:00:00.0,1507.6093589709228
2049,120,2,2040-02-10T05:00:00.0,1697.2531116341931
2050,120,2,2040-02-10T06:00:00.0,1808.9866927215332
2051,120,2,2040-02-10T07:00:00.0,1632.4509744951872
2052,120,2,2040-02-10T08:00:00.0,1849.7387141785532
2053,120,2,2040-02-10T09:00:00.0,2346.0944787215335
2054,120,2,2040-02-10T10:00:00.0,2440.3232912084673
2055,120,2,2040-02-10T11:00:00.0,2436.3828617769027
2056,120,2,2040-02-10T12:00:00.0,2248.915088274865
2057,120,2,2040-02-10T13:00:00.0,2054.3905580750834
2058,120,2,2040-02-10T14:00:00.0,1813.7115678612656
2059,120,2,2040-02-10T15:00:00.0,1628.0718181786956
2060,120,2,2040-02-10T16:00:00.0,1278.3575505915287
2061,120,2,2040-02-10T17:00:00.0,954.7150665808746
2062,120,2,2040-02-10T18:00:00.0,614.6266778079693
2063,120,2,2040-02-10T19:00:00.0,454.8973936804169
2064,120,2,2040-02-10T20:00:00.0,377.48444688095043
2065,120,2,2040-02-10T21:00:00.0,337.258493721924
2066,120,2,2040-02-10T22:00:00.0,349.25787879790886
2067,120,2,2040-02-10T23:00:00.0,334.31922011460176
2068,120,2,2040-02-11T00:00:00.0,324.63959665646547
2069,120,2,2040-02-11T01:00:00.0,340.75696005616516
2070,120,2,2040-02-11T02:00:00.0,364.17799040825105
2071,120,2,2040-02-11T03:00:00.0,342.07321387056675
2072,120,2,2040-02-11T04:00:00.0,362.8901022826067
2073,120,2,2040-02-11T05:00:00.0,609.6634398762517
2074,120,2,2040-02-11T06:00:00.0,995.6658371024723
2075,120,2,2040-02-11T07:00:00.0,1060.481953663818
2076,120,2,2040-02-11T08:00:00.0,987.9800584732453
2077,120,2,2040-02-11T09:00:00.0,1440.804488755567
2078,120,2,2040-02-11T10:00:00.0,1898.1466062569718
2079,120,2,2040-02-11T11:00:00.0,2287.8970254366855
2080,120,2,2040-02-11T12:00:00.0,2252.2411790786787
2081,120,2,2040-02-11T13:00:00.0,1933.6317406982998
2082,120,2,2040-02-11T14:00:00.0,1976.910174169376
2083,120,2,2040-02-11T15:00:00.0,2061.8502661951884
2084,120,2,2040-02-11T16:00:00.0,2058.7287607793673
2085,120,2,2040-02-11T17:00:00.0,1743.9287794440106
2086,120,2,2040-02-11T18:00:00.0,1176.2460767320008
2087,120,2,2040-02-11T19:00:00.0,961.6123375710307
2088,120,2,2040-02-11T20:00:00.0,733.7961434901995
2089,120,2,2040-02-11T21:00:00.0,758.6651645123466
2090,120,2,2040-02-11T22:00:00.0,824.8498594467011
2091,120,2,2040-02-11T23:00:00.0,1235.1152937943045
2092,121,2,2040-02-09T00:00:00.0,6075.000826420976
2093,121,2,2040-02-09T01:00:00.0,5288.575269608638
2094,121,2,2040-02-09T02:00:00.0,4421.0281299189455
2095,121,2,2040-02-09T03:00:00.0,3319.5091120979014
2096,121,2,2040-02-09T04:00:00.0,2777.2152392549415
2097,121,2,2040-02-09T05:00:00.0,2319.43342571764
2098,121,2,2040-02-09T06:00:00.0,1675.1498487916333
2099,121,2,2040-02-09T07:00:00.0,936.685809703747
2100,121,2,2040-02-09T08:00:00.0,527.407978551807
2101,121,2,2040-02-09T09:00:00.0,298.1676216204224
2102,121,2,2040-02-09T10:00:00.0,194.304708729361
2103,121,2,2040-02-09T11:00:00.0,292.6518938663026
2104,121,2,2040-02-09T12:00:00.0,476.1493252911611
2105,121,2,2040-02-09T13:00:00.0,724.1035252684632
2106,121,2,2040-02-09T14:00:00.0,990.0299960273956
2107,121,2,2040-02-09T15:00:00.0,1176.600739758552
2108,121,2,2040-02-09T16:00:00.0,1560.6158665745797
2109,121,2,2040-02-09T17:00:00.0,2446.9431929490624
2110,121,2,2040-02-09T18:00:00.0,3492.500502278672
2111,121,2,2040-02-09T19:00:00.0,3671.093856154092
2112,121,2,2040-02-09T20:00:00.0,3380.1403488505757
2113,121,2,2040-02-09T21:00:00.0,2825.328208079353
2114,121,2,2040-02-09T22:00:00.0,2093.719041102418
2115,121,2,2040-02-09T23:00:00.0,1456.5187644354
2116,121,2,2040-02-10T00:00:00.0,943.5742032930352
2117,121,2,2040-02-10T01:00:00.0,585.5792119127248
2118,121,2,2040-02-10T02:00:00.0,610.9119522093087
2119,121,2,2040-02-10T03:00:00.0,837.3976452526066
2120,121,2,2040-02-10T04:00:00.0,1177.7912822888582
2121,121,2,2040-02-10T05:00:00.0,1709.6439223440786
2122,121,2,2040-02-10T06:00:00.0,2169.4104791845393
2123,121,2,2040-02-10T07:00:00.0,1195.5659229776797
2124,121,2,2040-02-10T08:00:00.0,1104.778802175804
2125,121,2,2040-02-10T09:00:00.0,1199.1297501394952
2126,121,2,2040-02-10T10:00:00.0,1055.205557324264
2127,121,2,2040-02-10T11:00:00.0,845.9732074771831
2128,121,2,2040-02-10T12:00:00.0,777.784091696133
2129,121,2,2040-02-10T13:00:00.0,789.9485402454245
2130,121,2,2040-02-10T14:00:00.0,779.7838055585038
2131,121,2,2040-02-10T15:00:00.0,1084.7279541426008
2132,121,2,2040-02-10T16:00:00.0,1445.5285926841161
2133,121,2,2040-02-10T17:00:00.0,2123.794431325161
2134,121,2,2040-02-10T18:00:00.0,2995.1128008563614
2135,121,2,2040-02-10T19:00:00.0,3262.7526960182167
2136,121,2,2040-02-10T20:00:00.0,2232.2534059421164
2137,121,2,2040-02-10T21:00:00.0,1171.9485101699431
2138,121,2,2040-02-10T22:00:00.0,1417.5158314929577
2139,121,2,2040-02-10T23:00:00.0,3261.5130153983196
2140,121,2,2040-02-11T00:00:00.0,4020.844519811799
2141,121,2,2040-02-11T01:00:00.0,3572.5598215154914
2142,121,2,2040-02-11T02:00:00.0,2584.4204401748066
2143,121,2,2040-02-11T03:00:00.0,1507.4974374406938
2144,121,2,2040-02-11T04:00:00.0,1065.0308082563552
2145,121,2,2040-02-11T05:00:00.0,933.4849957467543
2146,121,2,2040-02-11T06:00:00.0,803.1036453897236
2147,121,2,2040-02-11T07:00:00.0,802.1431307448045
2148,121,2,2040-02-11T08:00:00.0,845.3829368178344
2149,121,2,2040-02-11T09:00:00.0,1565.9097109930735
2150,121,2,2040-02-11T10:00:00.0,2720.9339610234115
2151,121,2,2040-02-11T11:00:00.0,3296.3359612235827
2152,121,2,2040-02-11T12:00:00.0,3036.873860358912
2153,121,2,2040-02-11T13:00:00.0,2556.722871663833
2154,121,2,2040-02-11T14:00:00.0,2306.483037448953
2155,121,2,2040-02-11T15:00:00.0,2038.3498450373265
2156,121,2,2040-02-11T16:00:00.0,1978.369410069234
2157,121,2,2040-02-11T17:00:00.0,1498.477979903613
2158,121,2,2040-02-11T18:00:00.0,1460.6158439390974
2159,121,2,2040-02-11T19:00:00.0,1124.875343558304
2160,121,2,2040-02-11T20:00:00.0,1877.3960550964487
2161,121,2,2040-02-11T21:00:00.0,2778.488045109249
2162,121,2,2040-02-11T22:00:00.0,5480.90364275984
2163,121,2,2040-02-11T23:00:00.0,7234.338110329999
2164,122,2,2040-02-09T00:00:00.0,2695.1842999650676
2165,122,2,2040-02-09T01:00:00.0,2697.7021669048017
2166,122,2,2040-02-09T02:00:00.0,2542.6005547026716
2167,122,2,2040-02-09T03:00:00.0,2240.616174899379
2168,122,2,2040-02-09T04:00:00.0,1996.4271392145924
2169,122,2,2040-02-09T05:00:00.0,1844.2021530332388
2170,122,2,2040-02-09T06:00:00.0,2071.840779229762
2171,122,2,2040-02-09T07:00:00.0,2117.469149608908
2172,122,2,2040-02-09T08:00:00.0,2280.2167907503685
2173,122,2,2040-02-09T09:00:00.0,2185.838429658452
2174,122,2,2040-02-09T10:00:00.0,1991.0234932833168
2175,122,2,2040-02-09T11:00:00.0,1749.9141753281594
2176,122,2,2040-02-09T12:00:00.0,1445.5138296124742
2177,122,2,2040-02-09T13:00:00.0,999.9922130771498
2178,122,2,2040-02-09T14:00:00.0,584.4375409041008
2179,122,2,2040-02-09T15:00:00.0,488.0071705634312
2180,122,2,2040-02-09T16:00:00.0,520.1579688370306
2181,122,2,2040-02-09T17:00:00.0,683.33886671739
2182,122,2,2040-02-09T18:00:00.0,929.7332140097031
2183,122,2,2040-02-09T19:00:00.0,1252.4429222160966
2184,122,2,2040-02-09T20:00:00.0,1359.4921537796176
2185,122,2,2040-02-09T21:00:00.0,1175.2060040699366
2186,122,2,2040-02-09T22:00:00.0,969.7571716730462
2187,122,2,2040-02-09T23:00:00.0,820.0095171469874
2188,122,2,2040-02-10T00:00:00.0,779.1564359241116
2189,122,2,2040-02-10T01:00:00.0,715.1012479519017
2190,122,2,2040-02-10T02:00:00.0,602.7842014747879
2191,122,2,2040-02-10T03:00:00.0,578.2251843131354
2192,122,2,2040-02-10T04:00:00.0,520.083551972513
2193,122,2,2040-02-10T05:00:00.0,402.7453723331194
2194,122,2,2040-02-10T06:00:00.0,276.19417084968086
2195,122,2,2040-02-10T07:00:00.0,178.97880163821864
2196,122,2,2040-02-10T08:00:00.0,195.60766037140473
2197,122,2,2040-02-10T09:00:00.0,211.4251749947366
2198,122,2,2040-02-10T10:00:00.0,238.1324232152536
2199,122,2,2040-02-10T11:00:00.0,258.9099762651115
2200,122,2,2040-02-10T12:00:00.0,297.0691582413298
2201,122,2,2040-02-10T13:00:00.0,305.6939927609419
2202,122,2,2040-02-10T14:00:00.0,288.8884440519687
2203,122,2,2040-02-10T15:00:00.0,261.79952518209853
2204,122,2,2040-02-10T16:00:00.0,250.8394424596885
2205,122,2,2040-02-10T17:00:00.0,206.6778115020798
2206,122,2,2040-02-10T18:00:00.0,190.7305267486483
2207,122,2,2040-02-10T19:00:00.0,99.26165857041995
2208,122,2,2040-02-10T20:00:00.0,156.58634016183845
2209,122,2,2040-02-10T21:00:00.0,280.125316825492
2210,122,2,2040-02-10T22:00:00.0,385.540225697494
2211,122,2,2040-02-10T23:00:00.0,426.43338412135097
2212,122,2,2040-02-11T00:00:00.0,394.85758601957195
2213,122,2,2040-02-11T01:00:00.0,444.46275132734456
2214,122,2,2040-02-11T02:00:00.0,561.5210404155065
2215,122,2,2040-02-11T03:00:00.0,912.333209850557
2216,122,2,2040-02-11T04:00:00.0,1190.3693676918592
2217,122,2,2040-02-11T05:00:00.0,1259.0878436387584
2218,122,2,2040-02-11T06:00:00.0,1421.5973263298702
2219,122,2,2040-02-11T07:00:00.0,1546.4176809506305
2220,122,2,2040-02-11T08:00:00.0,1978.3457725592011
2221,122,2,2040-02-11T09:00:00.0,2429.688779651205
2222,122,2,2040-02-11T10:00:00.0,2672.0726996251537
2223,122,2,2040-02-11T11:00:00.0,2791.8291151299995
2224,122,2,2040-02-11T12:00:00.0,2740.143373500609
2225,122,2,2040-02-11T13:00:00.0,2707.3949234976267
2226,122,2,2040-02-11T14:00:00.0,2691.453546632322
2227,122,2,2040-02-11T15:00:00.0,2628.324724692343
2228,122,2,2040-02-11T16:00:00.0,2664.4172905256273
2229,122,2,2040-02-11T17:00:00.0,2666.6835596258607
2230,122,2,2040-02-11T18:00:00.0,2539.9243721171597
2231,122,2,2040-02-11T19:00:00.0,2673.5364275399716
2232,122,2,2040-02-11T20:00:00.0,2642.4686989905504
2233,122,2,2040-02-11T21:00:00.0,2582.2326488090357
2234,122,2,2040-02-11T22:00:00.0,2473.7042517788536
2235,122,2,2040-02-11T23:00:00.0,2369.444007549264
2236,123,2,2040-02-09T00:00:00.0,148.81933043626768
2237,123,2,2040-02-09T01:00:00.0,74.48063115004216
2238,123,2,2040-02-09T02:00:00.0,50.97091276519142
2239,123,2,2040-02-09T03:00:00.0,54.25000147932655
2240,123,2,2040-02-09T04:00:00.0,106.14870316810767
2241,123,2,2040-02-09T05:00:00.0,196.9426351950984
2242,123,2,2040-02-09T06:00:00.0,163.30075638065708
2243,123,2,2040-02-09T07:00:00.0,273.0447679073024
2244,123,2,2040-02-09T08:00:00.0,433.2993087477579
2245,123,2,2040-02-09T09:00:00.0,442.82092690506425
2246,123,2,2040-02-09T10:00:00.0,438.67564281945346
2247,123,2,2040-02-09T11:00:00.0,481.36483088999995
2248,123,2,2040-02-09T12:00:00.0,395.1171129189396
2249,123,2,2040-02-09T13:00:00.0,455.0028694236517
2250,123,2,2040-02-09T14:00:00.0,333.37512552747165
2251,123,2,2040-02-09T15:00:00.0,343.42937834029186
2252,123,2,2040-02-09T16:00:00.0,277.366637686728
2253,123,2,2040-02-09T17:00:00.0,304.0339155611173
2254,123,2,2040-02-09T18:00:00.0,263.5204005507001
2255,123,2,2040-02-09T19:00:00.0,217.79740057707315
2256,123,2,2040-02-09T20:00:00.0,328.63366962038964
2257,123,2,2040-02-09T21:00:00.0,302.9838768650483
2258,123,2,2040-02-09T22:00:00.0,218.12627070567805
2259,123,2,2040-02-09T23:00:00.0,182.0921546094134
2260,123,2,2040-02-10T00:00:00.0,149.07070039526113
2261,123,2,2040-02-10T01:00:00.0,145.31132068023138
2262,123,2,2040-02-10T02:00:00.0,162.03879712747087
2263,123,2,2040-02-10T03:00:00.0,196.41516539224446
2264,123,2,2040-02-10T04:00:00.0,152.34695636455876
2265,123,2,2040-02-10T05:00:00.0,153.4996542835251
2266,123,2,2040-02-10T06:00:00.0,151.38281664208273
2267,123,2,2040-02-10T07:00:00.0,156.24291431408602
2268,123,2,2040-02-10T08:00:00.0,62.40036359240124
2269,123,2,2040-02-10T09:00:00.0,15.508232271968405
2270,123,2,2040-02-10T10:00:00.0,9.128130638129184
2271,123,2,2040-02-10T11:00:00.0,58.13337807194017
2272,123,2,2040-02-10T12:00:00.0,57.088341243934934
2273,123,2,2040-02-10T13:00:00.0,93.03076233295933
2274,123,2,2040-02-10T14:00:00.0,100.40918584068031
2275,123,2,2040-02-10T15:00:00.0,86.05841223359836
2276,123,2,2040-02-10T16:00:00.0,114.29490118910626
2277,123,2,2040-02-10T17:00:00.0,112.68489086569183
2278,123,2,2040-02-10T18:00:00.0,87.37440692279594
2279,123,2,2040-02-10T19:00:00.0,99.3296194135417
2280,123,2,2040-02-10T20:00:00.0,77.2318245900583
2281,123,2,2040-02-10T21:00:00.0,104.0440347102377
2282,123,2,2040-02-10T22:00:00.0,107.01578343284311
2283,123,2,2040-02-10T23:00:00.0,99.48379161572481
2284,123,2,2040-02-11T00:00:00.0,61.92377667886096
2285,123,2,2040-02-11T01:00:00.0,27.55222128941151
2286,123,2,2040-02-11T02:00:00.0,14.383386344422483
2287,123,2,2040-02-11T03:00:00.0,12.917152215809534
2288,123,2,2040-02-11T04:00:00.0,48.34187303681401
2289,123,2,2040-02-11T05:00:00.0,91.79242502016814
2290,123,2,2040-02-11T06:00:00.0,226.2552116976092
2291,123,2,2040-02-11T07:00:00.0,53.48848591958425
2292,123,2,2040-02-11T08:00:00.0,32.292507788709045
2293,123,2,2040-02-11T09:00:00.0,85.45819463816214
2294,123,2,2040-02-11T10:00:00.0,104.69910431284563
2295,123,2,2040-02-11T11:00:00.0,71.15186507734397
2296,123,2,2040-02-11T12:00:00.0,184.63473166862673
2297,123,2,2040-02-11T13:00:00.0,221.78370993466396
2298,123,2,2040-02-11T14:00:00.0,123.34361923925482
2299,123,2,2040-02-11T15:00:00.0,163.6251505019714
2300,123,2,2040-02-11T16:00:00.0,123.2604365484911
2301,123,2,2040-02-11T17:00:00.0,155.17494858470397
2302,123,2,2040-02-11T18:00:00.0,195.99078358952704
2303,123,2,2040-02-11T19:00:00.0,207.91883429921924
2304,123,2,2040-02-11T20:00:00.0,150.57318747764523
2305,123,2,2040-02-11T21:00:00.0,210.69215394538486
2306,123,2,2040-02-11T22:00:00.0,267.5728630049991
2307,123,2,2040-02-11T23:00:00.0,329.0415187831884
2308,124,2,2040-02-09T00:00:00.0,0.0
2309,124,2,2040-02-09T01:00:00.0,0.0
2310,124,2,2040-02-09T02:00:00.0,0.0
2311,124,2,2040-02-09T03:00:00.0,0.0
2312,124,2,2040-02-09T04:00:00.0,0.0
2313,124,2,2040-02-09T05:00:00.0,0.0
2314,124,2,2040-02-09T06:00:00.0,0.0
2315,124,2,2040-02-09T07:00:00.0,0.0
2316,124,2,2040-02-09T08:00:00.0,0.0
2317,124,2,2040-02-09T09:00:00.0,0.0
2318,124,2,2040-02-09T10:00:00.0,0.0
2319,124,2,2040-02-09T11:00:00.0,0.0
2320,124,2,2040-02-09T12:00:00.0,0.0
2321,124,2,2040-02-09T13:00:00.0,0.0
2322,124,2,2040-02-09T14:00:00.0,0.0
2323,124,2,2040-02-09T15:00:00.0,0.0
2324,124,2,2040-02-09T16:00:00.0,0.0
2325,124,2,2040-02-09T17:00:00.0,0.0
2326,124,2,2040-02-09T18:00:00.0,0.0
2327,124,2,2040-02-09T19:00:00.0,0.0
2328,124,2,2040-02-09T20:00:00.0,0.0
2329,124,2,2040-02-09T21:00:00.0,0.0
2330,124,2,2040-02-09T22:00:00.0,0.0
2331,124,2,2040-02-09T23:00:00.0,0.0
2332,124,2,2040-02-10T00:00:00.0,0.0
2333,124,2,2040-02-10T01:00:00.0,0.0
2334,124,2,2040-02-10T02:00:00.0,0.0
2335,124,2,2040-02-10T03:00:00.0,0.0
2336,124,2,2040-02-10T04:00:00.0,0.0
2337,124,2,2040-02-10T05:00:00.0,0.0
2338,124,2,2040-02-10T06:00:00.0,0.0
2339,124,2,2040-02-10T07:00:00.0,0.0
2340,124,2,2040-02-10T08:00:00.0,0.0
2341,124,2,2040-02-10T09:00:00.0,0.0
2342,124,2,2040-02-10T10:00:00.0,0.0
2343,124,2,2040-02-10T11:00:00.0,0.0
2344,124,2,2040-02-10T12:00:00.0,0.0
2345,124,2,2040-02-10T13:00:00.0,0.0
2346,124,2,2040-02-10T14:00:00.0,0.0
2347,124,2,2040-02-10T15:00:00.0,0.0
2348,124,2,2040-02-10T16:00:00.0,0.0
2349,124,2,2040-02-10T17:00:00.0,0.0
2350,124,2,2040-02-10T18:00:00.0,0.0
2351,124,2,2040-02-10T19:00:00.0,0.0
2352,124,2,2040-02-10T20:00:00.0,0.0
2353,124,2,2040-02-10T21:00:00.0,0.0
2354,124,2,2040-02-10T22:00:00.0,0.0
2355,124,2,2040-02-10T23:00:00.0,0.0
2356,124,2,2040-02-11T00:00:00.0,0.0
2357,124,2,2040-02-11T01:00:00.0,0.0
2358,124,2,2040-02-11T02:00:00.0,0.0
2359,124,2,2040-02-11T03:00:00.0,0.0
2360,124,2,2040-02-11T04:00:00.0,0.0
2361,124,2,2040-02-11T05:00:00.0,0.0
2362,124,2,2040-02-11T06:00:00.0,0.0
2363,124,2,2040-02-11T07:00:00.0,0.0
2364,124,2,2040-02-11T08:00:00.0,0.0
2365,124,2,2040-02-11T09:00:00.0,0.0
2366,124,2,2040-02-11T10:00:00.0,0.0
2367,124,2,2040-02-11T11:00:00.0,0.0
2368,124,2,2040-02-11T12:00:00.0,0.0
2369,124,2,2040-02-11T13:00:00.0,0.0
2370,124,2,2040-02-11T14:00:00.0,0.0
2371,124,2,2040-02-11T15:00:00.0,0.0
2372,124,2,2040-02-11T16:00:00.0,0.0
2373,124,2,2040-02-11T17:00:00.0,0.0
2374,124,2,2040-02-11T18:00:00.0,0.0
2375,124,2,2040-02-11T19:00:00.0,0.0
2376,124,2,2040-02-11T20:00:00.0,0.0
2377,124,2,2040-02-11T21:00:00.0,0.0
2378,124,2,2040-02-11T22:00:00.0,0.0
2379,124,2,2040-02-11T23:00:00.0,0.0
