id,id_gen,scenario,date,value
1,23,2,2040-02-09T00:00:00.0,9.419884275114155
2,23,2,2040-02-09T01:00:00.0,9.419884275114155
3,23,2,2040-02-09T02:00:00.0,9.419884275114155
4,23,2,2040-02-09T03:00:00.0,9.419884275114155
5,23,2,2040-02-09T04:00:00.0,9.419884275114155
6,23,2,2040-02-09T05:00:00.0,9.419884275114155
7,23,2,2040-02-09T06:00:00.0,9.419884275114155
8,23,2,2040-02-09T07:00:00.0,9.419884275114155
9,23,2,2040-02-09T08:00:00.0,9.419884275114155
10,23,2,2040-02-09T09:00:00.0,9.419884275114155
11,23,2,2040-02-09T10:00:00.0,9.419884275114155
12,23,2,2040-02-09T11:00:00.0,9.419884275114155
13,23,2,2040-02-09T12:00:00.0,9.419884275114155
14,23,2,2040-02-09T13:00:00.0,9.419884275114155
15,23,2,2040-02-09T14:00:00.0,9.419884275114155
16,23,2,2040-02-09T15:00:00.0,9.419884275114155
17,23,2,2040-02-09T16:00:00.0,9.419884275114155
18,23,2,2040-02-09T17:00:00.0,9.419884275114155
19,23,2,2040-02-09T18:00:00.0,9.419884275114155
20,23,2,2040-02-09T19:00:00.0,9.419884275114155
21,23,2,2040-02-09T20:00:00.0,9.419884275114155
22,23,2,2040-02-09T21:00:00.0,9.419884275114155
23,23,2,2040-02-09T22:00:00.0,9.419884275114155
24,23,2,2040-02-09T23:00:00.0,9.419884275114155
25,23,2,2040-02-10T00:00:00.0,9.419884275114155
26,23,2,2040-02-10T01:00:00.0,9.419884275114155
27,23,2,2040-02-10T02:00:00.0,9.419884275114155
28,23,2,2040-02-10T03:00:00.0,9.419884275114155
29,23,2,2040-02-10T04:00:00.0,9.419884275114155
30,23,2,2040-02-10T05:00:00.0,9.419884275114155
31,23,2,2040-02-10T06:00:00.0,9.419884275114155
32,23,2,2040-02-10T07:00:00.0,9.419884275114155
33,23,2,2040-02-10T08:00:00.0,9.419884275114155
34,23,2,2040-02-10T09:00:00.0,9.419884275114155
35,23,2,2040-02-10T10:00:00.0,9.419884275114155
36,23,2,2040-02-10T11:00:00.0,9.419884275114155
37,23,2,2040-02-10T12:00:00.0,9.419884275114155
38,23,2,2040-02-10T13:00:00.0,9.419884275114155
39,23,2,2040-02-10T14:00:00.0,9.419884275114155
40,23,2,2040-02-10T15:00:00.0,9.419884275114155
41,23,2,2040-02-10T16:00:00.0,9.419884275114155
42,23,2,2040-02-10T17:00:00.0,9.419884275114155
43,23,2,2040-02-10T18:00:00.0,9.419884275114155
44,23,2,2040-02-10T19:00:00.0,9.419884275114155
45,23,2,2040-02-10T20:00:00.0,9.419884275114155
46,23,2,2040-02-10T21:00:00.0,9.419884275114155
47,23,2,2040-02-10T22:00:00.0,9.419884275114155
48,23,2,2040-02-10T23:00:00.0,9.419884275114155
49,23,2,2040-02-11T00:00:00.0,9.419884275114155
50,23,2,2040-02-11T01:00:00.0,9.419884275114155
51,23,2,2040-02-11T02:00:00.0,9.419884275114155
52,23,2,2040-02-11T03:00:00.0,9.419884275114155
53,23,2,2040-02-11T04:00:00.0,9.419884275114155
54,23,2,2040-02-11T05:00:00.0,9.419884275114155
55,23,2,2040-02-11T06:00:00.0,9.419884275114155
56,23,2,2040-02-11T07:00:00.0,9.419884275114155
57,23,2,2040-02-11T08:00:00.0,9.419884275114155
58,23,2,2040-02-11T09:00:00.0,9.419884275114155
59,23,2,2040-02-11T10:00:00.0,9.419884275114155
60,23,2,2040-02-11T11:00:00.0,9.419884275114155
61,23,2,2040-02-11T12:00:00.0,9.419884275114155
62,23,2,2040-02-11T13:00:00.0,9.419884275114155
63,23,2,2040-02-11T14:00:00.0,9.419884275114155
64,23,2,2040-02-11T15:00:00.0,9.419884275114155
65,23,2,2040-02-11T16:00:00.0,9.419884275114155
66,23,2,2040-02-11T17:00:00.0,9.419884275114155
67,23,2,2040-02-11T18:00:00.0,9.419884275114155
68,23,2,2040-02-11T19:00:00.0,9.419884275114155
69,23,2,2040-02-11T20:00:00.0,9.419884275114155
70,23,2,2040-02-11T21:00:00.0,9.419884275114155
71,23,2,2040-02-11T22:00:00.0,9.419884275114155
72,23,2,2040-02-11T23:00:00.0,9.419884275114155
73,24,2,2040-02-09T00:00:00.0,2.5925788195155595
74,24,2,2040-02-09T01:00:00.0,2.5925788195155595
75,24,2,2040-02-09T02:00:00.0,2.5925788195155595
76,24,2,2040-02-09T03:00:00.0,2.5925788195155595
77,24,2,2040-02-09T04:00:00.0,2.5925788195155595
78,24,2,2040-02-09T05:00:00.0,2.5925788195155595
79,24,2,2040-02-09T06:00:00.0,2.5925788195155595
80,24,2,2040-02-09T07:00:00.0,2.5925788195155595
81,24,2,2040-02-09T08:00:00.0,2.5925788195155595
82,24,2,2040-02-09T09:00:00.0,2.5925788195155595
83,24,2,2040-02-09T10:00:00.0,2.5925788195155595
84,24,2,2040-02-09T11:00:00.0,2.5925788195155595
85,24,2,2040-02-09T12:00:00.0,2.5925788195155595
86,24,2,2040-02-09T13:00:00.0,2.5925788195155595
87,24,2,2040-02-09T14:00:00.0,2.5925788195155595
88,24,2,2040-02-09T15:00:00.0,2.5925788195155595
89,24,2,2040-02-09T16:00:00.0,2.5925788195155595
90,24,2,2040-02-09T17:00:00.0,2.5925788195155595
91,24,2,2040-02-09T18:00:00.0,2.5925788195155595
92,24,2,2040-02-09T19:00:00.0,2.5925788195155595
93,24,2,2040-02-09T20:00:00.0,2.5925788195155595
94,24,2,2040-02-09T21:00:00.0,2.5925788195155595
95,24,2,2040-02-09T22:00:00.0,2.5925788195155595
96,24,2,2040-02-09T23:00:00.0,2.5925788195155595
97,24,2,2040-02-10T00:00:00.0,2.5925788195155595
98,24,2,2040-02-10T01:00:00.0,2.5925788195155595
99,24,2,2040-02-10T02:00:00.0,2.5925788195155595
100,24,2,2040-02-10T03:00:00.0,2.5925788195155595
101,24,2,2040-02-10T04:00:00.0,2.5925788195155595
102,24,2,2040-02-10T05:00:00.0,2.5925788195155595
103,24,2,2040-02-10T06:00:00.0,2.5925788195155595
104,24,2,2040-02-10T07:00:00.0,2.5925788195155595
105,24,2,2040-02-10T08:00:00.0,2.5925788195155595
106,24,2,2040-02-10T09:00:00.0,2.5925788195155595
107,24,2,2040-02-10T10:00:00.0,2.5925788195155595
108,24,2,2040-02-10T11:00:00.0,2.5925788195155595
109,24,2,2040-02-10T12:00:00.0,2.5925788195155595
110,24,2,2040-02-10T13:00:00.0,2.5925788195155595
111,24,2,2040-02-10T14:00:00.0,2.5925788195155595
112,24,2,2040-02-10T15:00:00.0,2.5925788195155595
113,24,2,2040-02-10T16:00:00.0,2.5925788195155595
114,24,2,2040-02-10T17:00:00.0,2.5925788195155595
115,24,2,2040-02-10T18:00:00.0,2.5925788195155595
116,24,2,2040-02-10T19:00:00.0,2.5925788195155595
117,24,2,2040-02-10T20:00:00.0,2.5925788195155595
118,24,2,2040-02-10T21:00:00.0,2.5925788195155595
119,24,2,2040-02-10T22:00:00.0,2.5925788195155595
120,24,2,2040-02-10T23:00:00.0,2.5925788195155595
121,24,2,2040-02-11T00:00:00.0,2.5925788195155595
122,24,2,2040-02-11T01:00:00.0,2.5925788195155595
123,24,2,2040-02-11T02:00:00.0,2.5925788195155595
124,24,2,2040-02-11T03:00:00.0,2.5925788195155595
125,24,2,2040-02-11T04:00:00.0,2.5925788195155595
126,24,2,2040-02-11T05:00:00.0,2.5925788195155595
127,24,2,2040-02-11T06:00:00.0,2.5925788195155595
128,24,2,2040-02-11T07:00:00.0,2.5925788195155595
129,24,2,2040-02-11T08:00:00.0,2.5925788195155595
130,24,2,2040-02-11T09:00:00.0,2.5925788195155595
131,24,2,2040-02-11T10:00:00.0,2.5925788195155595
132,24,2,2040-02-11T11:00:00.0,2.5925788195155595
133,24,2,2040-02-11T12:00:00.0,2.5925788195155595
134,24,2,2040-02-11T13:00:00.0,2.5925788195155595
135,24,2,2040-02-11T14:00:00.0,2.5925788195155595
136,24,2,2040-02-11T15:00:00.0,2.5925788195155595
137,24,2,2040-02-11T16:00:00.0,2.5925788195155595
138,24,2,2040-02-11T17:00:00.0,2.5925788195155595
139,24,2,2040-02-11T18:00:00.0,2.5925788195155595
140,24,2,2040-02-11T19:00:00.0,2.5925788195155595
141,24,2,2040-02-11T20:00:00.0,2.5925788195155595
142,24,2,2040-02-11T21:00:00.0,2.5925788195155595
143,24,2,2040-02-11T22:00:00.0,2.5925788195155595
144,24,2,2040-02-11T23:00:00.0,2.5925788195155595
145,25,2,2040-02-09T00:00:00.0,18.159089694618036
146,25,2,2040-02-09T01:00:00.0,18.159089694618036
147,25,2,2040-02-09T02:00:00.0,18.159089694618036
148,25,2,2040-02-09T03:00:00.0,18.159089694618036
149,25,2,2040-02-09T04:00:00.0,18.159089694618036
150,25,2,2040-02-09T05:00:00.0,18.159089694618036
151,25,2,2040-02-09T06:00:00.0,18.159089694618036
152,25,2,2040-02-09T07:00:00.0,18.159089694618036
153,25,2,2040-02-09T08:00:00.0,18.159089694618036
154,25,2,2040-02-09T09:00:00.0,18.159089694618036
155,25,2,2040-02-09T10:00:00.0,18.159089694618036
156,25,2,2040-02-09T11:00:00.0,18.159089694618036
157,25,2,2040-02-09T12:00:00.0,18.159089694618036
158,25,2,2040-02-09T13:00:00.0,18.159089694618036
159,25,2,2040-02-09T14:00:00.0,18.159089694618036
160,25,2,2040-02-09T15:00:00.0,18.159089694618036
161,25,2,2040-02-09T16:00:00.0,18.159089694618036
162,25,2,2040-02-09T17:00:00.0,18.159089694618036
163,25,2,2040-02-09T18:00:00.0,18.159089694618036
164,25,2,2040-02-09T19:00:00.0,18.159089694618036
165,25,2,2040-02-09T20:00:00.0,18.159089694618036
166,25,2,2040-02-09T21:00:00.0,18.159089694618036
167,25,2,2040-02-09T22:00:00.0,18.159089694618036
168,25,2,2040-02-09T23:00:00.0,18.159089694618036
169,25,2,2040-02-10T00:00:00.0,18.159089694618036
170,25,2,2040-02-10T01:00:00.0,18.159089694618036
171,25,2,2040-02-10T02:00:00.0,18.159089694618036
172,25,2,2040-02-10T03:00:00.0,18.159089694618036
173,25,2,2040-02-10T04:00:00.0,18.159089694618036
174,25,2,2040-02-10T05:00:00.0,18.159089694618036
175,25,2,2040-02-10T06:00:00.0,18.159089694618036
176,25,2,2040-02-10T07:00:00.0,18.159089694618036
177,25,2,2040-02-10T08:00:00.0,18.159089694618036
178,25,2,2040-02-10T09:00:00.0,18.159089694618036
179,25,2,2040-02-10T10:00:00.0,18.159089694618036
180,25,2,2040-02-10T11:00:00.0,18.159089694618036
181,25,2,2040-02-10T12:00:00.0,18.159089694618036
182,25,2,2040-02-10T13:00:00.0,18.159089694618036
183,25,2,2040-02-10T14:00:00.0,18.159089694618036
184,25,2,2040-02-10T15:00:00.0,18.159089694618036
185,25,2,2040-02-10T16:00:00.0,18.159089694618036
186,25,2,2040-02-10T17:00:00.0,18.159089694618036
187,25,2,2040-02-10T18:00:00.0,18.159089694618036
188,25,2,2040-02-10T19:00:00.0,18.159089694618036
189,25,2,2040-02-10T20:00:00.0,18.159089694618036
190,25,2,2040-02-10T21:00:00.0,18.159089694618036
191,25,2,2040-02-10T22:00:00.0,18.159089694618036
192,25,2,2040-02-10T23:00:00.0,18.159089694618036
193,25,2,2040-02-11T00:00:00.0,18.159089694618036
194,25,2,2040-02-11T01:00:00.0,18.159089694618036
195,25,2,2040-02-11T02:00:00.0,18.159089694618036
196,25,2,2040-02-11T03:00:00.0,18.159089694618036
197,25,2,2040-02-11T04:00:00.0,18.159089694618036
198,25,2,2040-02-11T05:00:00.0,18.159089694618036
199,25,2,2040-02-11T06:00:00.0,18.159089694618036
200,25,2,2040-02-11T07:00:00.0,18.159089694618036
201,25,2,2040-02-11T08:00:00.0,18.159089694618036
202,25,2,2040-02-11T09:00:00.0,18.159089694618036
203,25,2,2040-02-11T10:00:00.0,18.159089694618036
204,25,2,2040-02-11T11:00:00.0,18.159089694618036
205,25,2,2040-02-11T12:00:00.0,18.159089694618036
206,25,2,2040-02-11T13:00:00.0,18.159089694618036
207,25,2,2040-02-11T14:00:00.0,18.159089694618036
208,25,2,2040-02-11T15:00:00.0,18.159089694618036
209,25,2,2040-02-11T16:00:00.0,18.159089694618036
210,25,2,2040-02-11T17:00:00.0,18.159089694618036
211,25,2,2040-02-11T18:00:00.0,18.159089694618036
212,25,2,2040-02-11T19:00:00.0,18.159089694618036
213,25,2,2040-02-11T20:00:00.0,18.159089694618036
214,25,2,2040-02-11T21:00:00.0,18.159089694618036
215,25,2,2040-02-11T22:00:00.0,18.159089694618036
216,25,2,2040-02-11T23:00:00.0,18.159089694618036
217,26,2,2040-02-09T00:00:00.0,1.6293693559813451
218,26,2,2040-02-09T01:00:00.0,1.6293693559813451
219,26,2,2040-02-09T02:00:00.0,1.6293693559813451
220,26,2,2040-02-09T03:00:00.0,1.6293693559813451
221,26,2,2040-02-09T04:00:00.0,1.6293693559813451
222,26,2,2040-02-09T05:00:00.0,1.6293693559813451
223,26,2,2040-02-09T06:00:00.0,1.6293693559813451
224,26,2,2040-02-09T07:00:00.0,1.6293693559813451
225,26,2,2040-02-09T08:00:00.0,1.6293693559813451
226,26,2,2040-02-09T09:00:00.0,1.6293693559813451
227,26,2,2040-02-09T10:00:00.0,1.6293693559813451
228,26,2,2040-02-09T11:00:00.0,1.6293693559813451
229,26,2,2040-02-09T12:00:00.0,1.6293693559813451
230,26,2,2040-02-09T13:00:00.0,1.6293693559813451
231,26,2,2040-02-09T14:00:00.0,1.6293693559813451
232,26,2,2040-02-09T15:00:00.0,1.6293693559813451
233,26,2,2040-02-09T16:00:00.0,1.6293693559813451
234,26,2,2040-02-09T17:00:00.0,1.6293693559813451
235,26,2,2040-02-09T18:00:00.0,1.6293693559813451
236,26,2,2040-02-09T19:00:00.0,1.6293693559813451
237,26,2,2040-02-09T20:00:00.0,1.6293693559813451
238,26,2,2040-02-09T21:00:00.0,1.6293693559813451
239,26,2,2040-02-09T22:00:00.0,1.6293693559813451
240,26,2,2040-02-09T23:00:00.0,1.6293693559813451
241,26,2,2040-02-10T00:00:00.0,1.6293693559813451
242,26,2,2040-02-10T01:00:00.0,1.6293693559813451
243,26,2,2040-02-10T02:00:00.0,1.6293693559813451
244,26,2,2040-02-10T03:00:00.0,1.6293693559813451
245,26,2,2040-02-10T04:00:00.0,1.6293693559813451
246,26,2,2040-02-10T05:00:00.0,1.6293693559813451
247,26,2,2040-02-10T06:00:00.0,1.6293693559813451
248,26,2,2040-02-10T07:00:00.0,1.6293693559813451
249,26,2,2040-02-10T08:00:00.0,1.6293693559813451
250,26,2,2040-02-10T09:00:00.0,1.6293693559813451
251,26,2,2040-02-10T10:00:00.0,1.6293693559813451
252,26,2,2040-02-10T11:00:00.0,1.6293693559813451
253,26,2,2040-02-10T12:00:00.0,1.6293693559813451
254,26,2,2040-02-10T13:00:00.0,1.6293693559813451
255,26,2,2040-02-10T14:00:00.0,1.6293693559813451
256,26,2,2040-02-10T15:00:00.0,1.6293693559813451
257,26,2,2040-02-10T16:00:00.0,1.6293693559813451
258,26,2,2040-02-10T17:00:00.0,1.6293693559813451
259,26,2,2040-02-10T18:00:00.0,1.6293693559813451
260,26,2,2040-02-10T19:00:00.0,1.6293693559813451
261,26,2,2040-02-10T20:00:00.0,1.6293693559813451
262,26,2,2040-02-10T21:00:00.0,1.6293693559813451
263,26,2,2040-02-10T22:00:00.0,1.6293693559813451
264,26,2,2040-02-10T23:00:00.0,1.6293693559813451
265,26,2,2040-02-11T00:00:00.0,1.6293693559813451
266,26,2,2040-02-11T01:00:00.0,1.6293693559813451
267,26,2,2040-02-11T02:00:00.0,1.6293693559813451
268,26,2,2040-02-11T03:00:00.0,1.6293693559813451
269,26,2,2040-02-11T04:00:00.0,1.6293693559813451
270,26,2,2040-02-11T05:00:00.0,1.6293693559813451
271,26,2,2040-02-11T06:00:00.0,1.6293693559813451
272,26,2,2040-02-11T07:00:00.0,1.6293693559813451
273,26,2,2040-02-11T08:00:00.0,1.6293693559813451
274,26,2,2040-02-11T09:00:00.0,1.6293693559813451
275,26,2,2040-02-11T10:00:00.0,1.6293693559813451
276,26,2,2040-02-11T11:00:00.0,1.6293693559813451
277,26,2,2040-02-11T12:00:00.0,1.6293693559813451
278,26,2,2040-02-11T13:00:00.0,1.6293693559813451
279,26,2,2040-02-11T14:00:00.0,1.6293693559813451
280,26,2,2040-02-11T15:00:00.0,1.6293693559813451
281,26,2,2040-02-11T16:00:00.0,1.6293693559813451
282,26,2,2040-02-11T17:00:00.0,1.6293693559813451
283,26,2,2040-02-11T18:00:00.0,1.6293693559813451
284,26,2,2040-02-11T19:00:00.0,1.6293693559813451
285,26,2,2040-02-11T20:00:00.0,1.6293693559813451
286,26,2,2040-02-11T21:00:00.0,1.6293693559813451
287,26,2,2040-02-11T22:00:00.0,1.6293693559813451
288,26,2,2040-02-11T23:00:00.0,1.6293693559813451
289,27,2,2040-02-09T00:00:00.0,0.10227207174864988
290,27,2,2040-02-09T01:00:00.0,0.10227207174864988
291,27,2,2040-02-09T02:00:00.0,0.10227207174864988
292,27,2,2040-02-09T03:00:00.0,0.10227207174864988
293,27,2,2040-02-09T04:00:00.0,0.10227207174864988
294,27,2,2040-02-09T05:00:00.0,0.10227207174864988
295,27,2,2040-02-09T06:00:00.0,0.10227207174864988
296,27,2,2040-02-09T07:00:00.0,0.10227207174864988
297,27,2,2040-02-09T08:00:00.0,0.10227207174864988
298,27,2,2040-02-09T09:00:00.0,0.10227207174864988
299,27,2,2040-02-09T10:00:00.0,0.10227207174864988
300,27,2,2040-02-09T11:00:00.0,0.10227207174864988
301,27,2,2040-02-09T12:00:00.0,0.10227207174864988
302,27,2,2040-02-09T13:00:00.0,0.10227207174864988
303,27,2,2040-02-09T14:00:00.0,0.10227207174864988
304,27,2,2040-02-09T15:00:00.0,0.10227207174864988
305,27,2,2040-02-09T16:00:00.0,0.10227207174864988
306,27,2,2040-02-09T17:00:00.0,0.10227207174864988
307,27,2,2040-02-09T18:00:00.0,0.10227207174864988
308,27,2,2040-02-09T19:00:00.0,0.10227207174864988
309,27,2,2040-02-09T20:00:00.0,0.10227207174864988
310,27,2,2040-02-09T21:00:00.0,0.10227207174864988
311,27,2,2040-02-09T22:00:00.0,0.10227207174864988
312,27,2,2040-02-09T23:00:00.0,0.10227207174864988
313,27,2,2040-02-10T00:00:00.0,0.10227207174864988
314,27,2,2040-02-10T01:00:00.0,0.10227207174864988
315,27,2,2040-02-10T02:00:00.0,0.10227207174864988
316,27,2,2040-02-10T03:00:00.0,0.10227207174864988
317,27,2,2040-02-10T04:00:00.0,0.10227207174864988
318,27,2,2040-02-10T05:00:00.0,0.10227207174864988
319,27,2,2040-02-10T06:00:00.0,0.10227207174864988
320,27,2,2040-02-10T07:00:00.0,0.10227207174864988
321,27,2,2040-02-10T08:00:00.0,0.10227207174864988
322,27,2,2040-02-10T09:00:00.0,0.10227207174864988
323,27,2,2040-02-10T10:00:00.0,0.10227207174864988
324,27,2,2040-02-10T11:00:00.0,0.10227207174864988
325,27,2,2040-02-10T12:00:00.0,0.10227207174864988
326,27,2,2040-02-10T13:00:00.0,0.10227207174864988
327,27,2,2040-02-10T14:00:00.0,0.10227207174864988
328,27,2,2040-02-10T15:00:00.0,0.10227207174864988
329,27,2,2040-02-10T16:00:00.0,0.10227207174864988
330,27,2,2040-02-10T17:00:00.0,0.10227207174864988
331,27,2,2040-02-10T18:00:00.0,0.10227207174864988
332,27,2,2040-02-10T19:00:00.0,0.10227207174864988
333,27,2,2040-02-10T20:00:00.0,0.10227207174864988
334,27,2,2040-02-10T21:00:00.0,0.10227207174864988
335,27,2,2040-02-10T22:00:00.0,0.10227207174864988
336,27,2,2040-02-10T23:00:00.0,0.10227207174864988
337,27,2,2040-02-11T00:00:00.0,0.10227207174864988
338,27,2,2040-02-11T01:00:00.0,0.10227207174864988
339,27,2,2040-02-11T02:00:00.0,0.10227207174864988
340,27,2,2040-02-11T03:00:00.0,0.10227207174864988
341,27,2,2040-02-11T04:00:00.0,0.10227207174864988
342,27,2,2040-02-11T05:00:00.0,0.10227207174864988
343,27,2,2040-02-11T06:00:00.0,0.10227207174864988
344,27,2,2040-02-11T07:00:00.0,0.10227207174864988
345,27,2,2040-02-11T08:00:00.0,0.10227207174864988
346,27,2,2040-02-11T09:00:00.0,0.10227207174864988
347,27,2,2040-02-11T10:00:00.0,0.10227207174864988
348,27,2,2040-02-11T11:00:00.0,0.10227207174864988
349,27,2,2040-02-11T12:00:00.0,0.10227207174864988
350,27,2,2040-02-11T13:00:00.0,0.10227207174864988
351,27,2,2040-02-11T14:00:00.0,0.10227207174864988
352,27,2,2040-02-11T15:00:00.0,0.10227207174864988
353,27,2,2040-02-11T16:00:00.0,0.10227207174864988
354,27,2,2040-02-11T17:00:00.0,0.10227207174864988
355,27,2,2040-02-11T18:00:00.0,0.10227207174864988
356,27,2,2040-02-11T19:00:00.0,0.10227207174864988
357,27,2,2040-02-11T20:00:00.0,0.10227207174864988
358,27,2,2040-02-11T21:00:00.0,0.10227207174864988
359,27,2,2040-02-11T22:00:00.0,0.10227207174864988
360,27,2,2040-02-11T23:00:00.0,0.10227207174864988
361,28,2,2040-02-09T00:00:00.0,2.0241410646620017
362,28,2,2040-02-09T01:00:00.0,2.0241410646620017
363,28,2,2040-02-09T02:00:00.0,2.0241410646620017
364,28,2,2040-02-09T03:00:00.0,2.0241410646620017
365,28,2,2040-02-09T04:00:00.0,2.0241410646620017
366,28,2,2040-02-09T05:00:00.0,2.0241410646620017
367,28,2,2040-02-09T06:00:00.0,2.0241410646620017
368,28,2,2040-02-09T07:00:00.0,2.0241410646620017
369,28,2,2040-02-09T08:00:00.0,2.0241410646620017
370,28,2,2040-02-09T09:00:00.0,2.0241410646620017
371,28,2,2040-02-09T10:00:00.0,2.0241410646620017
372,28,2,2040-02-09T11:00:00.0,2.0241410646620017
373,28,2,2040-02-09T12:00:00.0,2.0241410646620017
374,28,2,2040-02-09T13:00:00.0,2.0241410646620017
375,28,2,2040-02-09T14:00:00.0,2.0241410646620017
376,28,2,2040-02-09T15:00:00.0,2.0241410646620017
377,28,2,2040-02-09T16:00:00.0,2.0241410646620017
378,28,2,2040-02-09T17:00:00.0,2.0241410646620017
379,28,2,2040-02-09T18:00:00.0,2.0241410646620017
380,28,2,2040-02-09T19:00:00.0,2.0241410646620017
381,28,2,2040-02-09T20:00:00.0,2.0241410646620017
382,28,2,2040-02-09T21:00:00.0,2.0241410646620017
383,28,2,2040-02-09T22:00:00.0,2.0241410646620017
384,28,2,2040-02-09T23:00:00.0,2.0241410646620017
385,28,2,2040-02-10T00:00:00.0,2.0241410646620017
386,28,2,2040-02-10T01:00:00.0,2.0241410646620017
387,28,2,2040-02-10T02:00:00.0,2.0241410646620017
388,28,2,2040-02-10T03:00:00.0,2.0241410646620017
389,28,2,2040-02-10T04:00:00.0,2.0241410646620017
390,28,2,2040-02-10T05:00:00.0,2.0241410646620017
391,28,2,2040-02-10T06:00:00.0,2.0241410646620017
392,28,2,2040-02-10T07:00:00.0,2.0241410646620017
393,28,2,2040-02-10T08:00:00.0,2.0241410646620017
394,28,2,2040-02-10T09:00:00.0,2.0241410646620017
395,28,2,2040-02-10T10:00:00.0,2.0241410646620017
396,28,2,2040-02-10T11:00:00.0,2.0241410646620017
397,28,2,2040-02-10T12:00:00.0,2.0241410646620017
398,28,2,2040-02-10T13:00:00.0,2.0241410646620017
399,28,2,2040-02-10T14:00:00.0,2.0241410646620017
400,28,2,2040-02-10T15:00:00.0,2.0241410646620017
401,28,2,2040-02-10T16:00:00.0,2.0241410646620017
402,28,2,2040-02-10T17:00:00.0,2.0241410646620017
403,28,2,2040-02-10T18:00:00.0,2.0241410646620017
404,28,2,2040-02-10T19:00:00.0,2.0241410646620017
405,28,2,2040-02-10T20:00:00.0,2.0241410646620017
406,28,2,2040-02-10T21:00:00.0,2.0241410646620017
407,28,2,2040-02-10T22:00:00.0,2.0241410646620017
408,28,2,2040-02-10T23:00:00.0,2.0241410646620017
409,28,2,2040-02-11T00:00:00.0,2.0241410646620017
410,28,2,2040-02-11T01:00:00.0,2.0241410646620017
411,28,2,2040-02-11T02:00:00.0,2.0241410646620017
412,28,2,2040-02-11T03:00:00.0,2.0241410646620017
413,28,2,2040-02-11T04:00:00.0,2.0241410646620017
414,28,2,2040-02-11T05:00:00.0,2.0241410646620017
415,28,2,2040-02-11T06:00:00.0,2.0241410646620017
416,28,2,2040-02-11T07:00:00.0,2.0241410646620017
417,28,2,2040-02-11T08:00:00.0,2.0241410646620017
418,28,2,2040-02-11T09:00:00.0,2.0241410646620017
419,28,2,2040-02-11T10:00:00.0,2.0241410646620017
420,28,2,2040-02-11T11:00:00.0,2.0241410646620017
421,28,2,2040-02-11T12:00:00.0,2.0241410646620017
422,28,2,2040-02-11T13:00:00.0,2.0241410646620017
423,28,2,2040-02-11T14:00:00.0,2.0241410646620017
424,28,2,2040-02-11T15:00:00.0,2.0241410646620017
425,28,2,2040-02-11T16:00:00.0,2.0241410646620017
426,28,2,2040-02-11T17:00:00.0,2.0241410646620017
427,28,2,2040-02-11T18:00:00.0,2.0241410646620017
428,28,2,2040-02-11T19:00:00.0,2.0241410646620017
429,28,2,2040-02-11T20:00:00.0,2.0241410646620017
430,28,2,2040-02-11T21:00:00.0,2.0241410646620017
431,28,2,2040-02-11T22:00:00.0,2.0241410646620017
432,28,2,2040-02-11T23:00:00.0,2.0241410646620017
433,29,2,2040-02-09T00:00:00.0,6.889972643917366
434,29,2,2040-02-09T01:00:00.0,6.889972643917366
435,29,2,2040-02-09T02:00:00.0,6.889972643917366
436,29,2,2040-02-09T03:00:00.0,6.889972643917366
437,29,2,2040-02-09T04:00:00.0,6.889972643917366
438,29,2,2040-02-09T05:00:00.0,6.889972643917366
439,29,2,2040-02-09T06:00:00.0,6.889972643917366
440,29,2,2040-02-09T07:00:00.0,6.889972643917366
441,29,2,2040-02-09T08:00:00.0,6.889972643917366
442,29,2,2040-02-09T09:00:00.0,6.889972643917366
443,29,2,2040-02-09T10:00:00.0,6.889972643917366
444,29,2,2040-02-09T11:00:00.0,6.889972643917366
445,29,2,2040-02-09T12:00:00.0,6.889972643917366
446,29,2,2040-02-09T13:00:00.0,6.889972643917366
447,29,2,2040-02-09T14:00:00.0,6.889972643917366
448,29,2,2040-02-09T15:00:00.0,6.889972643917366
449,29,2,2040-02-09T16:00:00.0,6.889972643917366
450,29,2,2040-02-09T17:00:00.0,6.889972643917366
451,29,2,2040-02-09T18:00:00.0,6.889972643917366
452,29,2,2040-02-09T19:00:00.0,6.889972643917366
453,29,2,2040-02-09T20:00:00.0,6.889972643917366
454,29,2,2040-02-09T21:00:00.0,6.889972643917366
455,29,2,2040-02-09T22:00:00.0,6.889972643917366
456,29,2,2040-02-09T23:00:00.0,6.889972643917366
457,29,2,2040-02-10T00:00:00.0,6.889972643917366
458,29,2,2040-02-10T01:00:00.0,6.889972643917366
459,29,2,2040-02-10T02:00:00.0,6.889972643917366
460,29,2,2040-02-10T03:00:00.0,6.889972643917366
461,29,2,2040-02-10T04:00:00.0,6.889972643917366
462,29,2,2040-02-10T05:00:00.0,6.889972643917366
463,29,2,2040-02-10T06:00:00.0,6.889972643917366
464,29,2,2040-02-10T07:00:00.0,6.889972643917366
465,29,2,2040-02-10T08:00:00.0,6.889972643917366
466,29,2,2040-02-10T09:00:00.0,6.889972643917366
467,29,2,2040-02-10T10:00:00.0,6.889972643917366
468,29,2,2040-02-10T11:00:00.0,6.889972643917366
469,29,2,2040-02-10T12:00:00.0,6.889972643917366
470,29,2,2040-02-10T13:00:00.0,6.889972643917366
471,29,2,2040-02-10T14:00:00.0,6.889972643917366
472,29,2,2040-02-10T15:00:00.0,6.889972643917366
473,29,2,2040-02-10T16:00:00.0,6.889972643917366
474,29,2,2040-02-10T17:00:00.0,6.889972643917366
475,29,2,2040-02-10T18:00:00.0,6.889972643917366
476,29,2,2040-02-10T19:00:00.0,6.889972643917366
477,29,2,2040-02-10T20:00:00.0,6.889972643917366
478,29,2,2040-02-10T21:00:00.0,6.889972643917366
479,29,2,2040-02-10T22:00:00.0,6.889972643917366
480,29,2,2040-02-10T23:00:00.0,6.889972643917366
481,29,2,2040-02-11T00:00:00.0,6.889972643917366
482,29,2,2040-02-11T01:00:00.0,6.889972643917366
483,29,2,2040-02-11T02:00:00.0,6.889972643917366
484,29,2,2040-02-11T03:00:00.0,6.889972643917366
485,29,2,2040-02-11T04:00:00.0,6.889972643917366
486,29,2,2040-02-11T05:00:00.0,6.889972643917366
487,29,2,2040-02-11T06:00:00.0,6.889972643917366
488,29,2,2040-02-11T07:00:00.0,6.889972643917366
489,29,2,2040-02-11T08:00:00.0,6.889972643917366
490,29,2,2040-02-11T09:00:00.0,6.889972643917366
491,29,2,2040-02-11T10:00:00.0,6.889972643917366
492,29,2,2040-02-11T11:00:00.0,6.889972643917366
493,29,2,2040-02-11T12:00:00.0,6.889972643917366
494,29,2,2040-02-11T13:00:00.0,6.889972643917366
495,29,2,2040-02-11T14:00:00.0,6.889972643917366
496,29,2,2040-02-11T15:00:00.0,6.889972643917366
497,29,2,2040-02-11T16:00:00.0,6.889972643917366
498,29,2,2040-02-11T17:00:00.0,6.889972643917366
499,29,2,2040-02-11T18:00:00.0,6.889972643917366
500,29,2,2040-02-11T19:00:00.0,6.889972643917366
501,29,2,2040-02-11T20:00:00.0,6.889972643917366
502,29,2,2040-02-11T21:00:00.0,6.889972643917366
503,29,2,2040-02-11T22:00:00.0,6.889972643917366
504,29,2,2040-02-11T23:00:00.0,6.889972643917366
505,30,2,2040-02-09T00:00:00.0,1.4288054574084719
506,30,2,2040-02-09T01:00:00.0,1.4288054574084719
507,30,2,2040-02-09T02:00:00.0,1.4288054574084719
508,30,2,2040-02-09T03:00:00.0,1.4288054574084719
509,30,2,2040-02-09T04:00:00.0,1.4288054574084719
510,30,2,2040-02-09T05:00:00.0,1.4288054574084719
511,30,2,2040-02-09T06:00:00.0,1.4288054574084719
512,30,2,2040-02-09T07:00:00.0,1.4288054574084719
513,30,2,2040-02-09T08:00:00.0,1.4288054574084719
514,30,2,2040-02-09T09:00:00.0,1.4288054574084719
515,30,2,2040-02-09T10:00:00.0,1.4288054574084719
516,30,2,2040-02-09T11:00:00.0,1.4288054574084719
517,30,2,2040-02-09T12:00:00.0,1.4288054574084719
518,30,2,2040-02-09T13:00:00.0,1.4288054574084719
519,30,2,2040-02-09T14:00:00.0,1.4288054574084719
520,30,2,2040-02-09T15:00:00.0,1.4288054574084719
521,30,2,2040-02-09T16:00:00.0,1.4288054574084719
522,30,2,2040-02-09T17:00:00.0,1.4288054574084719
523,30,2,2040-02-09T18:00:00.0,1.4288054574084719
524,30,2,2040-02-09T19:00:00.0,1.4288054574084719
525,30,2,2040-02-09T20:00:00.0,1.4288054574084719
526,30,2,2040-02-09T21:00:00.0,1.4288054574084719
527,30,2,2040-02-09T22:00:00.0,1.4288054574084719
528,30,2,2040-02-09T23:00:00.0,1.4288054574084719
529,30,2,2040-02-10T00:00:00.0,1.4288054574084719
530,30,2,2040-02-10T01:00:00.0,1.4288054574084719
531,30,2,2040-02-10T02:00:00.0,1.4288054574084719
532,30,2,2040-02-10T03:00:00.0,1.4288054574084719
533,30,2,2040-02-10T04:00:00.0,1.4288054574084719
534,30,2,2040-02-10T05:00:00.0,1.4288054574084719
535,30,2,2040-02-10T06:00:00.0,1.4288054574084719
536,30,2,2040-02-10T07:00:00.0,1.4288054574084719
537,30,2,2040-02-10T08:00:00.0,1.4288054574084719
538,30,2,2040-02-10T09:00:00.0,1.4288054574084719
539,30,2,2040-02-10T10:00:00.0,1.4288054574084719
540,30,2,2040-02-10T11:00:00.0,1.4288054574084719
541,30,2,2040-02-10T12:00:00.0,1.4288054574084719
542,30,2,2040-02-10T13:00:00.0,1.4288054574084719
543,30,2,2040-02-10T14:00:00.0,1.4288054574084719
544,30,2,2040-02-10T15:00:00.0,1.4288054574084719
545,30,2,2040-02-10T16:00:00.0,1.4288054574084719
546,30,2,2040-02-10T17:00:00.0,1.4288054574084719
547,30,2,2040-02-10T18:00:00.0,1.4288054574084719
548,30,2,2040-02-10T19:00:00.0,1.4288054574084719
549,30,2,2040-02-10T20:00:00.0,1.4288054574084719
550,30,2,2040-02-10T21:00:00.0,1.4288054574084719
551,30,2,2040-02-10T22:00:00.0,1.4288054574084719
552,30,2,2040-02-10T23:00:00.0,1.4288054574084719
553,30,2,2040-02-11T00:00:00.0,1.4288054574084719
554,30,2,2040-02-11T01:00:00.0,1.4288054574084719
555,30,2,2040-02-11T02:00:00.0,1.4288054574084719
556,30,2,2040-02-11T03:00:00.0,1.4288054574084719
557,30,2,2040-02-11T04:00:00.0,1.4288054574084719
558,30,2,2040-02-11T05:00:00.0,1.4288054574084719
559,30,2,2040-02-11T06:00:00.0,1.4288054574084719
560,30,2,2040-02-11T07:00:00.0,1.4288054574084719
561,30,2,2040-02-11T08:00:00.0,1.4288054574084719
562,30,2,2040-02-11T09:00:00.0,1.4288054574084719
563,30,2,2040-02-11T10:00:00.0,1.4288054574084719
564,30,2,2040-02-11T11:00:00.0,1.4288054574084719
565,30,2,2040-02-11T12:00:00.0,1.4288054574084719
566,30,2,2040-02-11T13:00:00.0,1.4288054574084719
567,30,2,2040-02-11T14:00:00.0,1.4288054574084719
568,30,2,2040-02-11T15:00:00.0,1.4288054574084719
569,30,2,2040-02-11T16:00:00.0,1.4288054574084719
570,30,2,2040-02-11T17:00:00.0,1.4288054574084719
571,30,2,2040-02-11T18:00:00.0,1.4288054574084719
572,30,2,2040-02-11T19:00:00.0,1.4288054574084719
573,30,2,2040-02-11T20:00:00.0,1.4288054574084719
574,30,2,2040-02-11T21:00:00.0,1.4288054574084719
575,30,2,2040-02-11T22:00:00.0,1.4288054574084719
576,30,2,2040-02-11T23:00:00.0,1.4288054574084719
577,31,2,2040-02-09T00:00:00.0,5.00390543258496
578,31,2,2040-02-09T01:00:00.0,5.00390543258496
579,31,2,2040-02-09T02:00:00.0,5.00390543258496
580,31,2,2040-02-09T03:00:00.0,5.00390543258496
581,31,2,2040-02-09T04:00:00.0,5.00390543258496
582,31,2,2040-02-09T05:00:00.0,5.00390543258496
583,31,2,2040-02-09T06:00:00.0,5.00390543258496
584,31,2,2040-02-09T07:00:00.0,5.00390543258496
585,31,2,2040-02-09T08:00:00.0,5.00390543258496
586,31,2,2040-02-09T09:00:00.0,5.00390543258496
587,31,2,2040-02-09T10:00:00.0,5.00390543258496
588,31,2,2040-02-09T11:00:00.0,5.00390543258496
589,31,2,2040-02-09T12:00:00.0,5.00390543258496
590,31,2,2040-02-09T13:00:00.0,5.00390543258496
591,31,2,2040-02-09T14:00:00.0,5.00390543258496
592,31,2,2040-02-09T15:00:00.0,5.00390543258496
593,31,2,2040-02-09T16:00:00.0,5.00390543258496
594,31,2,2040-02-09T17:00:00.0,5.00390543258496
595,31,2,2040-02-09T18:00:00.0,5.00390543258496
596,31,2,2040-02-09T19:00:00.0,5.00390543258496
597,31,2,2040-02-09T20:00:00.0,5.00390543258496
598,31,2,2040-02-09T21:00:00.0,5.00390543258496
599,31,2,2040-02-09T22:00:00.0,5.00390543258496
600,31,2,2040-02-09T23:00:00.0,5.00390543258496
601,31,2,2040-02-10T00:00:00.0,5.00390543258496
602,31,2,2040-02-10T01:00:00.0,5.00390543258496
603,31,2,2040-02-10T02:00:00.0,5.00390543258496
604,31,2,2040-02-10T03:00:00.0,5.00390543258496
605,31,2,2040-02-10T04:00:00.0,5.00390543258496
606,31,2,2040-02-10T05:00:00.0,5.00390543258496
607,31,2,2040-02-10T06:00:00.0,5.00390543258496
608,31,2,2040-02-10T07:00:00.0,5.00390543258496
609,31,2,2040-02-10T08:00:00.0,5.00390543258496
610,31,2,2040-02-10T09:00:00.0,5.00390543258496
611,31,2,2040-02-10T10:00:00.0,5.00390543258496
612,31,2,2040-02-10T11:00:00.0,5.00390543258496
613,31,2,2040-02-10T12:00:00.0,5.00390543258496
614,31,2,2040-02-10T13:00:00.0,5.00390543258496
615,31,2,2040-02-10T14:00:00.0,5.00390543258496
616,31,2,2040-02-10T15:00:00.0,5.00390543258496
617,31,2,2040-02-10T16:00:00.0,5.00390543258496
618,31,2,2040-02-10T17:00:00.0,5.00390543258496
619,31,2,2040-02-10T18:00:00.0,5.00390543258496
620,31,2,2040-02-10T19:00:00.0,5.00390543258496
621,31,2,2040-02-10T20:00:00.0,5.00390543258496
622,31,2,2040-02-10T21:00:00.0,5.00390543258496
623,31,2,2040-02-10T22:00:00.0,5.00390543258496
624,31,2,2040-02-10T23:00:00.0,5.00390543258496
625,31,2,2040-02-11T00:00:00.0,5.00390543258496
626,31,2,2040-02-11T01:00:00.0,5.00390543258496
627,31,2,2040-02-11T02:00:00.0,5.00390543258496
628,31,2,2040-02-11T03:00:00.0,5.00390543258496
629,31,2,2040-02-11T04:00:00.0,5.00390543258496
630,31,2,2040-02-11T05:00:00.0,5.00390543258496
631,31,2,2040-02-11T06:00:00.0,5.00390543258496
632,31,2,2040-02-11T07:00:00.0,5.00390543258496
633,31,2,2040-02-11T08:00:00.0,5.00390543258496
634,31,2,2040-02-11T09:00:00.0,5.00390543258496
635,31,2,2040-02-11T10:00:00.0,5.00390543258496
636,31,2,2040-02-11T11:00:00.0,5.00390543258496
637,31,2,2040-02-11T12:00:00.0,5.00390543258496
638,31,2,2040-02-11T13:00:00.0,5.00390543258496
639,31,2,2040-02-11T14:00:00.0,5.00390543258496
640,31,2,2040-02-11T15:00:00.0,5.00390543258496
641,31,2,2040-02-11T16:00:00.0,5.00390543258496
642,31,2,2040-02-11T17:00:00.0,5.00390543258496
643,31,2,2040-02-11T18:00:00.0,5.00390543258496
644,31,2,2040-02-11T19:00:00.0,5.00390543258496
645,31,2,2040-02-11T20:00:00.0,5.00390543258496
646,31,2,2040-02-11T21:00:00.0,5.00390543258496
647,31,2,2040-02-11T22:00:00.0,5.00390543258496
648,31,2,2040-02-11T23:00:00.0,5.00390543258496
649,32,2,2040-02-09T00:00:00.0,0.3201565708949742
650,32,2,2040-02-09T01:00:00.0,0.3201565708949742
651,32,2,2040-02-09T02:00:00.0,0.3201565708949742
652,32,2,2040-02-09T03:00:00.0,0.3201565708949742
653,32,2,2040-02-09T04:00:00.0,0.3201565708949742
654,32,2,2040-02-09T05:00:00.0,0.3201565708949742
655,32,2,2040-02-09T06:00:00.0,0.3201565708949742
656,32,2,2040-02-09T07:00:00.0,0.3201565708949742
657,32,2,2040-02-09T08:00:00.0,0.3201565708949742
658,32,2,2040-02-09T09:00:00.0,0.3201565708949742
659,32,2,2040-02-09T10:00:00.0,0.3201565708949742
660,32,2,2040-02-09T11:00:00.0,0.3201565708949742
661,32,2,2040-02-09T12:00:00.0,0.3201565708949742
662,32,2,2040-02-09T13:00:00.0,0.3201565708949742
663,32,2,2040-02-09T14:00:00.0,0.3201565708949742
664,32,2,2040-02-09T15:00:00.0,0.3201565708949742
665,32,2,2040-02-09T16:00:00.0,0.3201565708949742
666,32,2,2040-02-09T17:00:00.0,0.3201565708949742
667,32,2,2040-02-09T18:00:00.0,0.3201565708949742
668,32,2,2040-02-09T19:00:00.0,0.3201565708949742
669,32,2,2040-02-09T20:00:00.0,0.3201565708949742
670,32,2,2040-02-09T21:00:00.0,0.3201565708949742
671,32,2,2040-02-09T22:00:00.0,0.3201565708949742
672,32,2,2040-02-09T23:00:00.0,0.3201565708949742
673,32,2,2040-02-10T00:00:00.0,0.3201565708949742
674,32,2,2040-02-10T01:00:00.0,0.3201565708949742
675,32,2,2040-02-10T02:00:00.0,0.3201565708949742
676,32,2,2040-02-10T03:00:00.0,0.3201565708949742
677,32,2,2040-02-10T04:00:00.0,0.3201565708949742
678,32,2,2040-02-10T05:00:00.0,0.3201565708949742
679,32,2,2040-02-10T06:00:00.0,0.3201565708949742
680,32,2,2040-02-10T07:00:00.0,0.3201565708949742
681,32,2,2040-02-10T08:00:00.0,0.3201565708949742
682,32,2,2040-02-10T09:00:00.0,0.3201565708949742
683,32,2,2040-02-10T10:00:00.0,0.3201565708949742
684,32,2,2040-02-10T11:00:00.0,0.3201565708949742
685,32,2,2040-02-10T12:00:00.0,0.3201565708949742
686,32,2,2040-02-10T13:00:00.0,0.3201565708949742
687,32,2,2040-02-10T14:00:00.0,0.3201565708949742
688,32,2,2040-02-10T15:00:00.0,0.3201565708949742
689,32,2,2040-02-10T16:00:00.0,0.3201565708949742
690,32,2,2040-02-10T17:00:00.0,0.3201565708949742
691,32,2,2040-02-10T18:00:00.0,0.3201565708949742
692,32,2,2040-02-10T19:00:00.0,0.3201565708949742
693,32,2,2040-02-10T20:00:00.0,0.3201565708949742
694,32,2,2040-02-10T21:00:00.0,0.3201565708949742
695,32,2,2040-02-10T22:00:00.0,0.3201565708949742
696,32,2,2040-02-10T23:00:00.0,0.3201565708949742
697,32,2,2040-02-11T00:00:00.0,0.3201565708949742
698,32,2,2040-02-11T01:00:00.0,0.3201565708949742
699,32,2,2040-02-11T02:00:00.0,0.3201565708949742
700,32,2,2040-02-11T03:00:00.0,0.3201565708949742
701,32,2,2040-02-11T04:00:00.0,0.3201565708949742
702,32,2,2040-02-11T05:00:00.0,0.3201565708949742
703,32,2,2040-02-11T06:00:00.0,0.3201565708949742
704,32,2,2040-02-11T07:00:00.0,0.3201565708949742
705,32,2,2040-02-11T08:00:00.0,0.3201565708949742
706,32,2,2040-02-11T09:00:00.0,0.3201565708949742
707,32,2,2040-02-11T10:00:00.0,0.3201565708949742
708,32,2,2040-02-11T11:00:00.0,0.3201565708949742
709,32,2,2040-02-11T12:00:00.0,0.3201565708949742
710,32,2,2040-02-11T13:00:00.0,0.3201565708949742
711,32,2,2040-02-11T14:00:00.0,0.3201565708949742
712,32,2,2040-02-11T15:00:00.0,0.3201565708949742
713,32,2,2040-02-11T16:00:00.0,0.3201565708949742
714,32,2,2040-02-11T17:00:00.0,0.3201565708949742
715,32,2,2040-02-11T18:00:00.0,0.3201565708949742
716,32,2,2040-02-11T19:00:00.0,0.3201565708949742
717,32,2,2040-02-11T20:00:00.0,0.3201565708949742
718,32,2,2040-02-11T21:00:00.0,0.3201565708949742
719,32,2,2040-02-11T22:00:00.0,0.3201565708949742
720,32,2,2040-02-11T23:00:00.0,0.3201565708949742
721,33,2,2040-02-09T00:00:00.0,56.7917747124336
722,33,2,2040-02-09T01:00:00.0,56.7917747124336
723,33,2,2040-02-09T02:00:00.0,56.7917747124336
724,33,2,2040-02-09T03:00:00.0,56.7917747124336
725,33,2,2040-02-09T04:00:00.0,56.7917747124336
726,33,2,2040-02-09T05:00:00.0,56.7917747124336
727,33,2,2040-02-09T06:00:00.0,56.7917747124336
728,33,2,2040-02-09T07:00:00.0,56.7917747124336
729,33,2,2040-02-09T08:00:00.0,56.7917747124336
730,33,2,2040-02-09T09:00:00.0,56.7917747124336
731,33,2,2040-02-09T10:00:00.0,56.7917747124336
732,33,2,2040-02-09T11:00:00.0,56.7917747124336
733,33,2,2040-02-09T12:00:00.0,56.7917747124336
734,33,2,2040-02-09T13:00:00.0,56.7917747124336
735,33,2,2040-02-09T14:00:00.0,56.7917747124336
736,33,2,2040-02-09T15:00:00.0,56.7917747124336
737,33,2,2040-02-09T16:00:00.0,56.7917747124336
738,33,2,2040-02-09T17:00:00.0,56.7917747124336
739,33,2,2040-02-09T18:00:00.0,56.7917747124336
740,33,2,2040-02-09T19:00:00.0,56.7917747124336
741,33,2,2040-02-09T20:00:00.0,56.7917747124336
742,33,2,2040-02-09T21:00:00.0,56.7917747124336
743,33,2,2040-02-09T22:00:00.0,56.7917747124336
744,33,2,2040-02-09T23:00:00.0,56.7917747124336
745,33,2,2040-02-10T00:00:00.0,56.7917747124336
746,33,2,2040-02-10T01:00:00.0,56.7917747124336
747,33,2,2040-02-10T02:00:00.0,56.7917747124336
748,33,2,2040-02-10T03:00:00.0,56.7917747124336
749,33,2,2040-02-10T04:00:00.0,56.7917747124336
750,33,2,2040-02-10T05:00:00.0,56.7917747124336
751,33,2,2040-02-10T06:00:00.0,56.7917747124336
752,33,2,2040-02-10T07:00:00.0,56.7917747124336
753,33,2,2040-02-10T08:00:00.0,56.7917747124336
754,33,2,2040-02-10T09:00:00.0,56.7917747124336
755,33,2,2040-02-10T10:00:00.0,56.7917747124336
756,33,2,2040-02-10T11:00:00.0,56.7917747124336
757,33,2,2040-02-10T12:00:00.0,56.7917747124336
758,33,2,2040-02-10T13:00:00.0,56.7917747124336
759,33,2,2040-02-10T14:00:00.0,56.7917747124336
760,33,2,2040-02-10T15:00:00.0,56.7917747124336
761,33,2,2040-02-10T16:00:00.0,56.7917747124336
762,33,2,2040-02-10T17:00:00.0,56.7917747124336
763,33,2,2040-02-10T18:00:00.0,56.7917747124336
764,33,2,2040-02-10T19:00:00.0,56.7917747124336
765,33,2,2040-02-10T20:00:00.0,56.7917747124336
766,33,2,2040-02-10T21:00:00.0,56.7917747124336
767,33,2,2040-02-10T22:00:00.0,56.7917747124336
768,33,2,2040-02-10T23:00:00.0,56.7917747124336
769,33,2,2040-02-11T00:00:00.0,56.7917747124336
770,33,2,2040-02-11T01:00:00.0,56.7917747124336
771,33,2,2040-02-11T02:00:00.0,56.7917747124336
772,33,2,2040-02-11T03:00:00.0,56.7917747124336
773,33,2,2040-02-11T04:00:00.0,56.7917747124336
774,33,2,2040-02-11T05:00:00.0,56.7917747124336
775,33,2,2040-02-11T06:00:00.0,56.7917747124336
776,33,2,2040-02-11T07:00:00.0,56.7917747124336
777,33,2,2040-02-11T08:00:00.0,56.7917747124336
778,33,2,2040-02-11T09:00:00.0,56.7917747124336
779,33,2,2040-02-11T10:00:00.0,56.7917747124336
780,33,2,2040-02-11T11:00:00.0,56.7917747124336
781,33,2,2040-02-11T12:00:00.0,56.7917747124336
782,33,2,2040-02-11T13:00:00.0,56.7917747124336
783,33,2,2040-02-11T14:00:00.0,56.7917747124336
784,33,2,2040-02-11T15:00:00.0,56.7917747124336
785,33,2,2040-02-11T16:00:00.0,56.7917747124336
786,33,2,2040-02-11T17:00:00.0,56.7917747124336
787,33,2,2040-02-11T18:00:00.0,56.7917747124336
788,33,2,2040-02-11T19:00:00.0,56.7917747124336
789,33,2,2040-02-11T20:00:00.0,56.7917747124336
790,33,2,2040-02-11T21:00:00.0,56.7917747124336
791,33,2,2040-02-11T22:00:00.0,56.7917747124336
792,33,2,2040-02-11T23:00:00.0,56.7917747124336
793,34,2,2040-02-09T00:00:00.0,7.260841134042671
794,34,2,2040-02-09T01:00:00.0,7.260841134042671
795,34,2,2040-02-09T02:00:00.0,7.260841134042671
796,34,2,2040-02-09T03:00:00.0,7.260841134042671
797,34,2,2040-02-09T04:00:00.0,7.260841134042671
798,34,2,2040-02-09T05:00:00.0,7.260841134042671
799,34,2,2040-02-09T06:00:00.0,7.260841134042671
800,34,2,2040-02-09T07:00:00.0,7.260841134042671
801,34,2,2040-02-09T08:00:00.0,7.260841134042671
802,34,2,2040-02-09T09:00:00.0,7.260841134042671
803,34,2,2040-02-09T10:00:00.0,7.260841134042671
804,34,2,2040-02-09T11:00:00.0,7.260841134042671
805,34,2,2040-02-09T12:00:00.0,7.260841134042671
806,34,2,2040-02-09T13:00:00.0,7.260841134042671
807,34,2,2040-02-09T14:00:00.0,7.260841134042671
808,34,2,2040-02-09T15:00:00.0,7.260841134042671
809,34,2,2040-02-09T16:00:00.0,7.260841134042671
810,34,2,2040-02-09T17:00:00.0,7.260841134042671
811,34,2,2040-02-09T18:00:00.0,7.260841134042671
812,34,2,2040-02-09T19:00:00.0,7.260841134042671
813,34,2,2040-02-09T20:00:00.0,7.260841134042671
814,34,2,2040-02-09T21:00:00.0,7.260841134042671
815,34,2,2040-02-09T22:00:00.0,7.260841134042671
816,34,2,2040-02-09T23:00:00.0,7.260841134042671
817,34,2,2040-02-10T00:00:00.0,7.260841134042671
818,34,2,2040-02-10T01:00:00.0,7.260841134042671
819,34,2,2040-02-10T02:00:00.0,7.260841134042671
820,34,2,2040-02-10T03:00:00.0,7.260841134042671
821,34,2,2040-02-10T04:00:00.0,7.260841134042671
822,34,2,2040-02-10T05:00:00.0,7.260841134042671
823,34,2,2040-02-10T06:00:00.0,7.260841134042671
824,34,2,2040-02-10T07:00:00.0,7.260841134042671
825,34,2,2040-02-10T08:00:00.0,7.260841134042671
826,34,2,2040-02-10T09:00:00.0,7.260841134042671
827,34,2,2040-02-10T10:00:00.0,7.260841134042671
828,34,2,2040-02-10T11:00:00.0,7.260841134042671
829,34,2,2040-02-10T12:00:00.0,7.260841134042671
830,34,2,2040-02-10T13:00:00.0,7.260841134042671
831,34,2,2040-02-10T14:00:00.0,7.260841134042671
832,34,2,2040-02-10T15:00:00.0,7.260841134042671
833,34,2,2040-02-10T16:00:00.0,7.260841134042671
834,34,2,2040-02-10T17:00:00.0,7.260841134042671
835,34,2,2040-02-10T18:00:00.0,7.260841134042671
836,34,2,2040-02-10T19:00:00.0,7.260841134042671
837,34,2,2040-02-10T20:00:00.0,7.260841134042671
838,34,2,2040-02-10T21:00:00.0,7.260841134042671
839,34,2,2040-02-10T22:00:00.0,7.260841134042671
840,34,2,2040-02-10T23:00:00.0,7.260841134042671
841,34,2,2040-02-11T00:00:00.0,7.260841134042671
842,34,2,2040-02-11T01:00:00.0,7.260841134042671
843,34,2,2040-02-11T02:00:00.0,7.260841134042671
844,34,2,2040-02-11T03:00:00.0,7.260841134042671
845,34,2,2040-02-11T04:00:00.0,7.260841134042671
846,34,2,2040-02-11T05:00:00.0,7.260841134042671
847,34,2,2040-02-11T06:00:00.0,7.260841134042671
848,34,2,2040-02-11T07:00:00.0,7.260841134042671
849,34,2,2040-02-11T08:00:00.0,7.260841134042671
850,34,2,2040-02-11T09:00:00.0,7.260841134042671
851,34,2,2040-02-11T10:00:00.0,7.260841134042671
852,34,2,2040-02-11T11:00:00.0,7.260841134042671
853,34,2,2040-02-11T12:00:00.0,7.260841134042671
854,34,2,2040-02-11T13:00:00.0,7.260841134042671
855,34,2,2040-02-11T14:00:00.0,7.260841134042671
856,34,2,2040-02-11T15:00:00.0,7.260841134042671
857,34,2,2040-02-11T16:00:00.0,7.260841134042671
858,34,2,2040-02-11T17:00:00.0,7.260841134042671
859,34,2,2040-02-11T18:00:00.0,7.260841134042671
860,34,2,2040-02-11T19:00:00.0,7.260841134042671
861,34,2,2040-02-11T20:00:00.0,7.260841134042671
862,34,2,2040-02-11T21:00:00.0,7.260841134042671
863,34,2,2040-02-11T22:00:00.0,7.260841134042671
864,34,2,2040-02-11T23:00:00.0,7.260841134042671
865,35,2,2040-02-09T00:00:00.0,9.531880694721782
866,35,2,2040-02-09T01:00:00.0,9.531880694721782
867,35,2,2040-02-09T02:00:00.0,9.531880694721782
868,35,2,2040-02-09T03:00:00.0,9.531880694721782
869,35,2,2040-02-09T04:00:00.0,9.531880694721782
870,35,2,2040-02-09T05:00:00.0,9.531880694721782
871,35,2,2040-02-09T06:00:00.0,9.531880694721782
872,35,2,2040-02-09T07:00:00.0,9.531880694721782
873,35,2,2040-02-09T08:00:00.0,9.531880694721782
874,35,2,2040-02-09T09:00:00.0,9.531880694721782
875,35,2,2040-02-09T10:00:00.0,9.531880694721782
876,35,2,2040-02-09T11:00:00.0,9.531880694721782
877,35,2,2040-02-09T12:00:00.0,9.531880694721782
878,35,2,2040-02-09T13:00:00.0,9.531880694721782
879,35,2,2040-02-09T14:00:00.0,9.531880694721782
880,35,2,2040-02-09T15:00:00.0,9.531880694721782
881,35,2,2040-02-09T16:00:00.0,9.531880694721782
882,35,2,2040-02-09T17:00:00.0,9.531880694721782
883,35,2,2040-02-09T18:00:00.0,9.531880694721782
884,35,2,2040-02-09T19:00:00.0,9.531880694721782
885,35,2,2040-02-09T20:00:00.0,9.531880694721782
886,35,2,2040-02-09T21:00:00.0,9.531880694721782
887,35,2,2040-02-09T22:00:00.0,9.531880694721782
888,35,2,2040-02-09T23:00:00.0,9.531880694721782
889,35,2,2040-02-10T00:00:00.0,9.531880694721782
890,35,2,2040-02-10T01:00:00.0,9.531880694721782
891,35,2,2040-02-10T02:00:00.0,9.531880694721782
892,35,2,2040-02-10T03:00:00.0,9.531880694721782
893,35,2,2040-02-10T04:00:00.0,9.531880694721782
894,35,2,2040-02-10T05:00:00.0,9.531880694721782
895,35,2,2040-02-10T06:00:00.0,9.531880694721782
896,35,2,2040-02-10T07:00:00.0,9.531880694721782
897,35,2,2040-02-10T08:00:00.0,9.531880694721782
898,35,2,2040-02-10T09:00:00.0,9.531880694721782
899,35,2,2040-02-10T10:00:00.0,9.531880694721782
900,35,2,2040-02-10T11:00:00.0,9.531880694721782
901,35,2,2040-02-10T12:00:00.0,9.531880694721782
902,35,2,2040-02-10T13:00:00.0,9.531880694721782
903,35,2,2040-02-10T14:00:00.0,9.531880694721782
904,35,2,2040-02-10T15:00:00.0,9.531880694721782
905,35,2,2040-02-10T16:00:00.0,9.531880694721782
906,35,2,2040-02-10T17:00:00.0,9.531880694721782
907,35,2,2040-02-10T18:00:00.0,9.531880694721782
908,35,2,2040-02-10T19:00:00.0,9.531880694721782
909,35,2,2040-02-10T20:00:00.0,9.531880694721782
910,35,2,2040-02-10T21:00:00.0,9.531880694721782
911,35,2,2040-02-10T22:00:00.0,9.531880694721782
912,35,2,2040-02-10T23:00:00.0,9.531880694721782
913,35,2,2040-02-11T00:00:00.0,9.531880694721782
914,35,2,2040-02-11T01:00:00.0,9.531880694721782
915,35,2,2040-02-11T02:00:00.0,9.531880694721782
916,35,2,2040-02-11T03:00:00.0,9.531880694721782
917,35,2,2040-02-11T04:00:00.0,9.531880694721782
918,35,2,2040-02-11T05:00:00.0,9.531880694721782
919,35,2,2040-02-11T06:00:00.0,9.531880694721782
920,35,2,2040-02-11T07:00:00.0,9.531880694721782
921,35,2,2040-02-11T08:00:00.0,9.531880694721782
922,35,2,2040-02-11T09:00:00.0,9.531880694721782
923,35,2,2040-02-11T10:00:00.0,9.531880694721782
924,35,2,2040-02-11T11:00:00.0,9.531880694721782
925,35,2,2040-02-11T12:00:00.0,9.531880694721782
926,35,2,2040-02-11T13:00:00.0,9.531880694721782
927,35,2,2040-02-11T14:00:00.0,9.531880694721782
928,35,2,2040-02-11T15:00:00.0,9.531880694721782
929,35,2,2040-02-11T16:00:00.0,9.531880694721782
930,35,2,2040-02-11T17:00:00.0,9.531880694721782
931,35,2,2040-02-11T18:00:00.0,9.531880694721782
932,35,2,2040-02-11T19:00:00.0,9.531880694721782
933,35,2,2040-02-11T20:00:00.0,9.531880694721782
934,35,2,2040-02-11T21:00:00.0,9.531880694721782
935,35,2,2040-02-11T22:00:00.0,9.531880694721782
936,35,2,2040-02-11T23:00:00.0,9.531880694721782
937,36,2,2040-02-09T00:00:00.0,9.531880694721782
938,36,2,2040-02-09T01:00:00.0,9.531880694721782
939,36,2,2040-02-09T02:00:00.0,9.531880694721782
940,36,2,2040-02-09T03:00:00.0,9.531880694721782
941,36,2,2040-02-09T04:00:00.0,9.531880694721782
942,36,2,2040-02-09T05:00:00.0,9.531880694721782
943,36,2,2040-02-09T06:00:00.0,9.531880694721782
944,36,2,2040-02-09T07:00:00.0,9.531880694721782
945,36,2,2040-02-09T08:00:00.0,9.531880694721782
946,36,2,2040-02-09T09:00:00.0,9.531880694721782
947,36,2,2040-02-09T10:00:00.0,9.531880694721782
948,36,2,2040-02-09T11:00:00.0,9.531880694721782
949,36,2,2040-02-09T12:00:00.0,9.531880694721782
950,36,2,2040-02-09T13:00:00.0,9.531880694721782
951,36,2,2040-02-09T14:00:00.0,9.531880694721782
952,36,2,2040-02-09T15:00:00.0,9.531880694721782
953,36,2,2040-02-09T16:00:00.0,9.531880694721782
954,36,2,2040-02-09T17:00:00.0,9.531880694721782
955,36,2,2040-02-09T18:00:00.0,9.531880694721782
956,36,2,2040-02-09T19:00:00.0,9.531880694721782
957,36,2,2040-02-09T20:00:00.0,9.531880694721782
958,36,2,2040-02-09T21:00:00.0,9.531880694721782
959,36,2,2040-02-09T22:00:00.0,9.531880694721782
960,36,2,2040-02-09T23:00:00.0,9.531880694721782
961,36,2,2040-02-10T00:00:00.0,9.531880694721782
962,36,2,2040-02-10T01:00:00.0,9.531880694721782
963,36,2,2040-02-10T02:00:00.0,9.531880694721782
964,36,2,2040-02-10T03:00:00.0,9.531880694721782
965,36,2,2040-02-10T04:00:00.0,9.531880694721782
966,36,2,2040-02-10T05:00:00.0,9.531880694721782
967,36,2,2040-02-10T06:00:00.0,9.531880694721782
968,36,2,2040-02-10T07:00:00.0,9.531880694721782
969,36,2,2040-02-10T08:00:00.0,9.531880694721782
970,36,2,2040-02-10T09:00:00.0,9.531880694721782
971,36,2,2040-02-10T10:00:00.0,9.531880694721782
972,36,2,2040-02-10T11:00:00.0,9.531880694721782
973,36,2,2040-02-10T12:00:00.0,9.531880694721782
974,36,2,2040-02-10T13:00:00.0,9.531880694721782
975,36,2,2040-02-10T14:00:00.0,9.531880694721782
976,36,2,2040-02-10T15:00:00.0,9.531880694721782
977,36,2,2040-02-10T16:00:00.0,9.531880694721782
978,36,2,2040-02-10T17:00:00.0,9.531880694721782
979,36,2,2040-02-10T18:00:00.0,9.531880694721782
980,36,2,2040-02-10T19:00:00.0,9.531880694721782
981,36,2,2040-02-10T20:00:00.0,9.531880694721782
982,36,2,2040-02-10T21:00:00.0,9.531880694721782
983,36,2,2040-02-10T22:00:00.0,9.531880694721782
984,36,2,2040-02-10T23:00:00.0,9.531880694721782
985,36,2,2040-02-11T00:00:00.0,9.531880694721782
986,36,2,2040-02-11T01:00:00.0,9.531880694721782
987,36,2,2040-02-11T02:00:00.0,9.531880694721782
988,36,2,2040-02-11T03:00:00.0,9.531880694721782
989,36,2,2040-02-11T04:00:00.0,9.531880694721782
990,36,2,2040-02-11T05:00:00.0,9.531880694721782
991,36,2,2040-02-11T06:00:00.0,9.531880694721782
992,36,2,2040-02-11T07:00:00.0,9.531880694721782
993,36,2,2040-02-11T08:00:00.0,9.531880694721782
994,36,2,2040-02-11T09:00:00.0,9.531880694721782
995,36,2,2040-02-11T10:00:00.0,9.531880694721782
996,36,2,2040-02-11T11:00:00.0,9.531880694721782
997,36,2,2040-02-11T12:00:00.0,9.531880694721782
998,36,2,2040-02-11T13:00:00.0,9.531880694721782
999,36,2,2040-02-11T14:00:00.0,9.531880694721782
1000,36,2,2040-02-11T15:00:00.0,9.531880694721782
1001,36,2,2040-02-11T16:00:00.0,9.531880694721782
1002,36,2,2040-02-11T17:00:00.0,9.531880694721782
1003,36,2,2040-02-11T18:00:00.0,9.531880694721782
1004,36,2,2040-02-11T19:00:00.0,9.531880694721782
1005,36,2,2040-02-11T20:00:00.0,9.531880694721782
1006,36,2,2040-02-11T21:00:00.0,9.531880694721782
1007,36,2,2040-02-11T22:00:00.0,9.531880694721782
1008,36,2,2040-02-11T23:00:00.0,9.531880694721782
1009,37,2,2040-02-09T00:00:00.0,56.79177471243359
1010,37,2,2040-02-09T01:00:00.0,56.79177471243359
1011,37,2,2040-02-09T02:00:00.0,56.79177471243359
1012,37,2,2040-02-09T03:00:00.0,56.79177471243359
1013,37,2,2040-02-09T04:00:00.0,56.79177471243359
1014,37,2,2040-02-09T05:00:00.0,56.79177471243359
1015,37,2,2040-02-09T06:00:00.0,56.79177471243359
1016,37,2,2040-02-09T07:00:00.0,56.79177471243359
1017,37,2,2040-02-09T08:00:00.0,56.79177471243359
1018,37,2,2040-02-09T09:00:00.0,56.79177471243359
1019,37,2,2040-02-09T10:00:00.0,56.79177471243359
1020,37,2,2040-02-09T11:00:00.0,56.79177471243359
1021,37,2,2040-02-09T12:00:00.0,56.79177471243359
1022,37,2,2040-02-09T13:00:00.0,56.79177471243359
1023,37,2,2040-02-09T14:00:00.0,56.79177471243359
1024,37,2,2040-02-09T15:00:00.0,56.79177471243359
1025,37,2,2040-02-09T16:00:00.0,56.79177471243359
1026,37,2,2040-02-09T17:00:00.0,56.79177471243359
1027,37,2,2040-02-09T18:00:00.0,56.79177471243359
1028,37,2,2040-02-09T19:00:00.0,56.79177471243359
1029,37,2,2040-02-09T20:00:00.0,56.79177471243359
1030,37,2,2040-02-09T21:00:00.0,56.79177471243359
1031,37,2,2040-02-09T22:00:00.0,56.79177471243359
1032,37,2,2040-02-09T23:00:00.0,56.79177471243359
1033,37,2,2040-02-10T00:00:00.0,56.79177471243359
1034,37,2,2040-02-10T01:00:00.0,56.79177471243359
1035,37,2,2040-02-10T02:00:00.0,56.79177471243359
1036,37,2,2040-02-10T03:00:00.0,56.79177471243359
1037,37,2,2040-02-10T04:00:00.0,56.79177471243359
1038,37,2,2040-02-10T05:00:00.0,56.79177471243359
1039,37,2,2040-02-10T06:00:00.0,56.79177471243359
1040,37,2,2040-02-10T07:00:00.0,56.79177471243359
1041,37,2,2040-02-10T08:00:00.0,56.79177471243359
1042,37,2,2040-02-10T09:00:00.0,56.79177471243359
1043,37,2,2040-02-10T10:00:00.0,56.79177471243359
1044,37,2,2040-02-10T11:00:00.0,56.79177471243359
1045,37,2,2040-02-10T12:00:00.0,56.79177471243359
1046,37,2,2040-02-10T13:00:00.0,56.79177471243359
1047,37,2,2040-02-10T14:00:00.0,56.79177471243359
1048,37,2,2040-02-10T15:00:00.0,56.79177471243359
1049,37,2,2040-02-10T16:00:00.0,56.79177471243359
1050,37,2,2040-02-10T17:00:00.0,56.79177471243359
1051,37,2,2040-02-10T18:00:00.0,56.79177471243359
1052,37,2,2040-02-10T19:00:00.0,56.79177471243359
1053,37,2,2040-02-10T20:00:00.0,56.79177471243359
1054,37,2,2040-02-10T21:00:00.0,56.79177471243359
1055,37,2,2040-02-10T22:00:00.0,56.79177471243359
1056,37,2,2040-02-10T23:00:00.0,56.79177471243359
1057,37,2,2040-02-11T00:00:00.0,56.79177471243359
1058,37,2,2040-02-11T01:00:00.0,56.79177471243359
1059,37,2,2040-02-11T02:00:00.0,56.79177471243359
1060,37,2,2040-02-11T03:00:00.0,56.79177471243359
1061,37,2,2040-02-11T04:00:00.0,56.79177471243359
1062,37,2,2040-02-11T05:00:00.0,56.79177471243359
1063,37,2,2040-02-11T06:00:00.0,56.79177471243359
1064,37,2,2040-02-11T07:00:00.0,56.79177471243359
1065,37,2,2040-02-11T08:00:00.0,56.79177471243359
1066,37,2,2040-02-11T09:00:00.0,56.79177471243359
1067,37,2,2040-02-11T10:00:00.0,56.79177471243359
1068,37,2,2040-02-11T11:00:00.0,56.79177471243359
1069,37,2,2040-02-11T12:00:00.0,56.79177471243359
1070,37,2,2040-02-11T13:00:00.0,56.79177471243359
1071,37,2,2040-02-11T14:00:00.0,56.79177471243359
1072,37,2,2040-02-11T15:00:00.0,56.79177471243359
1073,37,2,2040-02-11T16:00:00.0,56.79177471243359
1074,37,2,2040-02-11T17:00:00.0,56.79177471243359
1075,37,2,2040-02-11T18:00:00.0,56.79177471243359
1076,37,2,2040-02-11T19:00:00.0,56.79177471243359
1077,37,2,2040-02-11T20:00:00.0,56.79177471243359
1078,37,2,2040-02-11T21:00:00.0,56.79177471243359
1079,37,2,2040-02-11T22:00:00.0,56.79177471243359
1080,37,2,2040-02-11T23:00:00.0,56.79177471243359
1081,38,2,2040-02-09T00:00:00.0,4.113961865011415
1082,38,2,2040-02-09T01:00:00.0,4.113961865011415
1083,38,2,2040-02-09T02:00:00.0,4.113961865011415
1084,38,2,2040-02-09T03:00:00.0,4.113961865011415
1085,38,2,2040-02-09T04:00:00.0,4.113961865011415
1086,38,2,2040-02-09T05:00:00.0,4.113961865011415
1087,38,2,2040-02-09T06:00:00.0,4.113961865011415
1088,38,2,2040-02-09T07:00:00.0,4.113961865011415
1089,38,2,2040-02-09T08:00:00.0,4.113961865011415
1090,38,2,2040-02-09T09:00:00.0,4.113961865011415
1091,38,2,2040-02-09T10:00:00.0,4.113961865011415
1092,38,2,2040-02-09T11:00:00.0,4.113961865011415
1093,38,2,2040-02-09T12:00:00.0,4.113961865011415
1094,38,2,2040-02-09T13:00:00.0,4.113961865011415
1095,38,2,2040-02-09T14:00:00.0,4.113961865011415
1096,38,2,2040-02-09T15:00:00.0,4.113961865011415
1097,38,2,2040-02-09T16:00:00.0,4.113961865011415
1098,38,2,2040-02-09T17:00:00.0,4.113961865011415
1099,38,2,2040-02-09T18:00:00.0,4.113961865011415
1100,38,2,2040-02-09T19:00:00.0,4.113961865011415
1101,38,2,2040-02-09T20:00:00.0,4.113961865011415
1102,38,2,2040-02-09T21:00:00.0,4.113961865011415
1103,38,2,2040-02-09T22:00:00.0,4.113961865011415
1104,38,2,2040-02-09T23:00:00.0,4.113961865011415
1105,38,2,2040-02-10T00:00:00.0,4.113961865011415
1106,38,2,2040-02-10T01:00:00.0,4.113961865011415
1107,38,2,2040-02-10T02:00:00.0,4.113961865011415
1108,38,2,2040-02-10T03:00:00.0,4.113961865011415
1109,38,2,2040-02-10T04:00:00.0,4.113961865011415
1110,38,2,2040-02-10T05:00:00.0,4.113961865011415
1111,38,2,2040-02-10T06:00:00.0,4.113961865011415
1112,38,2,2040-02-10T07:00:00.0,4.113961865011415
1113,38,2,2040-02-10T08:00:00.0,4.113961865011415
1114,38,2,2040-02-10T09:00:00.0,4.113961865011415
1115,38,2,2040-02-10T10:00:00.0,4.113961865011415
1116,38,2,2040-02-10T11:00:00.0,4.113961865011415
1117,38,2,2040-02-10T12:00:00.0,4.113961865011415
1118,38,2,2040-02-10T13:00:00.0,4.113961865011415
1119,38,2,2040-02-10T14:00:00.0,4.113961865011415
1120,38,2,2040-02-10T15:00:00.0,4.113961865011415
1121,38,2,2040-02-10T16:00:00.0,4.113961865011415
1122,38,2,2040-02-10T17:00:00.0,4.113961865011415
1123,38,2,2040-02-10T18:00:00.0,4.113961865011415
1124,38,2,2040-02-10T19:00:00.0,4.113961865011415
1125,38,2,2040-02-10T20:00:00.0,4.113961865011415
1126,38,2,2040-02-10T21:00:00.0,4.113961865011415
1127,38,2,2040-02-10T22:00:00.0,4.113961865011415
1128,38,2,2040-02-10T23:00:00.0,4.113961865011415
1129,38,2,2040-02-11T00:00:00.0,4.113961865011415
1130,38,2,2040-02-11T01:00:00.0,4.113961865011415
1131,38,2,2040-02-11T02:00:00.0,4.113961865011415
1132,38,2,2040-02-11T03:00:00.0,4.113961865011415
1133,38,2,2040-02-11T04:00:00.0,4.113961865011415
1134,38,2,2040-02-11T05:00:00.0,4.113961865011415
1135,38,2,2040-02-11T06:00:00.0,4.113961865011415
1136,38,2,2040-02-11T07:00:00.0,4.113961865011415
1137,38,2,2040-02-11T08:00:00.0,4.113961865011415
1138,38,2,2040-02-11T09:00:00.0,4.113961865011415
1139,38,2,2040-02-11T10:00:00.0,4.113961865011415
1140,38,2,2040-02-11T11:00:00.0,4.113961865011415
1141,38,2,2040-02-11T12:00:00.0,4.113961865011415
1142,38,2,2040-02-11T13:00:00.0,4.113961865011415
1143,38,2,2040-02-11T14:00:00.0,4.113961865011415
1144,38,2,2040-02-11T15:00:00.0,4.113961865011415
1145,38,2,2040-02-11T16:00:00.0,4.113961865011415
1146,38,2,2040-02-11T17:00:00.0,4.113961865011415
1147,38,2,2040-02-11T18:00:00.0,4.113961865011415
1148,38,2,2040-02-11T19:00:00.0,4.113961865011415
1149,38,2,2040-02-11T20:00:00.0,4.113961865011415
1150,38,2,2040-02-11T21:00:00.0,4.113961865011415
1151,38,2,2040-02-11T22:00:00.0,4.113961865011415
1152,38,2,2040-02-11T23:00:00.0,4.113961865011415
1153,39,2,2040-02-09T00:00:00.0,12.778149310297557
1154,39,2,2040-02-09T01:00:00.0,12.778149310297557
1155,39,2,2040-02-09T02:00:00.0,12.778149310297557
1156,39,2,2040-02-09T03:00:00.0,12.778149310297557
1157,39,2,2040-02-09T04:00:00.0,12.778149310297557
1158,39,2,2040-02-09T05:00:00.0,12.778149310297557
1159,39,2,2040-02-09T06:00:00.0,12.778149310297557
1160,39,2,2040-02-09T07:00:00.0,12.778149310297557
1161,39,2,2040-02-09T08:00:00.0,12.778149310297557
1162,39,2,2040-02-09T09:00:00.0,12.778149310297557
1163,39,2,2040-02-09T10:00:00.0,12.778149310297557
1164,39,2,2040-02-09T11:00:00.0,12.778149310297557
1165,39,2,2040-02-09T12:00:00.0,12.778149310297557
1166,39,2,2040-02-09T13:00:00.0,12.778149310297557
1167,39,2,2040-02-09T14:00:00.0,12.778149310297557
1168,39,2,2040-02-09T15:00:00.0,12.778149310297557
1169,39,2,2040-02-09T16:00:00.0,12.778149310297557
1170,39,2,2040-02-09T17:00:00.0,12.778149310297557
1171,39,2,2040-02-09T18:00:00.0,12.778149310297557
1172,39,2,2040-02-09T19:00:00.0,12.778149310297557
1173,39,2,2040-02-09T20:00:00.0,12.778149310297557
1174,39,2,2040-02-09T21:00:00.0,12.778149310297557
1175,39,2,2040-02-09T22:00:00.0,12.778149310297557
1176,39,2,2040-02-09T23:00:00.0,12.778149310297557
1177,39,2,2040-02-10T00:00:00.0,12.778149310297557
1178,39,2,2040-02-10T01:00:00.0,12.778149310297557
1179,39,2,2040-02-10T02:00:00.0,12.778149310297557
1180,39,2,2040-02-10T03:00:00.0,12.778149310297557
1181,39,2,2040-02-10T04:00:00.0,12.778149310297557
1182,39,2,2040-02-10T05:00:00.0,12.778149310297557
1183,39,2,2040-02-10T06:00:00.0,12.778149310297557
1184,39,2,2040-02-10T07:00:00.0,12.778149310297557
1185,39,2,2040-02-10T08:00:00.0,12.778149310297557
1186,39,2,2040-02-10T09:00:00.0,12.778149310297557
1187,39,2,2040-02-10T10:00:00.0,12.778149310297557
1188,39,2,2040-02-10T11:00:00.0,12.778149310297557
1189,39,2,2040-02-10T12:00:00.0,12.778149310297557
1190,39,2,2040-02-10T13:00:00.0,12.778149310297557
1191,39,2,2040-02-10T14:00:00.0,12.778149310297557
1192,39,2,2040-02-10T15:00:00.0,12.778149310297557
1193,39,2,2040-02-10T16:00:00.0,12.778149310297557
1194,39,2,2040-02-10T17:00:00.0,12.778149310297557
1195,39,2,2040-02-10T18:00:00.0,12.778149310297557
1196,39,2,2040-02-10T19:00:00.0,12.778149310297557
1197,39,2,2040-02-10T20:00:00.0,12.778149310297557
1198,39,2,2040-02-10T21:00:00.0,12.778149310297557
1199,39,2,2040-02-10T22:00:00.0,12.778149310297557
1200,39,2,2040-02-10T23:00:00.0,12.778149310297557
1201,39,2,2040-02-11T00:00:00.0,12.778149310297557
1202,39,2,2040-02-11T01:00:00.0,12.778149310297557
1203,39,2,2040-02-11T02:00:00.0,12.778149310297557
1204,39,2,2040-02-11T03:00:00.0,12.778149310297557
1205,39,2,2040-02-11T04:00:00.0,12.778149310297557
1206,39,2,2040-02-11T05:00:00.0,12.778149310297557
1207,39,2,2040-02-11T06:00:00.0,12.778149310297557
1208,39,2,2040-02-11T07:00:00.0,12.778149310297557
1209,39,2,2040-02-11T08:00:00.0,12.778149310297557
1210,39,2,2040-02-11T09:00:00.0,12.778149310297557
1211,39,2,2040-02-11T10:00:00.0,12.778149310297557
1212,39,2,2040-02-11T11:00:00.0,12.778149310297557
1213,39,2,2040-02-11T12:00:00.0,12.778149310297557
1214,39,2,2040-02-11T13:00:00.0,12.778149310297557
1215,39,2,2040-02-11T14:00:00.0,12.778149310297557
1216,39,2,2040-02-11T15:00:00.0,12.778149310297557
1217,39,2,2040-02-11T16:00:00.0,12.778149310297557
1218,39,2,2040-02-11T17:00:00.0,12.778149310297557
1219,39,2,2040-02-11T18:00:00.0,12.778149310297557
1220,39,2,2040-02-11T19:00:00.0,12.778149310297557
1221,39,2,2040-02-11T20:00:00.0,12.778149310297557
1222,39,2,2040-02-11T21:00:00.0,12.778149310297557
1223,39,2,2040-02-11T22:00:00.0,12.778149310297557
1224,39,2,2040-02-11T23:00:00.0,12.778149310297557
1225,40,2,2040-02-09T00:00:00.0,0.3023700947341422
1226,40,2,2040-02-09T01:00:00.0,0.3023700947341422
1227,40,2,2040-02-09T02:00:00.0,0.3023700947341422
1228,40,2,2040-02-09T03:00:00.0,0.3023700947341422
1229,40,2,2040-02-09T04:00:00.0,0.3023700947341422
1230,40,2,2040-02-09T05:00:00.0,0.3023700947341422
1231,40,2,2040-02-09T06:00:00.0,0.3023700947341422
1232,40,2,2040-02-09T07:00:00.0,0.3023700947341422
1233,40,2,2040-02-09T08:00:00.0,0.3023700947341422
1234,40,2,2040-02-09T09:00:00.0,0.3023700947341422
1235,40,2,2040-02-09T10:00:00.0,0.3023700947341422
1236,40,2,2040-02-09T11:00:00.0,0.3023700947341422
1237,40,2,2040-02-09T12:00:00.0,0.3023700947341422
1238,40,2,2040-02-09T13:00:00.0,0.3023700947341422
1239,40,2,2040-02-09T14:00:00.0,0.3023700947341422
1240,40,2,2040-02-09T15:00:00.0,0.3023700947341422
1241,40,2,2040-02-09T16:00:00.0,0.3023700947341422
1242,40,2,2040-02-09T17:00:00.0,0.3023700947341422
1243,40,2,2040-02-09T18:00:00.0,0.3023700947341422
1244,40,2,2040-02-09T19:00:00.0,0.3023700947341422
1245,40,2,2040-02-09T20:00:00.0,0.3023700947341422
1246,40,2,2040-02-09T21:00:00.0,0.3023700947341422
1247,40,2,2040-02-09T22:00:00.0,0.3023700947341422
1248,40,2,2040-02-09T23:00:00.0,0.3023700947341422
1249,40,2,2040-02-10T00:00:00.0,0.3023700947341422
1250,40,2,2040-02-10T01:00:00.0,0.3023700947341422
1251,40,2,2040-02-10T02:00:00.0,0.3023700947341422
1252,40,2,2040-02-10T03:00:00.0,0.3023700947341422
1253,40,2,2040-02-10T04:00:00.0,0.3023700947341422
1254,40,2,2040-02-10T05:00:00.0,0.3023700947341422
1255,40,2,2040-02-10T06:00:00.0,0.3023700947341422
1256,40,2,2040-02-10T07:00:00.0,0.3023700947341422
1257,40,2,2040-02-10T08:00:00.0,0.3023700947341422
1258,40,2,2040-02-10T09:00:00.0,0.3023700947341422
1259,40,2,2040-02-10T10:00:00.0,0.3023700947341422
1260,40,2,2040-02-10T11:00:00.0,0.3023700947341422
1261,40,2,2040-02-10T12:00:00.0,0.3023700947341422
1262,40,2,2040-02-10T13:00:00.0,0.3023700947341422
1263,40,2,2040-02-10T14:00:00.0,0.3023700947341422
1264,40,2,2040-02-10T15:00:00.0,0.3023700947341422
1265,40,2,2040-02-10T16:00:00.0,0.3023700947341422
1266,40,2,2040-02-10T17:00:00.0,0.3023700947341422
1267,40,2,2040-02-10T18:00:00.0,0.3023700947341422
1268,40,2,2040-02-10T19:00:00.0,0.3023700947341422
1269,40,2,2040-02-10T20:00:00.0,0.3023700947341422
1270,40,2,2040-02-10T21:00:00.0,0.3023700947341422
1271,40,2,2040-02-10T22:00:00.0,0.3023700947341422
1272,40,2,2040-02-10T23:00:00.0,0.3023700947341422
1273,40,2,2040-02-11T00:00:00.0,0.3023700947341422
1274,40,2,2040-02-11T01:00:00.0,0.3023700947341422
1275,40,2,2040-02-11T02:00:00.0,0.3023700947341422
1276,40,2,2040-02-11T03:00:00.0,0.3023700947341422
1277,40,2,2040-02-11T04:00:00.0,0.3023700947341422
1278,40,2,2040-02-11T05:00:00.0,0.3023700947341422
1279,40,2,2040-02-11T06:00:00.0,0.3023700947341422
1280,40,2,2040-02-11T07:00:00.0,0.3023700947341422
1281,40,2,2040-02-11T08:00:00.0,0.3023700947341422
1282,40,2,2040-02-11T09:00:00.0,0.3023700947341422
1283,40,2,2040-02-11T10:00:00.0,0.3023700947341422
1284,40,2,2040-02-11T11:00:00.0,0.3023700947341422
1285,40,2,2040-02-11T12:00:00.0,0.3023700947341422
1286,40,2,2040-02-11T13:00:00.0,0.3023700947341422
1287,40,2,2040-02-11T14:00:00.0,0.3023700947341422
1288,40,2,2040-02-11T15:00:00.0,0.3023700947341422
1289,40,2,2040-02-11T16:00:00.0,0.3023700947341422
1290,40,2,2040-02-11T17:00:00.0,0.3023700947341422
1291,40,2,2040-02-11T18:00:00.0,0.3023700947341422
1292,40,2,2040-02-11T19:00:00.0,0.3023700947341422
1293,40,2,2040-02-11T20:00:00.0,0.3023700947341422
1294,40,2,2040-02-11T21:00:00.0,0.3023700947341422
1295,40,2,2040-02-11T22:00:00.0,0.3023700947341422
1296,40,2,2040-02-11T23:00:00.0,0.3023700947341422
1297,41,2,2040-02-09T00:00:00.0,2.5925788195155595
1298,41,2,2040-02-09T01:00:00.0,2.5925788195155595
1299,41,2,2040-02-09T02:00:00.0,2.5925788195155595
1300,41,2,2040-02-09T03:00:00.0,2.5925788195155595
1301,41,2,2040-02-09T04:00:00.0,2.5925788195155595
1302,41,2,2040-02-09T05:00:00.0,2.5925788195155595
1303,41,2,2040-02-09T06:00:00.0,2.5925788195155595
1304,41,2,2040-02-09T07:00:00.0,2.5925788195155595
1305,41,2,2040-02-09T08:00:00.0,2.5925788195155595
1306,41,2,2040-02-09T09:00:00.0,2.5925788195155595
1307,41,2,2040-02-09T10:00:00.0,2.5925788195155595
1308,41,2,2040-02-09T11:00:00.0,2.5925788195155595
1309,41,2,2040-02-09T12:00:00.0,2.5925788195155595
1310,41,2,2040-02-09T13:00:00.0,2.5925788195155595
1311,41,2,2040-02-09T14:00:00.0,2.5925788195155595
1312,41,2,2040-02-09T15:00:00.0,2.5925788195155595
1313,41,2,2040-02-09T16:00:00.0,2.5925788195155595
1314,41,2,2040-02-09T17:00:00.0,2.5925788195155595
1315,41,2,2040-02-09T18:00:00.0,2.5925788195155595
1316,41,2,2040-02-09T19:00:00.0,2.5925788195155595
1317,41,2,2040-02-09T20:00:00.0,2.5925788195155595
1318,41,2,2040-02-09T21:00:00.0,2.5925788195155595
1319,41,2,2040-02-09T22:00:00.0,2.5925788195155595
1320,41,2,2040-02-09T23:00:00.0,2.5925788195155595
1321,41,2,2040-02-10T00:00:00.0,2.5925788195155595
1322,41,2,2040-02-10T01:00:00.0,2.5925788195155595
1323,41,2,2040-02-10T02:00:00.0,2.5925788195155595
1324,41,2,2040-02-10T03:00:00.0,2.5925788195155595
1325,41,2,2040-02-10T04:00:00.0,2.5925788195155595
1326,41,2,2040-02-10T05:00:00.0,2.5925788195155595
1327,41,2,2040-02-10T06:00:00.0,2.5925788195155595
1328,41,2,2040-02-10T07:00:00.0,2.5925788195155595
1329,41,2,2040-02-10T08:00:00.0,2.5925788195155595
1330,41,2,2040-02-10T09:00:00.0,2.5925788195155595
1331,41,2,2040-02-10T10:00:00.0,2.5925788195155595
1332,41,2,2040-02-10T11:00:00.0,2.5925788195155595
1333,41,2,2040-02-10T12:00:00.0,2.5925788195155595
1334,41,2,2040-02-10T13:00:00.0,2.5925788195155595
1335,41,2,2040-02-10T14:00:00.0,2.5925788195155595
1336,41,2,2040-02-10T15:00:00.0,2.5925788195155595
1337,41,2,2040-02-10T16:00:00.0,2.5925788195155595
1338,41,2,2040-02-10T17:00:00.0,2.5925788195155595
1339,41,2,2040-02-10T18:00:00.0,2.5925788195155595
1340,41,2,2040-02-10T19:00:00.0,2.5925788195155595
1341,41,2,2040-02-10T20:00:00.0,2.5925788195155595
1342,41,2,2040-02-10T21:00:00.0,2.5925788195155595
1343,41,2,2040-02-10T22:00:00.0,2.5925788195155595
1344,41,2,2040-02-10T23:00:00.0,2.5925788195155595
1345,41,2,2040-02-11T00:00:00.0,2.5925788195155595
1346,41,2,2040-02-11T01:00:00.0,2.5925788195155595
1347,41,2,2040-02-11T02:00:00.0,2.5925788195155595
1348,41,2,2040-02-11T03:00:00.0,2.5925788195155595
1349,41,2,2040-02-11T04:00:00.0,2.5925788195155595
1350,41,2,2040-02-11T05:00:00.0,2.5925788195155595
1351,41,2,2040-02-11T06:00:00.0,2.5925788195155595
1352,41,2,2040-02-11T07:00:00.0,2.5925788195155595
1353,41,2,2040-02-11T08:00:00.0,2.5925788195155595
1354,41,2,2040-02-11T09:00:00.0,2.5925788195155595
1355,41,2,2040-02-11T10:00:00.0,2.5925788195155595
1356,41,2,2040-02-11T11:00:00.0,2.5925788195155595
1357,41,2,2040-02-11T12:00:00.0,2.5925788195155595
1358,41,2,2040-02-11T13:00:00.0,2.5925788195155595
1359,41,2,2040-02-11T14:00:00.0,2.5925788195155595
1360,41,2,2040-02-11T15:00:00.0,2.5925788195155595
1361,41,2,2040-02-11T16:00:00.0,2.5925788195155595
1362,41,2,2040-02-11T17:00:00.0,2.5925788195155595
1363,41,2,2040-02-11T18:00:00.0,2.5925788195155595
1364,41,2,2040-02-11T19:00:00.0,2.5925788195155595
1365,41,2,2040-02-11T20:00:00.0,2.5925788195155595
1366,41,2,2040-02-11T21:00:00.0,2.5925788195155595
1367,41,2,2040-02-11T22:00:00.0,2.5925788195155595
1368,41,2,2040-02-11T23:00:00.0,2.5925788195155595
1369,42,2,2040-02-09T00:00:00.0,0.1852125804163439
1370,42,2,2040-02-09T01:00:00.0,0.1852125804163439
1371,42,2,2040-02-09T02:00:00.0,0.1852125804163439
1372,42,2,2040-02-09T03:00:00.0,0.1852125804163439
1373,42,2,2040-02-09T04:00:00.0,0.1852125804163439
1374,42,2,2040-02-09T05:00:00.0,0.1852125804163439
1375,42,2,2040-02-09T06:00:00.0,0.1852125804163439
1376,42,2,2040-02-09T07:00:00.0,0.1852125804163439
1377,42,2,2040-02-09T08:00:00.0,0.1852125804163439
1378,42,2,2040-02-09T09:00:00.0,0.1852125804163439
1379,42,2,2040-02-09T10:00:00.0,0.1852125804163439
1380,42,2,2040-02-09T11:00:00.0,0.1852125804163439
1381,42,2,2040-02-09T12:00:00.0,0.1852125804163439
1382,42,2,2040-02-09T13:00:00.0,0.1852125804163439
1383,42,2,2040-02-09T14:00:00.0,0.1852125804163439
1384,42,2,2040-02-09T15:00:00.0,0.1852125804163439
1385,42,2,2040-02-09T16:00:00.0,0.1852125804163439
1386,42,2,2040-02-09T17:00:00.0,0.1852125804163439
1387,42,2,2040-02-09T18:00:00.0,0.1852125804163439
1388,42,2,2040-02-09T19:00:00.0,0.1852125804163439
1389,42,2,2040-02-09T20:00:00.0,0.1852125804163439
1390,42,2,2040-02-09T21:00:00.0,0.1852125804163439
1391,42,2,2040-02-09T22:00:00.0,0.1852125804163439
1392,42,2,2040-02-09T23:00:00.0,0.1852125804163439
1393,42,2,2040-02-10T00:00:00.0,0.1852125804163439
1394,42,2,2040-02-10T01:00:00.0,0.1852125804163439
1395,42,2,2040-02-10T02:00:00.0,0.1852125804163439
1396,42,2,2040-02-10T03:00:00.0,0.1852125804163439
1397,42,2,2040-02-10T04:00:00.0,0.1852125804163439
1398,42,2,2040-02-10T05:00:00.0,0.1852125804163439
1399,42,2,2040-02-10T06:00:00.0,0.1852125804163439
1400,42,2,2040-02-10T07:00:00.0,0.1852125804163439
1401,42,2,2040-02-10T08:00:00.0,0.1852125804163439
1402,42,2,2040-02-10T09:00:00.0,0.1852125804163439
1403,42,2,2040-02-10T10:00:00.0,0.1852125804163439
1404,42,2,2040-02-10T11:00:00.0,0.1852125804163439
1405,42,2,2040-02-10T12:00:00.0,0.1852125804163439
1406,42,2,2040-02-10T13:00:00.0,0.1852125804163439
1407,42,2,2040-02-10T14:00:00.0,0.1852125804163439
1408,42,2,2040-02-10T15:00:00.0,0.1852125804163439
1409,42,2,2040-02-10T16:00:00.0,0.1852125804163439
1410,42,2,2040-02-10T17:00:00.0,0.1852125804163439
1411,42,2,2040-02-10T18:00:00.0,0.1852125804163439
1412,42,2,2040-02-10T19:00:00.0,0.1852125804163439
1413,42,2,2040-02-10T20:00:00.0,0.1852125804163439
1414,42,2,2040-02-10T21:00:00.0,0.1852125804163439
1415,42,2,2040-02-10T22:00:00.0,0.1852125804163439
1416,42,2,2040-02-10T23:00:00.0,0.1852125804163439
1417,42,2,2040-02-11T00:00:00.0,0.1852125804163439
1418,42,2,2040-02-11T01:00:00.0,0.1852125804163439
1419,42,2,2040-02-11T02:00:00.0,0.1852125804163439
1420,42,2,2040-02-11T03:00:00.0,0.1852125804163439
1421,42,2,2040-02-11T04:00:00.0,0.1852125804163439
1422,42,2,2040-02-11T05:00:00.0,0.1852125804163439
1423,42,2,2040-02-11T06:00:00.0,0.1852125804163439
1424,42,2,2040-02-11T07:00:00.0,0.1852125804163439
1425,42,2,2040-02-11T08:00:00.0,0.1852125804163439
1426,42,2,2040-02-11T09:00:00.0,0.1852125804163439
1427,42,2,2040-02-11T10:00:00.0,0.1852125804163439
1428,42,2,2040-02-11T11:00:00.0,0.1852125804163439
1429,42,2,2040-02-11T12:00:00.0,0.1852125804163439
1430,42,2,2040-02-11T13:00:00.0,0.1852125804163439
1431,42,2,2040-02-11T14:00:00.0,0.1852125804163439
1432,42,2,2040-02-11T15:00:00.0,0.1852125804163439
1433,42,2,2040-02-11T16:00:00.0,0.1852125804163439
1434,42,2,2040-02-11T17:00:00.0,0.1852125804163439
1435,42,2,2040-02-11T18:00:00.0,0.1852125804163439
1436,42,2,2040-02-11T19:00:00.0,0.1852125804163439
1437,42,2,2040-02-11T20:00:00.0,0.1852125804163439
1438,42,2,2040-02-11T21:00:00.0,0.1852125804163439
1439,42,2,2040-02-11T22:00:00.0,0.1852125804163439
1440,42,2,2040-02-11T23:00:00.0,0.1852125804163439
1441,43,2,2040-02-09T00:00:00.0,15.757475849689007
1442,43,2,2040-02-09T01:00:00.0,15.757475849689007
1443,43,2,2040-02-09T02:00:00.0,15.757475849689007
1444,43,2,2040-02-09T03:00:00.0,15.757475849689007
1445,43,2,2040-02-09T04:00:00.0,15.757475849689007
1446,43,2,2040-02-09T05:00:00.0,15.757475849689007
1447,43,2,2040-02-09T06:00:00.0,15.757475849689007
1448,43,2,2040-02-09T07:00:00.0,15.757475849689007
1449,43,2,2040-02-09T08:00:00.0,15.757475849689007
1450,43,2,2040-02-09T09:00:00.0,15.757475849689007
1451,43,2,2040-02-09T10:00:00.0,15.757475849689007
1452,43,2,2040-02-09T11:00:00.0,15.757475849689007
1453,43,2,2040-02-09T12:00:00.0,15.757475849689007
1454,43,2,2040-02-09T13:00:00.0,15.757475849689007
1455,43,2,2040-02-09T14:00:00.0,15.757475849689007
1456,43,2,2040-02-09T15:00:00.0,15.757475849689007
1457,43,2,2040-02-09T16:00:00.0,15.757475849689007
1458,43,2,2040-02-09T17:00:00.0,15.757475849689007
1459,43,2,2040-02-09T18:00:00.0,15.757475849689007
1460,43,2,2040-02-09T19:00:00.0,15.757475849689007
1461,43,2,2040-02-09T20:00:00.0,15.757475849689007
1462,43,2,2040-02-09T21:00:00.0,15.757475849689007
1463,43,2,2040-02-09T22:00:00.0,15.757475849689007
1464,43,2,2040-02-09T23:00:00.0,15.757475849689007
1465,43,2,2040-02-10T00:00:00.0,15.757475849689007
1466,43,2,2040-02-10T01:00:00.0,15.757475849689007
1467,43,2,2040-02-10T02:00:00.0,15.757475849689007
1468,43,2,2040-02-10T03:00:00.0,15.757475849689007
1469,43,2,2040-02-10T04:00:00.0,15.757475849689007
1470,43,2,2040-02-10T05:00:00.0,15.757475849689007
1471,43,2,2040-02-10T06:00:00.0,15.757475849689007
1472,43,2,2040-02-10T07:00:00.0,15.757475849689007
1473,43,2,2040-02-10T08:00:00.0,15.757475849689007
1474,43,2,2040-02-10T09:00:00.0,15.757475849689007
1475,43,2,2040-02-10T10:00:00.0,15.757475849689007
1476,43,2,2040-02-10T11:00:00.0,15.757475849689007
1477,43,2,2040-02-10T12:00:00.0,15.757475849689007
1478,43,2,2040-02-10T13:00:00.0,15.757475849689007
1479,43,2,2040-02-10T14:00:00.0,15.757475849689007
1480,43,2,2040-02-10T15:00:00.0,15.757475849689007
1481,43,2,2040-02-10T16:00:00.0,15.757475849689007
1482,43,2,2040-02-10T17:00:00.0,15.757475849689007
1483,43,2,2040-02-10T18:00:00.0,15.757475849689007
1484,43,2,2040-02-10T19:00:00.0,15.757475849689007
1485,43,2,2040-02-10T20:00:00.0,15.757475849689007
1486,43,2,2040-02-10T21:00:00.0,15.757475849689007
1487,43,2,2040-02-10T22:00:00.0,15.757475849689007
1488,43,2,2040-02-10T23:00:00.0,15.757475849689007
1489,43,2,2040-02-11T00:00:00.0,15.757475849689007
1490,43,2,2040-02-11T01:00:00.0,15.757475849689007
1491,43,2,2040-02-11T02:00:00.0,15.757475849689007
1492,43,2,2040-02-11T03:00:00.0,15.757475849689007
1493,43,2,2040-02-11T04:00:00.0,15.757475849689007
1494,43,2,2040-02-11T05:00:00.0,15.757475849689007
1495,43,2,2040-02-11T06:00:00.0,15.757475849689007
1496,43,2,2040-02-11T07:00:00.0,15.757475849689007
1497,43,2,2040-02-11T08:00:00.0,15.757475849689007
1498,43,2,2040-02-11T09:00:00.0,15.757475849689007
1499,43,2,2040-02-11T10:00:00.0,15.757475849689007
1500,43,2,2040-02-11T11:00:00.0,15.757475849689007
1501,43,2,2040-02-11T12:00:00.0,15.757475849689007
1502,43,2,2040-02-11T13:00:00.0,15.757475849689007
1503,43,2,2040-02-11T14:00:00.0,15.757475849689007
1504,43,2,2040-02-11T15:00:00.0,15.757475849689007
1505,43,2,2040-02-11T16:00:00.0,15.757475849689007
1506,43,2,2040-02-11T17:00:00.0,15.757475849689007
1507,43,2,2040-02-11T18:00:00.0,15.757475849689007
1508,43,2,2040-02-11T19:00:00.0,15.757475849689007
1509,43,2,2040-02-11T20:00:00.0,15.757475849689007
1510,43,2,2040-02-11T21:00:00.0,15.757475849689007
1511,43,2,2040-02-11T22:00:00.0,15.757475849689007
1512,43,2,2040-02-11T23:00:00.0,15.757475849689007
1513,44,2,2040-02-09T00:00:00.0,39.39368962422252
1514,44,2,2040-02-09T01:00:00.0,39.39368962422252
1515,44,2,2040-02-09T02:00:00.0,39.39368962422252
1516,44,2,2040-02-09T03:00:00.0,39.39368962422252
1517,44,2,2040-02-09T04:00:00.0,39.39368962422252
1518,44,2,2040-02-09T05:00:00.0,39.39368962422252
1519,44,2,2040-02-09T06:00:00.0,39.39368962422252
1520,44,2,2040-02-09T07:00:00.0,39.39368962422252
1521,44,2,2040-02-09T08:00:00.0,39.39368962422252
1522,44,2,2040-02-09T09:00:00.0,39.39368962422252
1523,44,2,2040-02-09T10:00:00.0,39.39368962422252
1524,44,2,2040-02-09T11:00:00.0,39.39368962422252
1525,44,2,2040-02-09T12:00:00.0,39.39368962422252
1526,44,2,2040-02-09T13:00:00.0,39.39368962422252
1527,44,2,2040-02-09T14:00:00.0,39.39368962422252
1528,44,2,2040-02-09T15:00:00.0,39.39368962422252
1529,44,2,2040-02-09T16:00:00.0,39.39368962422252
1530,44,2,2040-02-09T17:00:00.0,39.39368962422252
1531,44,2,2040-02-09T18:00:00.0,39.39368962422252
1532,44,2,2040-02-09T19:00:00.0,39.39368962422252
1533,44,2,2040-02-09T20:00:00.0,39.39368962422252
1534,44,2,2040-02-09T21:00:00.0,39.39368962422252
1535,44,2,2040-02-09T22:00:00.0,39.39368962422252
1536,44,2,2040-02-09T23:00:00.0,39.39368962422252
1537,44,2,2040-02-10T00:00:00.0,39.39368962422252
1538,44,2,2040-02-10T01:00:00.0,39.39368962422252
1539,44,2,2040-02-10T02:00:00.0,39.39368962422252
1540,44,2,2040-02-10T03:00:00.0,39.39368962422252
1541,44,2,2040-02-10T04:00:00.0,39.39368962422252
1542,44,2,2040-02-10T05:00:00.0,39.39368962422252
1543,44,2,2040-02-10T06:00:00.0,39.39368962422252
1544,44,2,2040-02-10T07:00:00.0,39.39368962422252
1545,44,2,2040-02-10T08:00:00.0,39.39368962422252
1546,44,2,2040-02-10T09:00:00.0,39.39368962422252
1547,44,2,2040-02-10T10:00:00.0,39.39368962422252
1548,44,2,2040-02-10T11:00:00.0,39.39368962422252
1549,44,2,2040-02-10T12:00:00.0,39.39368962422252
1550,44,2,2040-02-10T13:00:00.0,39.39368962422252
1551,44,2,2040-02-10T14:00:00.0,39.39368962422252
1552,44,2,2040-02-10T15:00:00.0,39.39368962422252
1553,44,2,2040-02-10T16:00:00.0,39.39368962422252
1554,44,2,2040-02-10T17:00:00.0,39.39368962422252
1555,44,2,2040-02-10T18:00:00.0,39.39368962422252
1556,44,2,2040-02-10T19:00:00.0,39.39368962422252
1557,44,2,2040-02-10T20:00:00.0,39.39368962422252
1558,44,2,2040-02-10T21:00:00.0,39.39368962422252
1559,44,2,2040-02-10T22:00:00.0,39.39368962422252
1560,44,2,2040-02-10T23:00:00.0,39.39368962422252
1561,44,2,2040-02-11T00:00:00.0,39.39368962422252
1562,44,2,2040-02-11T01:00:00.0,39.39368962422252
1563,44,2,2040-02-11T02:00:00.0,39.39368962422252
1564,44,2,2040-02-11T03:00:00.0,39.39368962422252
1565,44,2,2040-02-11T04:00:00.0,39.39368962422252
1566,44,2,2040-02-11T05:00:00.0,39.39368962422252
1567,44,2,2040-02-11T06:00:00.0,39.39368962422252
1568,44,2,2040-02-11T07:00:00.0,39.39368962422252
1569,44,2,2040-02-11T08:00:00.0,39.39368962422252
1570,44,2,2040-02-11T09:00:00.0,39.39368962422252
1571,44,2,2040-02-11T10:00:00.0,39.39368962422252
1572,44,2,2040-02-11T11:00:00.0,39.39368962422252
1573,44,2,2040-02-11T12:00:00.0,39.39368962422252
1574,44,2,2040-02-11T13:00:00.0,39.39368962422252
1575,44,2,2040-02-11T14:00:00.0,39.39368962422252
1576,44,2,2040-02-11T15:00:00.0,39.39368962422252
1577,44,2,2040-02-11T16:00:00.0,39.39368962422252
1578,44,2,2040-02-11T17:00:00.0,39.39368962422252
1579,44,2,2040-02-11T18:00:00.0,39.39368962422252
1580,44,2,2040-02-11T19:00:00.0,39.39368962422252
1581,44,2,2040-02-11T20:00:00.0,39.39368962422252
1582,44,2,2040-02-11T21:00:00.0,39.39368962422252
1583,44,2,2040-02-11T22:00:00.0,39.39368962422252
1584,44,2,2040-02-11T23:00:00.0,39.39368962422252
1585,45,2,2040-02-09T00:00:00.0,19.719366219595
1586,45,2,2040-02-09T01:00:00.0,19.719366219595
1587,45,2,2040-02-09T02:00:00.0,19.719366219595
1588,45,2,2040-02-09T03:00:00.0,19.719366219595
1589,45,2,2040-02-09T04:00:00.0,19.719366219595
1590,45,2,2040-02-09T05:00:00.0,19.719366219595
1591,45,2,2040-02-09T06:00:00.0,19.719366219595
1592,45,2,2040-02-09T07:00:00.0,19.719366219595
1593,45,2,2040-02-09T08:00:00.0,19.719366219595
1594,45,2,2040-02-09T09:00:00.0,19.719366219595
1595,45,2,2040-02-09T10:00:00.0,19.719366219595
1596,45,2,2040-02-09T11:00:00.0,19.719366219595
1597,45,2,2040-02-09T12:00:00.0,19.719366219595
1598,45,2,2040-02-09T13:00:00.0,19.719366219595
1599,45,2,2040-02-09T14:00:00.0,19.719366219595
1600,45,2,2040-02-09T15:00:00.0,19.719366219595
1601,45,2,2040-02-09T16:00:00.0,19.719366219595
1602,45,2,2040-02-09T17:00:00.0,19.719366219595
1603,45,2,2040-02-09T18:00:00.0,19.719366219595
1604,45,2,2040-02-09T19:00:00.0,19.719366219595
1605,45,2,2040-02-09T20:00:00.0,19.719366219595
1606,45,2,2040-02-09T21:00:00.0,19.719366219595
1607,45,2,2040-02-09T22:00:00.0,19.719366219595
1608,45,2,2040-02-09T23:00:00.0,19.719366219595
1609,45,2,2040-02-10T00:00:00.0,19.719366219595
1610,45,2,2040-02-10T01:00:00.0,19.719366219595
1611,45,2,2040-02-10T02:00:00.0,19.719366219595
1612,45,2,2040-02-10T03:00:00.0,19.719366219595
1613,45,2,2040-02-10T04:00:00.0,19.719366219595
1614,45,2,2040-02-10T05:00:00.0,19.719366219595
1615,45,2,2040-02-10T06:00:00.0,19.719366219595
1616,45,2,2040-02-10T07:00:00.0,19.719366219595
1617,45,2,2040-02-10T08:00:00.0,19.719366219595
1618,45,2,2040-02-10T09:00:00.0,19.719366219595
1619,45,2,2040-02-10T10:00:00.0,19.719366219595
1620,45,2,2040-02-10T11:00:00.0,19.719366219595
1621,45,2,2040-02-10T12:00:00.0,19.719366219595
1622,45,2,2040-02-10T13:00:00.0,19.719366219595
1623,45,2,2040-02-10T14:00:00.0,19.719366219595
1624,45,2,2040-02-10T15:00:00.0,19.719366219595
1625,45,2,2040-02-10T16:00:00.0,19.719366219595
1626,45,2,2040-02-10T17:00:00.0,19.719366219595
1627,45,2,2040-02-10T18:00:00.0,19.719366219595
1628,45,2,2040-02-10T19:00:00.0,19.719366219595
1629,45,2,2040-02-10T20:00:00.0,19.719366219595
1630,45,2,2040-02-10T21:00:00.0,19.719366219595
1631,45,2,2040-02-10T22:00:00.0,19.719366219595
1632,45,2,2040-02-10T23:00:00.0,19.719366219595
1633,45,2,2040-02-11T00:00:00.0,19.719366219595
1634,45,2,2040-02-11T01:00:00.0,19.719366219595
1635,45,2,2040-02-11T02:00:00.0,19.719366219595
1636,45,2,2040-02-11T03:00:00.0,19.719366219595
1637,45,2,2040-02-11T04:00:00.0,19.719366219595
1638,45,2,2040-02-11T05:00:00.0,19.719366219595
1639,45,2,2040-02-11T06:00:00.0,19.719366219595
1640,45,2,2040-02-11T07:00:00.0,19.719366219595
1641,45,2,2040-02-11T08:00:00.0,19.719366219595
1642,45,2,2040-02-11T09:00:00.0,19.719366219595
1643,45,2,2040-02-11T10:00:00.0,19.719366219595
1644,45,2,2040-02-11T11:00:00.0,19.719366219595
1645,45,2,2040-02-11T12:00:00.0,19.719366219595
1646,45,2,2040-02-11T13:00:00.0,19.719366219595
1647,45,2,2040-02-11T14:00:00.0,19.719366219595
1648,45,2,2040-02-11T15:00:00.0,19.719366219595
1649,45,2,2040-02-11T16:00:00.0,19.719366219595
1650,45,2,2040-02-11T17:00:00.0,19.719366219595
1651,45,2,2040-02-11T18:00:00.0,19.719366219595
1652,45,2,2040-02-11T19:00:00.0,19.719366219595
1653,45,2,2040-02-11T20:00:00.0,19.719366219595
1654,45,2,2040-02-11T21:00:00.0,19.719366219595
1655,45,2,2040-02-11T22:00:00.0,19.719366219595
1656,45,2,2040-02-11T23:00:00.0,19.719366219595
1657,46,2,2040-02-09T00:00:00.0,3.7509651005757023
1658,46,2,2040-02-09T01:00:00.0,3.7509651005757023
1659,46,2,2040-02-09T02:00:00.0,3.7509651005757023
1660,46,2,2040-02-09T03:00:00.0,3.7509651005757023
1661,46,2,2040-02-09T04:00:00.0,3.7509651005757023
1662,46,2,2040-02-09T05:00:00.0,3.7509651005757023
1663,46,2,2040-02-09T06:00:00.0,3.7509651005757023
1664,46,2,2040-02-09T07:00:00.0,3.7509651005757023
1665,46,2,2040-02-09T08:00:00.0,3.7509651005757023
1666,46,2,2040-02-09T09:00:00.0,3.7509651005757023
1667,46,2,2040-02-09T10:00:00.0,3.7509651005757023
1668,46,2,2040-02-09T11:00:00.0,3.7509651005757023
1669,46,2,2040-02-09T12:00:00.0,3.7509651005757023
1670,46,2,2040-02-09T13:00:00.0,3.7509651005757023
1671,46,2,2040-02-09T14:00:00.0,3.7509651005757023
1672,46,2,2040-02-09T15:00:00.0,3.7509651005757023
1673,46,2,2040-02-09T16:00:00.0,3.7509651005757023
1674,46,2,2040-02-09T17:00:00.0,3.7509651005757023
1675,46,2,2040-02-09T18:00:00.0,3.7509651005757023
1676,46,2,2040-02-09T19:00:00.0,3.7509651005757023
1677,46,2,2040-02-09T20:00:00.0,3.7509651005757023
1678,46,2,2040-02-09T21:00:00.0,3.7509651005757023
1679,46,2,2040-02-09T22:00:00.0,3.7509651005757023
1680,46,2,2040-02-09T23:00:00.0,3.7509651005757023
1681,46,2,2040-02-10T00:00:00.0,3.7509651005757023
1682,46,2,2040-02-10T01:00:00.0,3.7509651005757023
1683,46,2,2040-02-10T02:00:00.0,3.7509651005757023
1684,46,2,2040-02-10T03:00:00.0,3.7509651005757023
1685,46,2,2040-02-10T04:00:00.0,3.7509651005757023
1686,46,2,2040-02-10T05:00:00.0,3.7509651005757023
1687,46,2,2040-02-10T06:00:00.0,3.7509651005757023
1688,46,2,2040-02-10T07:00:00.0,3.7509651005757023
1689,46,2,2040-02-10T08:00:00.0,3.7509651005757023
1690,46,2,2040-02-10T09:00:00.0,3.7509651005757023
1691,46,2,2040-02-10T10:00:00.0,3.7509651005757023
1692,46,2,2040-02-10T11:00:00.0,3.7509651005757023
1693,46,2,2040-02-10T12:00:00.0,3.7509651005757023
1694,46,2,2040-02-10T13:00:00.0,3.7509651005757023
1695,46,2,2040-02-10T14:00:00.0,3.7509651005757023
1696,46,2,2040-02-10T15:00:00.0,3.7509651005757023
1697,46,2,2040-02-10T16:00:00.0,3.7509651005757023
1698,46,2,2040-02-10T17:00:00.0,3.7509651005757023
1699,46,2,2040-02-10T18:00:00.0,3.7509651005757023
1700,46,2,2040-02-10T19:00:00.0,3.7509651005757023
1701,46,2,2040-02-10T20:00:00.0,3.7509651005757023
1702,46,2,2040-02-10T21:00:00.0,3.7509651005757023
1703,46,2,2040-02-10T22:00:00.0,3.7509651005757023
1704,46,2,2040-02-10T23:00:00.0,3.7509651005757023
1705,46,2,2040-02-11T00:00:00.0,3.7509651005757023
1706,46,2,2040-02-11T01:00:00.0,3.7509651005757023
1707,46,2,2040-02-11T02:00:00.0,3.7509651005757023
1708,46,2,2040-02-11T03:00:00.0,3.7509651005757023
1709,46,2,2040-02-11T04:00:00.0,3.7509651005757023
1710,46,2,2040-02-11T05:00:00.0,3.7509651005757023
1711,46,2,2040-02-11T06:00:00.0,3.7509651005757023
1712,46,2,2040-02-11T07:00:00.0,3.7509651005757023
1713,46,2,2040-02-11T08:00:00.0,3.7509651005757023
1714,46,2,2040-02-11T09:00:00.0,3.7509651005757023
1715,46,2,2040-02-11T10:00:00.0,3.7509651005757023
1716,46,2,2040-02-11T11:00:00.0,3.7509651005757023
1717,46,2,2040-02-11T12:00:00.0,3.7509651005757023
1718,46,2,2040-02-11T13:00:00.0,3.7509651005757023
1719,46,2,2040-02-11T14:00:00.0,3.7509651005757023
1720,46,2,2040-02-11T15:00:00.0,3.7509651005757023
1721,46,2,2040-02-11T16:00:00.0,3.7509651005757023
1722,46,2,2040-02-11T17:00:00.0,3.7509651005757023
1723,46,2,2040-02-11T18:00:00.0,3.7509651005757023
1724,46,2,2040-02-11T19:00:00.0,3.7509651005757023
1725,46,2,2040-02-11T20:00:00.0,3.7509651005757023
1726,46,2,2040-02-11T21:00:00.0,3.7509651005757023
1727,46,2,2040-02-11T22:00:00.0,3.7509651005757023
1728,46,2,2040-02-11T23:00:00.0,3.7509651005757023
1729,47,2,2040-02-09T00:00:00.0,0.4255998110866921
1730,47,2,2040-02-09T01:00:00.0,0.4255998110866921
1731,47,2,2040-02-09T02:00:00.0,0.4255998110866921
1732,47,2,2040-02-09T03:00:00.0,0.4255998110866921
1733,47,2,2040-02-09T04:00:00.0,0.4255998110866921
1734,47,2,2040-02-09T05:00:00.0,0.4255998110866921
1735,47,2,2040-02-09T06:00:00.0,0.4255998110866921
1736,47,2,2040-02-09T07:00:00.0,0.4255998110866921
1737,47,2,2040-02-09T08:00:00.0,0.4255998110866921
1738,47,2,2040-02-09T09:00:00.0,0.4255998110866921
1739,47,2,2040-02-09T10:00:00.0,0.4255998110866921
1740,47,2,2040-02-09T11:00:00.0,0.4255998110866921
1741,47,2,2040-02-09T12:00:00.0,0.4255998110866921
1742,47,2,2040-02-09T13:00:00.0,0.4255998110866921
1743,47,2,2040-02-09T14:00:00.0,0.4255998110866921
1744,47,2,2040-02-09T15:00:00.0,0.4255998110866921
1745,47,2,2040-02-09T16:00:00.0,0.4255998110866921
1746,47,2,2040-02-09T17:00:00.0,0.4255998110866921
1747,47,2,2040-02-09T18:00:00.0,0.4255998110866921
1748,47,2,2040-02-09T19:00:00.0,0.4255998110866921
1749,47,2,2040-02-09T20:00:00.0,0.4255998110866921
1750,47,2,2040-02-09T21:00:00.0,0.4255998110866921
1751,47,2,2040-02-09T22:00:00.0,0.4255998110866921
1752,47,2,2040-02-09T23:00:00.0,0.4255998110866921
1753,47,2,2040-02-10T00:00:00.0,0.4255998110866921
1754,47,2,2040-02-10T01:00:00.0,0.4255998110866921
1755,47,2,2040-02-10T02:00:00.0,0.4255998110866921
1756,47,2,2040-02-10T03:00:00.0,0.4255998110866921
1757,47,2,2040-02-10T04:00:00.0,0.4255998110866921
1758,47,2,2040-02-10T05:00:00.0,0.4255998110866921
1759,47,2,2040-02-10T06:00:00.0,0.4255998110866921
1760,47,2,2040-02-10T07:00:00.0,0.4255998110866921
1761,47,2,2040-02-10T08:00:00.0,0.4255998110866921
1762,47,2,2040-02-10T09:00:00.0,0.4255998110866921
1763,47,2,2040-02-10T10:00:00.0,0.4255998110866921
1764,47,2,2040-02-10T11:00:00.0,0.4255998110866921
1765,47,2,2040-02-10T12:00:00.0,0.4255998110866921
1766,47,2,2040-02-10T13:00:00.0,0.4255998110866921
1767,47,2,2040-02-10T14:00:00.0,0.4255998110866921
1768,47,2,2040-02-10T15:00:00.0,0.4255998110866921
1769,47,2,2040-02-10T16:00:00.0,0.4255998110866921
1770,47,2,2040-02-10T17:00:00.0,0.4255998110866921
1771,47,2,2040-02-10T18:00:00.0,0.4255998110866921
1772,47,2,2040-02-10T19:00:00.0,0.4255998110866921
1773,47,2,2040-02-10T20:00:00.0,0.4255998110866921
1774,47,2,2040-02-10T21:00:00.0,0.4255998110866921
1775,47,2,2040-02-10T22:00:00.0,0.4255998110866921
1776,47,2,2040-02-10T23:00:00.0,0.4255998110866921
1777,47,2,2040-02-11T00:00:00.0,0.4255998110866921
1778,47,2,2040-02-11T01:00:00.0,0.4255998110866921
1779,47,2,2040-02-11T02:00:00.0,0.4255998110866921
1780,47,2,2040-02-11T03:00:00.0,0.4255998110866921
1781,47,2,2040-02-11T04:00:00.0,0.4255998110866921
1782,47,2,2040-02-11T05:00:00.0,0.4255998110866921
1783,47,2,2040-02-11T06:00:00.0,0.4255998110866921
1784,47,2,2040-02-11T07:00:00.0,0.4255998110866921
1785,47,2,2040-02-11T08:00:00.0,0.4255998110866921
1786,47,2,2040-02-11T09:00:00.0,0.4255998110866921
1787,47,2,2040-02-11T10:00:00.0,0.4255998110866921
1788,47,2,2040-02-11T11:00:00.0,0.4255998110866921
1789,47,2,2040-02-11T12:00:00.0,0.4255998110866921
1790,47,2,2040-02-11T13:00:00.0,0.4255998110866921
1791,47,2,2040-02-11T14:00:00.0,0.4255998110866921
1792,47,2,2040-02-11T15:00:00.0,0.4255998110866921
1793,47,2,2040-02-11T16:00:00.0,0.4255998110866921
1794,47,2,2040-02-11T17:00:00.0,0.4255998110866921
1795,47,2,2040-02-11T18:00:00.0,0.4255998110866921
1796,47,2,2040-02-11T19:00:00.0,0.4255998110866921
1797,47,2,2040-02-11T20:00:00.0,0.4255998110866921
1798,47,2,2040-02-11T21:00:00.0,0.4255998110866921
1799,47,2,2040-02-11T22:00:00.0,0.4255998110866921
1800,47,2,2040-02-11T23:00:00.0,0.4255998110866921
1801,48,2,2040-02-09T00:00:00.0,9.169505292111674
1802,48,2,2040-02-09T01:00:00.0,9.169505292111674
1803,48,2,2040-02-09T02:00:00.0,9.169505292111674
1804,48,2,2040-02-09T03:00:00.0,9.169505292111674
1805,48,2,2040-02-09T04:00:00.0,9.169505292111674
1806,48,2,2040-02-09T05:00:00.0,9.169505292111674
1807,48,2,2040-02-09T06:00:00.0,9.169505292111674
1808,48,2,2040-02-09T07:00:00.0,9.169505292111674
1809,48,2,2040-02-09T08:00:00.0,9.169505292111674
1810,48,2,2040-02-09T09:00:00.0,9.169505292111674
1811,48,2,2040-02-09T10:00:00.0,9.169505292111674
1812,48,2,2040-02-09T11:00:00.0,9.169505292111674
1813,48,2,2040-02-09T12:00:00.0,9.169505292111674
1814,48,2,2040-02-09T13:00:00.0,9.169505292111674
1815,48,2,2040-02-09T14:00:00.0,9.169505292111674
1816,48,2,2040-02-09T15:00:00.0,9.169505292111674
1817,48,2,2040-02-09T16:00:00.0,9.169505292111674
1818,48,2,2040-02-09T17:00:00.0,9.169505292111674
1819,48,2,2040-02-09T18:00:00.0,9.169505292111674
1820,48,2,2040-02-09T19:00:00.0,9.169505292111674
1821,48,2,2040-02-09T20:00:00.0,9.169505292111674
1822,48,2,2040-02-09T21:00:00.0,9.169505292111674
1823,48,2,2040-02-09T22:00:00.0,9.169505292111674
1824,48,2,2040-02-09T23:00:00.0,9.169505292111674
1825,48,2,2040-02-10T00:00:00.0,9.169505292111674
1826,48,2,2040-02-10T01:00:00.0,9.169505292111674
1827,48,2,2040-02-10T02:00:00.0,9.169505292111674
1828,48,2,2040-02-10T03:00:00.0,9.169505292111674
1829,48,2,2040-02-10T04:00:00.0,9.169505292111674
1830,48,2,2040-02-10T05:00:00.0,9.169505292111674
1831,48,2,2040-02-10T06:00:00.0,9.169505292111674
1832,48,2,2040-02-10T07:00:00.0,9.169505292111674
1833,48,2,2040-02-10T08:00:00.0,9.169505292111674
1834,48,2,2040-02-10T09:00:00.0,9.169505292111674
1835,48,2,2040-02-10T10:00:00.0,9.169505292111674
1836,48,2,2040-02-10T11:00:00.0,9.169505292111674
1837,48,2,2040-02-10T12:00:00.0,9.169505292111674
1838,48,2,2040-02-10T13:00:00.0,9.169505292111674
1839,48,2,2040-02-10T14:00:00.0,9.169505292111674
1840,48,2,2040-02-10T15:00:00.0,9.169505292111674
1841,48,2,2040-02-10T16:00:00.0,9.169505292111674
1842,48,2,2040-02-10T17:00:00.0,9.169505292111674
1843,48,2,2040-02-10T18:00:00.0,9.169505292111674
1844,48,2,2040-02-10T19:00:00.0,9.169505292111674
1845,48,2,2040-02-10T20:00:00.0,9.169505292111674
1846,48,2,2040-02-10T21:00:00.0,9.169505292111674
1847,48,2,2040-02-10T22:00:00.0,9.169505292111674
1848,48,2,2040-02-10T23:00:00.0,9.169505292111674
1849,48,2,2040-02-11T00:00:00.0,9.169505292111674
1850,48,2,2040-02-11T01:00:00.0,9.169505292111674
1851,48,2,2040-02-11T02:00:00.0,9.169505292111674
1852,48,2,2040-02-11T03:00:00.0,9.169505292111674
1853,48,2,2040-02-11T04:00:00.0,9.169505292111674
1854,48,2,2040-02-11T05:00:00.0,9.169505292111674
1855,48,2,2040-02-11T06:00:00.0,9.169505292111674
1856,48,2,2040-02-11T07:00:00.0,9.169505292111674
1857,48,2,2040-02-11T08:00:00.0,9.169505292111674
1858,48,2,2040-02-11T09:00:00.0,9.169505292111674
1859,48,2,2040-02-11T10:00:00.0,9.169505292111674
1860,48,2,2040-02-11T11:00:00.0,9.169505292111674
1861,48,2,2040-02-11T12:00:00.0,9.169505292111674
1862,48,2,2040-02-11T13:00:00.0,9.169505292111674
1863,48,2,2040-02-11T14:00:00.0,9.169505292111674
1864,48,2,2040-02-11T15:00:00.0,9.169505292111674
1865,48,2,2040-02-11T16:00:00.0,9.169505292111674
1866,48,2,2040-02-11T17:00:00.0,9.169505292111674
1867,48,2,2040-02-11T18:00:00.0,9.169505292111674
1868,48,2,2040-02-11T19:00:00.0,9.169505292111674
1869,48,2,2040-02-11T20:00:00.0,9.169505292111674
1870,48,2,2040-02-11T21:00:00.0,9.169505292111674
1871,48,2,2040-02-11T22:00:00.0,9.169505292111674
1872,48,2,2040-02-11T23:00:00.0,9.169505292111674
1873,49,2,2040-02-09T00:00:00.0,2.686677424979828
1874,49,2,2040-02-09T01:00:00.0,2.686677424979828
1875,49,2,2040-02-09T02:00:00.0,2.686677424979828
1876,49,2,2040-02-09T03:00:00.0,2.686677424979828
1877,49,2,2040-02-09T04:00:00.0,2.686677424979828
1878,49,2,2040-02-09T05:00:00.0,2.686677424979828
1879,49,2,2040-02-09T06:00:00.0,2.686677424979828
1880,49,2,2040-02-09T07:00:00.0,2.686677424979828
1881,49,2,2040-02-09T08:00:00.0,2.686677424979828
1882,49,2,2040-02-09T09:00:00.0,2.686677424979828
1883,49,2,2040-02-09T10:00:00.0,2.686677424979828
1884,49,2,2040-02-09T11:00:00.0,2.686677424979828
1885,49,2,2040-02-09T12:00:00.0,2.686677424979828
1886,49,2,2040-02-09T13:00:00.0,2.686677424979828
1887,49,2,2040-02-09T14:00:00.0,2.686677424979828
1888,49,2,2040-02-09T15:00:00.0,2.686677424979828
1889,49,2,2040-02-09T16:00:00.0,2.686677424979828
1890,49,2,2040-02-09T17:00:00.0,2.686677424979828
1891,49,2,2040-02-09T18:00:00.0,2.686677424979828
1892,49,2,2040-02-09T19:00:00.0,2.686677424979828
1893,49,2,2040-02-09T20:00:00.0,2.686677424979828
1894,49,2,2040-02-09T21:00:00.0,2.686677424979828
1895,49,2,2040-02-09T22:00:00.0,2.686677424979828
1896,49,2,2040-02-09T23:00:00.0,2.686677424979828
1897,49,2,2040-02-10T00:00:00.0,2.686677424979828
1898,49,2,2040-02-10T01:00:00.0,2.686677424979828
1899,49,2,2040-02-10T02:00:00.0,2.686677424979828
1900,49,2,2040-02-10T03:00:00.0,2.686677424979828
1901,49,2,2040-02-10T04:00:00.0,2.686677424979828
1902,49,2,2040-02-10T05:00:00.0,2.686677424979828
1903,49,2,2040-02-10T06:00:00.0,2.686677424979828
1904,49,2,2040-02-10T07:00:00.0,2.686677424979828
1905,49,2,2040-02-10T08:00:00.0,2.686677424979828
1906,49,2,2040-02-10T09:00:00.0,2.686677424979828
1907,49,2,2040-02-10T10:00:00.0,2.686677424979828
1908,49,2,2040-02-10T11:00:00.0,2.686677424979828
1909,49,2,2040-02-10T12:00:00.0,2.686677424979828
1910,49,2,2040-02-10T13:00:00.0,2.686677424979828
1911,49,2,2040-02-10T14:00:00.0,2.686677424979828
1912,49,2,2040-02-10T15:00:00.0,2.686677424979828
1913,49,2,2040-02-10T16:00:00.0,2.686677424979828
1914,49,2,2040-02-10T17:00:00.0,2.686677424979828
1915,49,2,2040-02-10T18:00:00.0,2.686677424979828
1916,49,2,2040-02-10T19:00:00.0,2.686677424979828
1917,49,2,2040-02-10T20:00:00.0,2.686677424979828
1918,49,2,2040-02-10T21:00:00.0,2.686677424979828
1919,49,2,2040-02-10T22:00:00.0,2.686677424979828
1920,49,2,2040-02-10T23:00:00.0,2.686677424979828
1921,49,2,2040-02-11T00:00:00.0,2.686677424979828
1922,49,2,2040-02-11T01:00:00.0,2.686677424979828
1923,49,2,2040-02-11T02:00:00.0,2.686677424979828
1924,49,2,2040-02-11T03:00:00.0,2.686677424979828
1925,49,2,2040-02-11T04:00:00.0,2.686677424979828
1926,49,2,2040-02-11T05:00:00.0,2.686677424979828
1927,49,2,2040-02-11T06:00:00.0,2.686677424979828
1928,49,2,2040-02-11T07:00:00.0,2.686677424979828
1929,49,2,2040-02-11T08:00:00.0,2.686677424979828
1930,49,2,2040-02-11T09:00:00.0,2.686677424979828
1931,49,2,2040-02-11T10:00:00.0,2.686677424979828
1932,49,2,2040-02-11T11:00:00.0,2.686677424979828
1933,49,2,2040-02-11T12:00:00.0,2.686677424979828
1934,49,2,2040-02-11T13:00:00.0,2.686677424979828
1935,49,2,2040-02-11T14:00:00.0,2.686677424979828
1936,49,2,2040-02-11T15:00:00.0,2.686677424979828
1937,49,2,2040-02-11T16:00:00.0,2.686677424979828
1938,49,2,2040-02-11T17:00:00.0,2.686677424979828
1939,49,2,2040-02-11T18:00:00.0,2.686677424979828
1940,49,2,2040-02-11T19:00:00.0,2.686677424979828
1941,49,2,2040-02-11T20:00:00.0,2.686677424979828
1942,49,2,2040-02-11T21:00:00.0,2.686677424979828
1943,49,2,2040-02-11T22:00:00.0,2.686677424979828
1944,49,2,2040-02-11T23:00:00.0,2.686677424979828
1945,50,2,2040-02-09T00:00:00.0,1.355195389067068
1946,50,2,2040-02-09T01:00:00.0,1.355195389067068
1947,50,2,2040-02-09T02:00:00.0,1.355195389067068
1948,50,2,2040-02-09T03:00:00.0,1.355195389067068
1949,50,2,2040-02-09T04:00:00.0,1.355195389067068
1950,50,2,2040-02-09T05:00:00.0,1.355195389067068
1951,50,2,2040-02-09T06:00:00.0,1.355195389067068
1952,50,2,2040-02-09T07:00:00.0,1.355195389067068
1953,50,2,2040-02-09T08:00:00.0,1.355195389067068
1954,50,2,2040-02-09T09:00:00.0,1.355195389067068
1955,50,2,2040-02-09T10:00:00.0,1.355195389067068
1956,50,2,2040-02-09T11:00:00.0,1.355195389067068
1957,50,2,2040-02-09T12:00:00.0,1.355195389067068
1958,50,2,2040-02-09T13:00:00.0,1.355195389067068
1959,50,2,2040-02-09T14:00:00.0,1.355195389067068
1960,50,2,2040-02-09T15:00:00.0,1.355195389067068
1961,50,2,2040-02-09T16:00:00.0,1.355195389067068
1962,50,2,2040-02-09T17:00:00.0,1.355195389067068
1963,50,2,2040-02-09T18:00:00.0,1.355195389067068
1964,50,2,2040-02-09T19:00:00.0,1.355195389067068
1965,50,2,2040-02-09T20:00:00.0,1.355195389067068
1966,50,2,2040-02-09T21:00:00.0,1.355195389067068
1967,50,2,2040-02-09T22:00:00.0,1.355195389067068
1968,50,2,2040-02-09T23:00:00.0,1.355195389067068
1969,50,2,2040-02-10T00:00:00.0,1.355195389067068
1970,50,2,2040-02-10T01:00:00.0,1.355195389067068
1971,50,2,2040-02-10T02:00:00.0,1.355195389067068
1972,50,2,2040-02-10T03:00:00.0,1.355195389067068
1973,50,2,2040-02-10T04:00:00.0,1.355195389067068
1974,50,2,2040-02-10T05:00:00.0,1.355195389067068
1975,50,2,2040-02-10T06:00:00.0,1.355195389067068
1976,50,2,2040-02-10T07:00:00.0,1.355195389067068
1977,50,2,2040-02-10T08:00:00.0,1.355195389067068
1978,50,2,2040-02-10T09:00:00.0,1.355195389067068
1979,50,2,2040-02-10T10:00:00.0,1.355195389067068
1980,50,2,2040-02-10T11:00:00.0,1.355195389067068
1981,50,2,2040-02-10T12:00:00.0,1.355195389067068
1982,50,2,2040-02-10T13:00:00.0,1.355195389067068
1983,50,2,2040-02-10T14:00:00.0,1.355195389067068
1984,50,2,2040-02-10T15:00:00.0,1.355195389067068
1985,50,2,2040-02-10T16:00:00.0,1.355195389067068
1986,50,2,2040-02-10T17:00:00.0,1.355195389067068
1987,50,2,2040-02-10T18:00:00.0,1.355195389067068
1988,50,2,2040-02-10T19:00:00.0,1.355195389067068
1989,50,2,2040-02-10T20:00:00.0,1.355195389067068
1990,50,2,2040-02-10T21:00:00.0,1.355195389067068
1991,50,2,2040-02-10T22:00:00.0,1.355195389067068
1992,50,2,2040-02-10T23:00:00.0,1.355195389067068
1993,50,2,2040-02-11T00:00:00.0,1.355195389067068
1994,50,2,2040-02-11T01:00:00.0,1.355195389067068
1995,50,2,2040-02-11T02:00:00.0,1.355195389067068
1996,50,2,2040-02-11T03:00:00.0,1.355195389067068
1997,50,2,2040-02-11T04:00:00.0,1.355195389067068
1998,50,2,2040-02-11T05:00:00.0,1.355195389067068
1999,50,2,2040-02-11T06:00:00.0,1.355195389067068
2000,50,2,2040-02-11T07:00:00.0,1.355195389067068
2001,50,2,2040-02-11T08:00:00.0,1.355195389067068
2002,50,2,2040-02-11T09:00:00.0,1.355195389067068
2003,50,2,2040-02-11T10:00:00.0,1.355195389067068
2004,50,2,2040-02-11T11:00:00.0,1.355195389067068
2005,50,2,2040-02-11T12:00:00.0,1.355195389067068
2006,50,2,2040-02-11T13:00:00.0,1.355195389067068
2007,50,2,2040-02-11T14:00:00.0,1.355195389067068
2008,50,2,2040-02-11T15:00:00.0,1.355195389067068
2009,50,2,2040-02-11T16:00:00.0,1.355195389067068
2010,50,2,2040-02-11T17:00:00.0,1.355195389067068
2011,50,2,2040-02-11T18:00:00.0,1.355195389067068
2012,50,2,2040-02-11T19:00:00.0,1.355195389067068
2013,50,2,2040-02-11T20:00:00.0,1.355195389067068
2014,50,2,2040-02-11T21:00:00.0,1.355195389067068
2015,50,2,2040-02-11T22:00:00.0,1.355195389067068
2016,50,2,2040-02-11T23:00:00.0,1.355195389067068
2017,51,2,2040-02-09T00:00:00.0,12.771848846590036
2018,51,2,2040-02-09T01:00:00.0,12.771848846590036
2019,51,2,2040-02-09T02:00:00.0,12.771848846590036
2020,51,2,2040-02-09T03:00:00.0,12.771848846590036
2021,51,2,2040-02-09T04:00:00.0,12.771848846590036
2022,51,2,2040-02-09T05:00:00.0,12.771848846590036
2023,51,2,2040-02-09T06:00:00.0,12.771848846590036
2024,51,2,2040-02-09T07:00:00.0,12.771848846590036
2025,51,2,2040-02-09T08:00:00.0,12.771848846590036
2026,51,2,2040-02-09T09:00:00.0,12.771848846590036
2027,51,2,2040-02-09T10:00:00.0,12.771848846590036
2028,51,2,2040-02-09T11:00:00.0,12.771848846590036
2029,51,2,2040-02-09T12:00:00.0,12.771848846590036
2030,51,2,2040-02-09T13:00:00.0,12.771848846590036
2031,51,2,2040-02-09T14:00:00.0,12.771848846590036
2032,51,2,2040-02-09T15:00:00.0,12.771848846590036
2033,51,2,2040-02-09T16:00:00.0,12.771848846590036
2034,51,2,2040-02-09T17:00:00.0,12.771848846590036
2035,51,2,2040-02-09T18:00:00.0,12.771848846590036
2036,51,2,2040-02-09T19:00:00.0,12.771848846590036
2037,51,2,2040-02-09T20:00:00.0,12.771848846590036
2038,51,2,2040-02-09T21:00:00.0,12.771848846590036
2039,51,2,2040-02-09T22:00:00.0,12.771848846590036
2040,51,2,2040-02-09T23:00:00.0,12.771848846590036
2041,51,2,2040-02-10T00:00:00.0,12.771848846590036
2042,51,2,2040-02-10T01:00:00.0,12.771848846590036
2043,51,2,2040-02-10T02:00:00.0,12.771848846590036
2044,51,2,2040-02-10T03:00:00.0,12.771848846590036
2045,51,2,2040-02-10T04:00:00.0,12.771848846590036
2046,51,2,2040-02-10T05:00:00.0,12.771848846590036
2047,51,2,2040-02-10T06:00:00.0,12.771848846590036
2048,51,2,2040-02-10T07:00:00.0,12.771848846590036
2049,51,2,2040-02-10T08:00:00.0,12.771848846590036
2050,51,2,2040-02-10T09:00:00.0,12.771848846590036
2051,51,2,2040-02-10T10:00:00.0,12.771848846590036
2052,51,2,2040-02-10T11:00:00.0,12.771848846590036
2053,51,2,2040-02-10T12:00:00.0,12.771848846590036
2054,51,2,2040-02-10T13:00:00.0,12.771848846590036
2055,51,2,2040-02-10T14:00:00.0,12.771848846590036
2056,51,2,2040-02-10T15:00:00.0,12.771848846590036
2057,51,2,2040-02-10T16:00:00.0,12.771848846590036
2058,51,2,2040-02-10T17:00:00.0,12.771848846590036
2059,51,2,2040-02-10T18:00:00.0,12.771848846590036
2060,51,2,2040-02-10T19:00:00.0,12.771848846590036
2061,51,2,2040-02-10T20:00:00.0,12.771848846590036
2062,51,2,2040-02-10T21:00:00.0,12.771848846590036
2063,51,2,2040-02-10T22:00:00.0,12.771848846590036
2064,51,2,2040-02-10T23:00:00.0,12.771848846590036
2065,51,2,2040-02-11T00:00:00.0,12.771848846590036
2066,51,2,2040-02-11T01:00:00.0,12.771848846590036
2067,51,2,2040-02-11T02:00:00.0,12.771848846590036
2068,51,2,2040-02-11T03:00:00.0,12.771848846590036
2069,51,2,2040-02-11T04:00:00.0,12.771848846590036
2070,51,2,2040-02-11T05:00:00.0,12.771848846590036
2071,51,2,2040-02-11T06:00:00.0,12.771848846590036
2072,51,2,2040-02-11T07:00:00.0,12.771848846590036
2073,51,2,2040-02-11T08:00:00.0,12.771848846590036
2074,51,2,2040-02-11T09:00:00.0,12.771848846590036
2075,51,2,2040-02-11T10:00:00.0,12.771848846590036
2076,51,2,2040-02-11T11:00:00.0,12.771848846590036
2077,51,2,2040-02-11T12:00:00.0,12.771848846590036
2078,51,2,2040-02-11T13:00:00.0,12.771848846590036
2079,51,2,2040-02-11T14:00:00.0,12.771848846590036
2080,51,2,2040-02-11T15:00:00.0,12.771848846590036
2081,51,2,2040-02-11T16:00:00.0,12.771848846590036
2082,51,2,2040-02-11T17:00:00.0,12.771848846590036
2083,51,2,2040-02-11T18:00:00.0,12.771848846590036
2084,51,2,2040-02-11T19:00:00.0,12.771848846590036
2085,51,2,2040-02-11T20:00:00.0,12.771848846590036
2086,51,2,2040-02-11T21:00:00.0,12.771848846590036
2087,51,2,2040-02-11T22:00:00.0,12.771848846590036
2088,51,2,2040-02-11T23:00:00.0,12.771848846590036
2089,52,2,2040-02-09T00:00:00.0,1.934501349315394
2090,52,2,2040-02-09T01:00:00.0,1.934501349315394
2091,52,2,2040-02-09T02:00:00.0,1.934501349315394
2092,52,2,2040-02-09T03:00:00.0,1.934501349315394
2093,52,2,2040-02-09T04:00:00.0,1.934501349315394
2094,52,2,2040-02-09T05:00:00.0,1.934501349315394
2095,52,2,2040-02-09T06:00:00.0,1.934501349315394
2096,52,2,2040-02-09T07:00:00.0,1.934501349315394
2097,52,2,2040-02-09T08:00:00.0,1.934501349315394
2098,52,2,2040-02-09T09:00:00.0,1.934501349315394
2099,52,2,2040-02-09T10:00:00.0,1.934501349315394
2100,52,2,2040-02-09T11:00:00.0,1.934501349315394
2101,52,2,2040-02-09T12:00:00.0,1.934501349315394
2102,52,2,2040-02-09T13:00:00.0,1.934501349315394
2103,52,2,2040-02-09T14:00:00.0,1.934501349315394
2104,52,2,2040-02-09T15:00:00.0,1.934501349315394
2105,52,2,2040-02-09T16:00:00.0,1.934501349315394
2106,52,2,2040-02-09T17:00:00.0,1.934501349315394
2107,52,2,2040-02-09T18:00:00.0,1.934501349315394
2108,52,2,2040-02-09T19:00:00.0,1.934501349315394
2109,52,2,2040-02-09T20:00:00.0,1.934501349315394
2110,52,2,2040-02-09T21:00:00.0,1.934501349315394
2111,52,2,2040-02-09T22:00:00.0,1.934501349315394
2112,52,2,2040-02-09T23:00:00.0,1.934501349315394
2113,52,2,2040-02-10T00:00:00.0,1.934501349315394
2114,52,2,2040-02-10T01:00:00.0,1.934501349315394
2115,52,2,2040-02-10T02:00:00.0,1.934501349315394
2116,52,2,2040-02-10T03:00:00.0,1.934501349315394
2117,52,2,2040-02-10T04:00:00.0,1.934501349315394
2118,52,2,2040-02-10T05:00:00.0,1.934501349315394
2119,52,2,2040-02-10T06:00:00.0,1.934501349315394
2120,52,2,2040-02-10T07:00:00.0,1.934501349315394
2121,52,2,2040-02-10T08:00:00.0,1.934501349315394
2122,52,2,2040-02-10T09:00:00.0,1.934501349315394
2123,52,2,2040-02-10T10:00:00.0,1.934501349315394
2124,52,2,2040-02-10T11:00:00.0,1.934501349315394
2125,52,2,2040-02-10T12:00:00.0,1.934501349315394
2126,52,2,2040-02-10T13:00:00.0,1.934501349315394
2127,52,2,2040-02-10T14:00:00.0,1.934501349315394
2128,52,2,2040-02-10T15:00:00.0,1.934501349315394
2129,52,2,2040-02-10T16:00:00.0,1.934501349315394
2130,52,2,2040-02-10T17:00:00.0,1.934501349315394
2131,52,2,2040-02-10T18:00:00.0,1.934501349315394
2132,52,2,2040-02-10T19:00:00.0,1.934501349315394
2133,52,2,2040-02-10T20:00:00.0,1.934501349315394
2134,52,2,2040-02-10T21:00:00.0,1.934501349315394
2135,52,2,2040-02-10T22:00:00.0,1.934501349315394
2136,52,2,2040-02-10T23:00:00.0,1.934501349315394
2137,52,2,2040-02-11T00:00:00.0,1.934501349315394
2138,52,2,2040-02-11T01:00:00.0,1.934501349315394
2139,52,2,2040-02-11T02:00:00.0,1.934501349315394
2140,52,2,2040-02-11T03:00:00.0,1.934501349315394
2141,52,2,2040-02-11T04:00:00.0,1.934501349315394
2142,52,2,2040-02-11T05:00:00.0,1.934501349315394
2143,52,2,2040-02-11T06:00:00.0,1.934501349315394
2144,52,2,2040-02-11T07:00:00.0,1.934501349315394
2145,52,2,2040-02-11T08:00:00.0,1.934501349315394
2146,52,2,2040-02-11T09:00:00.0,1.934501349315394
2147,52,2,2040-02-11T10:00:00.0,1.934501349315394
2148,52,2,2040-02-11T11:00:00.0,1.934501349315394
2149,52,2,2040-02-11T12:00:00.0,1.934501349315394
2150,52,2,2040-02-11T13:00:00.0,1.934501349315394
2151,52,2,2040-02-11T14:00:00.0,1.934501349315394
2152,52,2,2040-02-11T15:00:00.0,1.934501349315394
2153,52,2,2040-02-11T16:00:00.0,1.934501349315394
2154,52,2,2040-02-11T17:00:00.0,1.934501349315394
2155,52,2,2040-02-11T18:00:00.0,1.934501349315394
2156,52,2,2040-02-11T19:00:00.0,1.934501349315394
2157,52,2,2040-02-11T20:00:00.0,1.934501349315394
2158,52,2,2040-02-11T21:00:00.0,1.934501349315394
2159,52,2,2040-02-11T22:00:00.0,1.934501349315394
2160,52,2,2040-02-11T23:00:00.0,1.934501349315394
